-- ============================================================
-- kaigo-app seed data
-- ============================================================

-- Clear existing data
TRUNCATE TABLE
  kaigo_shifts,
  kaigo_billing_details,
  kaigo_billing_records,
  kaigo_service_records,
  kaigo_care_plan_services,
  kaigo_care_plans,
  kaigo_family_contacts,
  kaigo_health_records,
  kaigo_medical_history,
  kaigo_adl_records,
  kaigo_care_certifications,
  kaigo_medical_insurance,
  kaigo_users,
  kaigo_staff
CASCADE;

-- ============================================================
-- STAFF (5名)
-- ============================================================
INSERT INTO kaigo_staff (id, name, name_kana, role, qualifications, email, phone, employment_type, hire_date, status) VALUES
  ('a0000000-0000-0000-0000-000000000001', '田中 美咲', 'タナカ ミサキ', 'ケアマネージャー', '介護支援専門員, 介護福祉士', 'tanaka@example.com', '090-1234-5678', '常勤', '2018-04-01', 'active'),
  ('a0000000-0000-0000-0000-000000000002', '佐藤 健太', 'サトウ ケンタ', 'ケアマネージャー', '介護支援専門員, 社会福祉士', 'sato@example.com', '090-2345-6789', '常勤', '2015-10-01', 'active'),
  ('a0000000-0000-0000-0000-000000000003', '山本 花子', 'ヤマモト ハナコ', '介護福祉士', '介護福祉士, 認知症ケア専門士', 'yamamoto@example.com', '090-3456-7890', '常勤', '2020-04-01', 'active'),
  ('a0000000-0000-0000-0000-000000000004', '鈴木 大輔', 'スズキ ダイスケ', '介護福祉士', '介護福祉士', 'suzuki@example.com', '090-4567-8901', '非常勤', '2022-07-01', 'active'),
  ('a0000000-0000-0000-0000-000000000005', '伊藤 由美', 'イトウ ユミ', '看護師', '看護師, 介護支援専門員', 'ito@example.com', '090-5678-9012', '非常勤', '2019-01-15', 'active');

-- ============================================================
-- USERS / 利用者 (10名)
-- ============================================================
INSERT INTO kaigo_users (id, name, name_kana, gender, birth_date, blood_type, postal_code, address, phone, mobile_phone, emergency_contact_name, emergency_contact_phone, admission_date, status, notes) VALUES
  ('b0000000-0000-0000-0000-000000000001', '木村 義雄', 'キムラ ヨシオ', '男', '1948-03-15', 'A', '630-8301', '奈良県奈良市春日野町2-3-1', '0742-22-1001', NULL, '木村 太郎', '090-6001-1001', '2024-04-01', 'active', '右片麻痺あり。車椅子使用。'),
  ('b0000000-0000-0000-0000-000000000002', '中村 和子', 'ナカムラ カズコ', '女', '1934-07-22', 'B', '630-8302', '奈良県奈良市高畑町5-1-2', '0742-22-1002', NULL, '中村 明', '090-6002-1002', '2024-06-15', 'active', 'アルツハイマー型認知症。徘徊に注意。'),
  ('b0000000-0000-0000-0000-000000000003', '小林 正男', 'コバヤシ マサオ', '男', '1940-11-03', 'O', '630-8303', '奈良県奈良市西大寺町1-8-3', '0742-22-1003', '080-1111-2222', '小林 恵子', '090-6003-1003', '2024-08-01', 'active', '糖尿病あり。食事管理必要。'),
  ('b0000000-0000-0000-0000-000000000004', '渡辺 ハル', 'ワタナベ ハル', '女', '1931-02-14', 'AB', '630-8304', '奈良県奈良市三条町4-5-6', '0742-22-1004', NULL, '渡辺 誠', '090-6004-1004', '2024-03-10', 'active', '骨粗鬆症。転倒リスク高。'),
  ('b0000000-0000-0000-0000-000000000005', '加藤 勝', 'カトウ マサル', '男', '1945-09-08', 'A', '630-8305', '奈良県奈良市大宮町3-2-1', '0742-22-1005', NULL, '加藤 美穂', '090-6005-1005', '2024-10-01', 'active', 'パーキンソン病。歩行不安定。'),
  ('b0000000-0000-0000-0000-000000000006', '高橋 きよ', 'タカハシ キヨ', '女', '1938-06-30', 'O', '630-8306', '奈良県奈良市法蓮町7-9-2', '0742-22-1006', NULL, '高橋 健一', '090-6006-1006', '2025-01-15', 'active', '慢性心不全。安静時の息切れあり。'),
  ('b0000000-0000-0000-0000-000000000007', '伊藤 信夫', 'イトウ ノブオ', '男', '1950-12-25', 'B', '630-8307', '奈良県奈良市芝辻町8-4-3', '0742-22-1007', '080-3333-4444', '伊藤 久美子', '090-6007-1007', '2025-02-01', 'active', '軽度認知障害。見守り必要。'),
  ('b0000000-0000-0000-0000-000000000008', '山田 トシ子', 'ヤマダ トシコ', '女', '1943-04-18', 'A', '630-8308', '奈良県奈良市佐保台2-6-1', '0742-22-1008', NULL, '山田 正人', '090-6008-1008', '2025-03-01', 'active', '関節リウマチ。手指の変形あり。'),
  ('b0000000-0000-0000-0000-000000000009', '松本 清', 'マツモト キヨシ', '男', '1947-08-05', 'O', '630-8309', '奈良県奈良市押熊町1-3-5', '0742-22-1009', NULL, '松本 洋子', '090-6009-1009', '2025-04-01', 'active', '高血圧。降圧薬服用中。'),
  ('b0000000-0000-0000-0000-000000000010', '斎藤 文子', 'サイトウ フミコ', '女', '1952-01-10', 'AB', '630-8310', '奈良県奈良市登美ヶ丘5-7-2', '0742-22-1010', NULL, '斎藤 一郎', '090-6010-1010', '2025-05-15', 'active', '変形性膝関節症。歩行時痛みあり。');

-- ============================================================
-- 介護認定 (10件)
-- ============================================================
INSERT INTO kaigo_care_certifications (id, user_id, certification_number, care_level, start_date, end_date, certification_date, insurer_number, insured_number, support_limit_amount, status) VALUES
  (gen_random_uuid(), 'b0000000-0000-0000-0000-000000000001', '29001-00001', '要介護3', '2024-04-01', '2026-03-31', '2024-03-15', '290001', '0000000001', 270480, 'active'),
  (gen_random_uuid(), 'b0000000-0000-0000-0000-000000000002', '29001-00002', '要介護4', '2024-06-01', '2026-05-31', '2024-05-20', '290001', '0000000002', 309380, 'active'),
  (gen_random_uuid(), 'b0000000-0000-0000-0000-000000000003', '29001-00003', '要介護2', '2024-08-01', '2026-07-31', '2024-07-15', '290001', '0000000003', 197050, 'active'),
  (gen_random_uuid(), 'b0000000-0000-0000-0000-000000000004', '29001-00004', '要介護5', '2024-03-01', '2026-02-28', '2024-02-10', '290001', '0000000004', 362170, 'active'),
  (gen_random_uuid(), 'b0000000-0000-0000-0000-000000000005', '29001-00005', '要介護2', '2024-10-01', '2026-09-30', '2024-09-15', '290001', '0000000005', 197050, 'active'),
  (gen_random_uuid(), 'b0000000-0000-0000-0000-000000000006', '29001-00006', '要介護3', '2025-01-01', '2026-12-31', '2024-12-20', '290001', '0000000006', 270480, 'active'),
  (gen_random_uuid(), 'b0000000-0000-0000-0000-000000000007', '29001-00007', '要支援2', '2025-02-01', '2027-01-31', '2025-01-15', '290001', '0000000007', 105310, 'active'),
  (gen_random_uuid(), 'b0000000-0000-0000-0000-000000000008', '29001-00008', '要介護1', '2025-03-01', '2027-02-28', '2025-02-10', '290001', '0000000008', 167650, 'active'),
  (gen_random_uuid(), 'b0000000-0000-0000-0000-000000000009', '29001-00009', '要支援1', '2025-04-01', '2027-03-31', '2025-03-15', '290001', '0000000009', 50320, 'active'),
  (gen_random_uuid(), 'b0000000-0000-0000-0000-000000000010', '29001-00010', '要介護1', '2025-05-01', '2027-04-30', '2025-04-20', '290001', '0000000010', 167650, 'active');

-- ============================================================
-- ADL記録 (10件 - Barthel Index)
-- ============================================================
INSERT INTO kaigo_adl_records (id, user_id, assessment_date, eating, transfer, grooming, toilet, bathing, mobility, stairs, dressing, bowel, bladder, total_score, assessor_name, notes) VALUES
  (gen_random_uuid(), 'b0000000-0000-0000-0000-000000000001', '2026-03-01', 5, 5, 0, 5, 0, 5, 0, 5, 5, 5, 40, '田中 美咲', '右片麻痺により移動・入浴に介助必要'),
  (gen_random_uuid(), 'b0000000-0000-0000-0000-000000000002', '2026-03-01', 5, 5, 0, 0, 0, 5, 0, 0, 0, 0, 15, '田中 美咲', '認知症により多くの場面で介助必要'),
  (gen_random_uuid(), 'b0000000-0000-0000-0000-000000000003', '2026-03-01', 10, 10, 5, 5, 0, 10, 5, 5, 5, 5, 60, '佐藤 健太', '糖尿病による体力低下あるが概ね自立'),
  (gen_random_uuid(), 'b0000000-0000-0000-0000-000000000004', '2026-03-01', 0, 0, 0, 0, 0, 0, 0, 0, 0, 5, 5, '佐藤 健太', 'ほぼ全介助。寝たきり状態。'),
  (gen_random_uuid(), 'b0000000-0000-0000-0000-000000000005', '2026-03-01', 10, 5, 5, 5, 0, 5, 0, 5, 10, 5, 50, '田中 美咲', 'パーキンソン病により歩行・入浴に介助'),
  (gen_random_uuid(), 'b0000000-0000-0000-0000-000000000006', '2026-03-01', 5, 5, 5, 5, 0, 5, 0, 5, 5, 5, 45, '佐藤 健太', '心不全のため動作時の息切れあり'),
  (gen_random_uuid(), 'b0000000-0000-0000-0000-000000000007', '2026-03-01', 10, 15, 5, 10, 5, 15, 10, 10, 10, 10, 100, '田中 美咲', '軽度認知障害あるがADLはほぼ自立'),
  (gen_random_uuid(), 'b0000000-0000-0000-0000-000000000008', '2026-03-01', 10, 10, 5, 10, 0, 10, 5, 5, 10, 10, 75, '佐藤 健太', '手指変形により更衣・入浴に一部介助'),
  (gen_random_uuid(), 'b0000000-0000-0000-0000-000000000009', '2026-03-01', 10, 15, 5, 10, 5, 15, 10, 10, 10, 10, 100, '田中 美咲', 'ADL自立。血圧管理のみ。'),
  (gen_random_uuid(), 'b0000000-0000-0000-0000-000000000010', '2026-03-01', 10, 10, 5, 10, 5, 10, 5, 10, 10, 10, 85, '佐藤 健太', '膝痛により階段・長距離歩行に支障');

-- ============================================================
-- 既往歴 (14件)
-- ============================================================
INSERT INTO kaigo_medical_history (id, user_id, disease_name, onset_date, status, hospital, doctor, notes) VALUES
  (gen_random_uuid(), 'b0000000-0000-0000-0000-000000000001', '脳梗塞後遺症', '2020-06-15', '経過観察', '奈良県立医大附属病院', '山田医師', '右片麻痺残存'),
  (gen_random_uuid(), 'b0000000-0000-0000-0000-000000000001', '高血圧', '2015-01-01', '治療中', '奈良市内科クリニック', '田村医師', '降圧薬服用中'),
  (gen_random_uuid(), 'b0000000-0000-0000-0000-000000000002', 'アルツハイマー型認知症', '2022-03-01', '治療中', '奈良県認知症センター', '佐々木医師', 'ドネペジル服用中'),
  (gen_random_uuid(), 'b0000000-0000-0000-0000-000000000002', '骨粗鬆症', '2018-05-01', '治療中', '奈良整形外科', '高木医師', NULL),
  (gen_random_uuid(), 'b0000000-0000-0000-0000-000000000003', '2型糖尿病', '2010-01-01', '治療中', '奈良市内科クリニック', '田村医師', 'インスリン注射中。HbA1c 7.2'),
  (gen_random_uuid(), 'b0000000-0000-0000-0000-000000000004', '脳出血後遺症', '2019-11-01', '経過観察', '奈良県立医大附属病院', '山田医師', '四肢麻痺。寝たきり。'),
  (gen_random_uuid(), 'b0000000-0000-0000-0000-000000000004', '誤嚥性肺炎', '2025-01-15', '完治', '奈良県立医大附属病院', '山田医師', '入院治療後回復'),
  (gen_random_uuid(), 'b0000000-0000-0000-0000-000000000005', 'パーキンソン病', '2021-08-01', '治療中', '奈良神経内科', '中島医師', 'レボドパ服用中'),
  (gen_random_uuid(), 'b0000000-0000-0000-0000-000000000006', '慢性心不全', '2019-04-01', '治療中', '奈良循環器病院', '吉田医師', 'NYHA II度'),
  (gen_random_uuid(), 'b0000000-0000-0000-0000-000000000006', '高血圧', '2010-01-01', '治療中', '奈良循環器病院', '吉田医師', NULL),
  (gen_random_uuid(), 'b0000000-0000-0000-0000-000000000007', '軽度認知障害', '2024-06-01', '経過観察', '奈良県認知症センター', '佐々木医師', '半年ごとの検査フォロー'),
  (gen_random_uuid(), 'b0000000-0000-0000-0000-000000000008', '関節リウマチ', '2016-01-01', '治療中', '奈良整形外科', '高木医師', 'メトトレキサート服用中'),
  (gen_random_uuid(), 'b0000000-0000-0000-0000-000000000009', '高血圧', '2012-01-01', '治療中', '奈良市内科クリニック', '田村医師', 'アムロジピン服用中'),
  (gen_random_uuid(), 'b0000000-0000-0000-0000-000000000010', '変形性膝関節症', '2020-01-01', '治療中', '奈良整形外科', '高木医師', '左膝。ヒアルロン酸注射定期的に実施');

-- ============================================================
-- 健康管理記録 (20件 - 各利用者2件)
-- ============================================================
INSERT INTO kaigo_health_records (id, user_id, record_date, temperature, blood_pressure_sys, blood_pressure_dia, pulse, weight, height, spo2, notes, recorder_name) VALUES
  (gen_random_uuid(), 'b0000000-0000-0000-0000-000000000001', '2026-03-15', 36.2, 142, 82, 72, 62.5, 168.0, 97, NULL, '山本 花子'),
  (gen_random_uuid(), 'b0000000-0000-0000-0000-000000000001', '2026-04-01', 36.4, 138, 78, 70, 62.3, 168.0, 98, NULL, '山本 花子'),
  (gen_random_uuid(), 'b0000000-0000-0000-0000-000000000002', '2026-03-15', 36.0, 128, 72, 68, 45.2, 148.0, 98, '穏やかに過ごされていた', '鈴木 大輔'),
  (gen_random_uuid(), 'b0000000-0000-0000-0000-000000000002', '2026-04-01', 36.3, 132, 74, 70, 45.0, 148.0, 97, NULL, '鈴木 大輔'),
  (gen_random_uuid(), 'b0000000-0000-0000-0000-000000000003', '2026-03-15', 36.5, 148, 88, 78, 72.0, 165.0, 97, '血糖値やや高め', '伊藤 由美'),
  (gen_random_uuid(), 'b0000000-0000-0000-0000-000000000003', '2026-04-01', 36.3, 145, 85, 76, 71.8, 165.0, 98, NULL, '伊藤 由美'),
  (gen_random_uuid(), 'b0000000-0000-0000-0000-000000000004', '2026-03-15', 36.8, 118, 68, 80, 40.5, 155.0, 95, '経管栄養', '伊藤 由美'),
  (gen_random_uuid(), 'b0000000-0000-0000-0000-000000000004', '2026-04-01', 37.0, 122, 70, 82, 40.2, 155.0, 95, '微熱あり。経過観察。', '伊藤 由美'),
  (gen_random_uuid(), 'b0000000-0000-0000-0000-000000000005', '2026-03-15', 36.4, 136, 80, 66, 58.0, 162.0, 97, '振戦軽度', '山本 花子'),
  (gen_random_uuid(), 'b0000000-0000-0000-0000-000000000005', '2026-04-01', 36.2, 134, 78, 68, 57.8, 162.0, 98, NULL, '山本 花子'),
  (gen_random_uuid(), 'b0000000-0000-0000-0000-000000000006', '2026-03-15', 36.1, 152, 88, 82, 55.0, 152.0, 96, '安静時息切れなし', '伊藤 由美'),
  (gen_random_uuid(), 'b0000000-0000-0000-0000-000000000006', '2026-04-01', 36.3, 148, 84, 80, 54.8, 152.0, 96, NULL, '伊藤 由美'),
  (gen_random_uuid(), 'b0000000-0000-0000-0000-000000000007', '2026-03-15', 36.4, 130, 76, 64, 65.0, 170.0, 98, NULL, '鈴木 大輔'),
  (gen_random_uuid(), 'b0000000-0000-0000-0000-000000000007', '2026-04-01', 36.2, 128, 74, 62, 65.2, 170.0, 99, NULL, '鈴木 大輔'),
  (gen_random_uuid(), 'b0000000-0000-0000-0000-000000000008', '2026-03-15', 36.6, 126, 72, 70, 50.5, 156.0, 98, '手指の腫脹軽度', '山本 花子'),
  (gen_random_uuid(), 'b0000000-0000-0000-0000-000000000008', '2026-04-01', 36.4, 124, 70, 68, 50.3, 156.0, 98, NULL, '山本 花子'),
  (gen_random_uuid(), 'b0000000-0000-0000-0000-000000000009', '2026-03-15', 36.3, 140, 82, 66, 68.0, 172.0, 98, '血圧高め', '伊藤 由美'),
  (gen_random_uuid(), 'b0000000-0000-0000-0000-000000000009', '2026-04-01', 36.2, 136, 78, 64, 67.8, 172.0, 99, NULL, '伊藤 由美'),
  (gen_random_uuid(), 'b0000000-0000-0000-0000-000000000010', '2026-03-15', 36.5, 132, 78, 72, 58.0, 158.0, 98, '膝痛訴えあり', '鈴木 大輔'),
  (gen_random_uuid(), 'b0000000-0000-0000-0000-000000000010', '2026-04-01', 36.3, 130, 76, 70, 57.8, 158.0, 98, NULL, '鈴木 大輔');

-- ============================================================
-- 親族・関係者 (14件)
-- ============================================================
INSERT INTO kaigo_family_contacts (id, user_id, name, relationship, phone, address, is_key_person, notes) VALUES
  (gen_random_uuid(), 'b0000000-0000-0000-0000-000000000001', '木村 太郎', '長男', '090-6001-1001', '奈良県奈良市西大寺町3-1-1', true, '月2回面会'),
  (gen_random_uuid(), 'b0000000-0000-0000-0000-000000000001', '木村 洋子', '長男の妻', '090-6001-1002', '奈良県奈良市西大寺町3-1-1', false, NULL),
  (gen_random_uuid(), 'b0000000-0000-0000-0000-000000000002', '中村 明', '長男', '090-6002-1002', '大阪府大阪市中央区1-1-1', true, '月1回面会。電話連絡中心。'),
  (gen_random_uuid(), 'b0000000-0000-0000-0000-000000000003', '小林 恵子', '配偶者', '090-6003-1003', '奈良県奈良市西大寺町1-8-3', true, '同居。自身も高齢。'),
  (gen_random_uuid(), 'b0000000-0000-0000-0000-000000000004', '渡辺 誠', '長男', '090-6004-1004', '奈良県大和郡山市2-5-1', true, '週1回面会'),
  (gen_random_uuid(), 'b0000000-0000-0000-0000-000000000004', '渡辺 真理', '長女', '090-6004-2004', '京都府京都市伏見区1-2-3', false, '月1回面会'),
  (gen_random_uuid(), 'b0000000-0000-0000-0000-000000000005', '加藤 美穂', '配偶者', '090-6005-1005', '奈良県奈良市大宮町3-2-1', true, '同居。主介護者。'),
  (gen_random_uuid(), 'b0000000-0000-0000-0000-000000000006', '高橋 健一', '長男', '090-6006-1006', '奈良県奈良市学園前1-1-1', true, '近居。週2回訪問。'),
  (gen_random_uuid(), 'b0000000-0000-0000-0000-000000000007', '伊藤 久美子', '配偶者', '090-6007-1007', '奈良県奈良市芝辻町8-4-3', true, '同居。'),
  (gen_random_uuid(), 'b0000000-0000-0000-0000-000000000008', '山田 正人', '長男', '090-6008-1008', '奈良県奈良市あやめ池1-2-3', true, '月2回面会'),
  (gen_random_uuid(), 'b0000000-0000-0000-0000-000000000009', '松本 洋子', '配偶者', '090-6009-1009', '奈良県奈良市押熊町1-3-5', true, '同居。'),
  (gen_random_uuid(), 'b0000000-0000-0000-0000-000000000010', '斎藤 一郎', '配偶者', '090-6010-1010', '奈良県奈良市登美ヶ丘5-7-2', true, '同居。車の運転可能。'),
  (gen_random_uuid(), 'b0000000-0000-0000-0000-000000000010', '斎藤 由紀', '長女', '090-6010-2010', '大阪府堺市北区1-3-5', false, '月1回面会');

-- ============================================================
-- ケアプラン (6件)
-- ============================================================
INSERT INTO kaigo_care_plans (id, user_id, plan_number, plan_type, start_date, end_date, long_term_goals, short_term_goals, status, created_by) VALUES
  ('c0000000-0000-0000-0000-000000000001', 'b0000000-0000-0000-0000-000000000001', 1, '居宅サービス計画', '2024-04-01', '2025-03-31', '車椅子での自立した生活を維持し、残存機能を活かした日常生活を送る', '右上肢の機能維持・向上を図り、食事動作の自立を継続する', 'active', 'a0000000-0000-0000-0000-000000000001'),
  ('c0000000-0000-0000-0000-000000000002', 'b0000000-0000-0000-0000-000000000002', 1, '居宅サービス計画', '2024-06-15', '2025-06-14', '認知症の進行を緩やかにし、安全に在宅生活を継続する', '日中の活動量を増やし、生活リズムを整える', 'active', 'a0000000-0000-0000-0000-000000000001'),
  ('c0000000-0000-0000-0000-000000000003', 'b0000000-0000-0000-0000-000000000003', 1, '居宅サービス計画', '2024-08-01', '2025-07-31', '血糖コントロールを維持し、合併症を予防しながら自立した生活を送る', '食事療法の継続と定期的な運動習慣を身につける', 'active', 'a0000000-0000-0000-0000-000000000002'),
  ('c0000000-0000-0000-0000-000000000005', 'b0000000-0000-0000-0000-000000000005', 1, '居宅サービス計画', '2024-10-01', '2025-09-30', 'パーキンソン病の症状管理を行い、転倒を予防しながら在宅生活を継続する', '歩行訓練を継続し、屋内移動の安全性を高める', 'active', 'a0000000-0000-0000-0000-000000000001'),
  ('c0000000-0000-0000-0000-000000000006', 'b0000000-0000-0000-0000-000000000006', 1, '居宅サービス計画', '2025-01-15', '2026-01-14', '心不全の悪化を防ぎ、活動と休息のバランスを保ちながら生活する', '服薬管理と体重測定の習慣化、適度な活動量の維持', 'active', 'a0000000-0000-0000-0000-000000000002'),
  ('c0000000-0000-0000-0000-000000000008', 'b0000000-0000-0000-0000-000000000008', 1, '居宅サービス計画', '2025-03-01', NULL, '関節リウマチの痛みを管理し、日常生活動作を維持する', '手指の可動域を維持し、更衣動作の自立を継続する', 'draft', 'a0000000-0000-0000-0000-000000000002');

-- ============================================================
-- ケアプランサービス内容 (16件)
-- ============================================================
INSERT INTO kaigo_care_plan_services (id, care_plan_id, service_type, service_content, frequency, provider, notes) VALUES
  (gen_random_uuid(), 'c0000000-0000-0000-0000-000000000001', '訪問介護', '身体介護（入浴・排泄・移動介助）', '週3回', '奈良訪問介護ステーション', NULL),
  (gen_random_uuid(), 'c0000000-0000-0000-0000-000000000001', '通所リハビリテーション', '機能訓練（右上肢リハビリ、歩行訓練）', '週2回', '奈良リハビリセンター', NULL),
  (gen_random_uuid(), 'c0000000-0000-0000-0000-000000000001', '福祉用具貸与', '車椅子、特殊寝台、手すり', '常時', '奈良福祉用具サービス', NULL),
  (gen_random_uuid(), 'c0000000-0000-0000-0000-000000000002', '通所介護', '日中活動支援、入浴、食事', '週3回', '奈良デイサービスセンター', '見守り体制の強化'),
  (gen_random_uuid(), 'c0000000-0000-0000-0000-000000000002', '訪問介護', '生活援助（調理・掃除・洗濯）', '週2回', '奈良訪問介護ステーション', NULL),
  (gen_random_uuid(), 'c0000000-0000-0000-0000-000000000002', '訪問看護', '服薬管理、健康状態の観察', '週1回', '奈良訪問看護ステーション', NULL),
  (gen_random_uuid(), 'c0000000-0000-0000-0000-000000000003', '訪問看護', '血糖値測定、インスリン指導、足のケア', '週2回', '奈良訪問看護ステーション', NULL),
  (gen_random_uuid(), 'c0000000-0000-0000-0000-000000000003', '通所介護', '運動プログラム、栄養指導', '週2回', '奈良デイサービスセンター', NULL),
  (gen_random_uuid(), 'c0000000-0000-0000-0000-000000000005', '訪問リハビリテーション', '歩行訓練、バランス訓練、日常生活動作訓練', '週2回', '奈良リハビリセンター', NULL),
  (gen_random_uuid(), 'c0000000-0000-0000-0000-000000000005', '訪問介護', '身体介護（入浴介助、更衣介助）', '週2回', '奈良訪問介護ステーション', NULL),
  (gen_random_uuid(), 'c0000000-0000-0000-0000-000000000005', '通所介護', '集団体操、入浴、食事', '週1回', '奈良デイサービスセンター', NULL),
  (gen_random_uuid(), 'c0000000-0000-0000-0000-000000000006', '訪問看護', '心不全の状態観察、服薬管理、体重管理指導', '週2回', '奈良訪問看護ステーション', NULL),
  (gen_random_uuid(), 'c0000000-0000-0000-0000-000000000006', '通所介護', '軽度の運動、入浴、交流活動', '週2回', '奈良デイサービスセンター', '過度な運動は避ける'),
  (gen_random_uuid(), 'c0000000-0000-0000-0000-000000000008', '訪問リハビリテーション', '手指の関節可動域訓練、日常生活動作訓練', '週2回', '奈良リハビリセンター', NULL),
  (gen_random_uuid(), 'c0000000-0000-0000-0000-000000000008', '訪問介護', '生活援助（掃除、買物代行）', '週1回', '奈良訪問介護ステーション', NULL),
  (gen_random_uuid(), 'c0000000-0000-0000-0000-000000000008', '通所介護', '入浴、機能訓練、交流', '週1回', '奈良デイサービスセンター', NULL);

-- ============================================================
-- サービス実績 (25件 - 2026年3月)
-- ============================================================
INSERT INTO kaigo_service_records (id, user_id, service_date, service_type, start_time, end_time, staff_id, content, notes) VALUES
  (gen_random_uuid(), 'b0000000-0000-0000-0000-000000000001', '2026-03-03', '訪問介護', '09:00', '10:00', 'a0000000-0000-0000-0000-000000000003', '入浴介助、更衣介助', NULL),
  (gen_random_uuid(), 'b0000000-0000-0000-0000-000000000001', '2026-03-05', '通所リハ', '09:30', '16:00', 'a0000000-0000-0000-0000-000000000004', '右上肢リハビリ、歩行訓練', NULL),
  (gen_random_uuid(), 'b0000000-0000-0000-0000-000000000001', '2026-03-07', '訪問介護', '09:00', '10:00', 'a0000000-0000-0000-0000-000000000003', '入浴介助、排泄介助', NULL),
  (gen_random_uuid(), 'b0000000-0000-0000-0000-000000000001', '2026-03-10', '訪問介護', '09:00', '10:00', 'a0000000-0000-0000-0000-000000000003', '入浴介助', NULL),
  (gen_random_uuid(), 'b0000000-0000-0000-0000-000000000002', '2026-03-03', '通所介護', '09:00', '16:30', 'a0000000-0000-0000-0000-000000000004', '入浴、レクリエーション、食事', '穏やかに過ごされた'),
  (gen_random_uuid(), 'b0000000-0000-0000-0000-000000000002', '2026-03-05', '通所介護', '09:00', '16:30', 'a0000000-0000-0000-0000-000000000004', '入浴、体操、食事', NULL),
  (gen_random_uuid(), 'b0000000-0000-0000-0000-000000000002', '2026-03-06', '訪問介護', '10:00', '11:30', 'a0000000-0000-0000-0000-000000000003', '調理、掃除', NULL),
  (gen_random_uuid(), 'b0000000-0000-0000-0000-000000000002', '2026-03-07', '通所介護', '09:00', '16:30', 'a0000000-0000-0000-0000-000000000004', '入浴、カラオケ、食事', NULL),
  (gen_random_uuid(), 'b0000000-0000-0000-0000-000000000002', '2026-03-10', '訪問看護', '14:00', '15:00', 'a0000000-0000-0000-0000-000000000005', '服薬確認、バイタル測定', NULL),
  (gen_random_uuid(), 'b0000000-0000-0000-0000-000000000003', '2026-03-04', '訪問看護', '10:00', '11:00', 'a0000000-0000-0000-0000-000000000005', '血糖測定、インスリン指導', 'HbA1c 7.0'),
  (gen_random_uuid(), 'b0000000-0000-0000-0000-000000000003', '2026-03-06', '通所介護', '09:30', '16:00', 'a0000000-0000-0000-0000-000000000004', '運動プログラム、入浴、食事', NULL),
  (gen_random_uuid(), 'b0000000-0000-0000-0000-000000000003', '2026-03-11', '訪問看護', '10:00', '11:00', 'a0000000-0000-0000-0000-000000000005', '血糖測定、足のケア', NULL),
  (gen_random_uuid(), 'b0000000-0000-0000-0000-000000000005', '2026-03-03', '訪問リハ', '14:00', '15:00', 'a0000000-0000-0000-0000-000000000004', '歩行訓練、バランス訓練', NULL),
  (gen_random_uuid(), 'b0000000-0000-0000-0000-000000000005', '2026-03-05', '訪問介護', '09:00', '10:30', 'a0000000-0000-0000-0000-000000000003', '入浴介助、更衣介助', NULL),
  (gen_random_uuid(), 'b0000000-0000-0000-0000-000000000005', '2026-03-07', '通所介護', '09:30', '16:00', 'a0000000-0000-0000-0000-000000000004', '集団体操、入浴、食事', NULL),
  (gen_random_uuid(), 'b0000000-0000-0000-0000-000000000005', '2026-03-10', '訪問リハ', '14:00', '15:00', 'a0000000-0000-0000-0000-000000000004', '歩行訓練、日常動作訓練', '歩行安定してきた'),
  (gen_random_uuid(), 'b0000000-0000-0000-0000-000000000006', '2026-03-04', '訪問看護', '10:00', '11:00', 'a0000000-0000-0000-0000-000000000005', '心不全観察、体重測定、服薬確認', NULL),
  (gen_random_uuid(), 'b0000000-0000-0000-0000-000000000006', '2026-03-06', '通所介護', '09:30', '15:30', 'a0000000-0000-0000-0000-000000000004', '軽運動、入浴、交流', NULL),
  (gen_random_uuid(), 'b0000000-0000-0000-0000-000000000006', '2026-03-11', '訪問看護', '10:00', '11:00', 'a0000000-0000-0000-0000-000000000005', '心不全観察、服薬管理', '体重増加なし。安定。'),
  (gen_random_uuid(), 'b0000000-0000-0000-0000-000000000008', '2026-03-04', '訪問リハ', '14:00', '15:00', 'a0000000-0000-0000-0000-000000000004', '手指関節可動域訓練', NULL),
  (gen_random_uuid(), 'b0000000-0000-0000-0000-000000000008', '2026-03-07', '訪問介護', '10:00', '11:00', 'a0000000-0000-0000-0000-000000000003', '掃除、買物代行', NULL),
  (gen_random_uuid(), 'b0000000-0000-0000-0000-000000000008', '2026-03-10', '通所介護', '09:30', '16:00', 'a0000000-0000-0000-0000-000000000004', '入浴、機能訓練', NULL),
  (gen_random_uuid(), 'b0000000-0000-0000-0000-000000000008', '2026-03-11', '訪問リハ', '14:00', '15:00', 'a0000000-0000-0000-0000-000000000004', '手指訓練、日常動作訓練', NULL),
  (gen_random_uuid(), 'b0000000-0000-0000-0000-000000000009', '2026-03-05', '訪問看護', '10:00', '10:30', 'a0000000-0000-0000-0000-000000000005', '血圧測定、服薬確認', '血圧136/78'),
  (gen_random_uuid(), 'b0000000-0000-0000-0000-000000000010', '2026-03-06', '通所リハ', '09:30', '16:00', 'a0000000-0000-0000-0000-000000000004', '膝関節リハビリ、筋力訓練', '痛み軽減傾向');

-- ============================================================
-- 請求データ (5件 - 2026年3月)
-- ============================================================
INSERT INTO kaigo_billing_records (id, user_id, billing_month, service_type, total_units, unit_price, total_amount, insurance_amount, copay_amount, status) VALUES
  ('d0000000-0000-0000-0000-000000000001', 'b0000000-0000-0000-0000-000000000001', '2026-03', '訪問介護・通所リハ', 850, 11.4, 96900, 87210, 9690, 'submitted'),
  ('d0000000-0000-0000-0000-000000000002', 'b0000000-0000-0000-0000-000000000002', '2026-03', '通所介護・訪問介護・訪問看護', 1200, 11.4, 136800, 123120, 13680, 'submitted'),
  ('d0000000-0000-0000-0000-000000000003', 'b0000000-0000-0000-0000-000000000003', '2026-03', '訪問看護・通所介護', 680, 11.4, 77520, 69768, 7752, 'paid'),
  ('d0000000-0000-0000-0000-000000000005', 'b0000000-0000-0000-0000-000000000005', '2026-03', '訪問リハ・訪問介護・通所介護', 920, 11.4, 104880, 94392, 10488, 'draft'),
  ('d0000000-0000-0000-0000-000000000006', 'b0000000-0000-0000-0000-000000000006', '2026-03', '訪問看護・通所介護', 750, 11.4, 85500, 76950, 8550, 'submitted');

-- ============================================================
-- 請求明細 (15件)
-- ============================================================
INSERT INTO kaigo_billing_details (id, billing_record_id, service_date, service_code, service_name, units, amount) VALUES
  (gen_random_uuid(), 'd0000000-0000-0000-0000-000000000001', '2026-03-03', '111111', '身体介護1', 250, 28500),
  (gen_random_uuid(), 'd0000000-0000-0000-0000-000000000001', '2026-03-07', '111111', '身体介護1', 250, 28500),
  (gen_random_uuid(), 'd0000000-0000-0000-0000-000000000001', '2026-03-05', '166111', '通所リハ1', 350, 39900),
  (gen_random_uuid(), 'd0000000-0000-0000-0000-000000000002', '2026-03-03', '155111', '通所介護1', 400, 45600),
  (gen_random_uuid(), 'd0000000-0000-0000-0000-000000000002', '2026-03-05', '155111', '通所介護1', 400, 45600),
  (gen_random_uuid(), 'd0000000-0000-0000-0000-000000000002', '2026-03-06', '112111', '生活援助1', 200, 22800),
  (gen_random_uuid(), 'd0000000-0000-0000-0000-000000000002', '2026-03-10', '143111', '訪問看護1', 200, 22800),
  (gen_random_uuid(), 'd0000000-0000-0000-0000-000000000003', '2026-03-04', '143111', '訪問看護1', 250, 28500),
  (gen_random_uuid(), 'd0000000-0000-0000-0000-000000000003', '2026-03-06', '155111', '通所介護1', 430, 49020),
  (gen_random_uuid(), 'd0000000-0000-0000-0000-000000000005', '2026-03-03', '166211', '訪問リハ1', 300, 34200),
  (gen_random_uuid(), 'd0000000-0000-0000-0000-000000000005', '2026-03-05', '111111', '身体介護1', 250, 28500),
  (gen_random_uuid(), 'd0000000-0000-0000-0000-000000000005', '2026-03-07', '155111', '通所介護1', 370, 42180),
  (gen_random_uuid(), 'd0000000-0000-0000-0000-000000000006', '2026-03-04', '143111', '訪問看護1', 300, 34200),
  (gen_random_uuid(), 'd0000000-0000-0000-0000-000000000006', '2026-03-06', '155111', '通所介護1', 250, 28500),
  (gen_random_uuid(), 'd0000000-0000-0000-0000-000000000006', '2026-03-11', '143111', '訪問看護1', 200, 22800);

-- ============================================================
-- シフト (70件 - 2026年4月1日〜14日)
-- ============================================================
INSERT INTO kaigo_shifts (id, staff_id, shift_date, shift_type, start_time, end_time, break_minutes, notes) VALUES
  -- 田中 美咲 (ケアマネ)
  (gen_random_uuid(), 'a0000000-0000-0000-0000-000000000001', '2026-04-01', '日勤', '08:30', '17:30', 60, NULL),
  (gen_random_uuid(), 'a0000000-0000-0000-0000-000000000001', '2026-04-02', '日勤', '08:30', '17:30', 60, NULL),
  (gen_random_uuid(), 'a0000000-0000-0000-0000-000000000001', '2026-04-03', '日勤', '08:30', '17:30', 60, NULL),
  (gen_random_uuid(), 'a0000000-0000-0000-0000-000000000001', '2026-04-04', '公休', NULL, NULL, 0, NULL),
  (gen_random_uuid(), 'a0000000-0000-0000-0000-000000000001', '2026-04-05', '公休', NULL, NULL, 0, NULL),
  (gen_random_uuid(), 'a0000000-0000-0000-0000-000000000001', '2026-04-06', '日勤', '08:30', '17:30', 60, NULL),
  (gen_random_uuid(), 'a0000000-0000-0000-0000-000000000001', '2026-04-07', '日勤', '08:30', '17:30', 60, NULL),
  (gen_random_uuid(), 'a0000000-0000-0000-0000-000000000001', '2026-04-08', '日勤', '08:30', '17:30', 60, NULL),
  (gen_random_uuid(), 'a0000000-0000-0000-0000-000000000001', '2026-04-09', '日勤', '08:30', '17:30', 60, NULL),
  (gen_random_uuid(), 'a0000000-0000-0000-0000-000000000001', '2026-04-10', '日勤', '08:30', '17:30', 60, NULL),
  (gen_random_uuid(), 'a0000000-0000-0000-0000-000000000001', '2026-04-11', '公休', NULL, NULL, 0, NULL),
  (gen_random_uuid(), 'a0000000-0000-0000-0000-000000000001', '2026-04-12', '公休', NULL, NULL, 0, NULL),
  (gen_random_uuid(), 'a0000000-0000-0000-0000-000000000001', '2026-04-13', '日勤', '08:30', '17:30', 60, NULL),
  (gen_random_uuid(), 'a0000000-0000-0000-0000-000000000001', '2026-04-14', '日勤', '08:30', '17:30', 60, NULL),
  -- 佐藤 健太 (ケアマネ)
  (gen_random_uuid(), 'a0000000-0000-0000-0000-000000000002', '2026-04-01', '日勤', '08:30', '17:30', 60, NULL),
  (gen_random_uuid(), 'a0000000-0000-0000-0000-000000000002', '2026-04-02', '日勤', '08:30', '17:30', 60, NULL),
  (gen_random_uuid(), 'a0000000-0000-0000-0000-000000000002', '2026-04-03', '公休', NULL, NULL, 0, NULL),
  (gen_random_uuid(), 'a0000000-0000-0000-0000-000000000002', '2026-04-04', '日勤', '08:30', '17:30', 60, NULL),
  (gen_random_uuid(), 'a0000000-0000-0000-0000-000000000002', '2026-04-05', '日勤', '08:30', '17:30', 60, NULL),
  (gen_random_uuid(), 'a0000000-0000-0000-0000-000000000002', '2026-04-06', '公休', NULL, NULL, 0, NULL),
  (gen_random_uuid(), 'a0000000-0000-0000-0000-000000000002', '2026-04-07', '日勤', '08:30', '17:30', 60, NULL),
  (gen_random_uuid(), 'a0000000-0000-0000-0000-000000000002', '2026-04-08', '有給', NULL, NULL, 0, '私用'),
  (gen_random_uuid(), 'a0000000-0000-0000-0000-000000000002', '2026-04-09', '日勤', '08:30', '17:30', 60, NULL),
  (gen_random_uuid(), 'a0000000-0000-0000-0000-000000000002', '2026-04-10', '日勤', '08:30', '17:30', 60, NULL),
  (gen_random_uuid(), 'a0000000-0000-0000-0000-000000000002', '2026-04-11', '日勤', '08:30', '17:30', 60, NULL),
  (gen_random_uuid(), 'a0000000-0000-0000-0000-000000000002', '2026-04-12', '公休', NULL, NULL, 0, NULL),
  (gen_random_uuid(), 'a0000000-0000-0000-0000-000000000002', '2026-04-13', '公休', NULL, NULL, 0, NULL),
  (gen_random_uuid(), 'a0000000-0000-0000-0000-000000000002', '2026-04-14', '日勤', '08:30', '17:30', 60, NULL),
  -- 山本 花子 (介護福祉士)
  (gen_random_uuid(), 'a0000000-0000-0000-0000-000000000003', '2026-04-01', '早番', '07:00', '16:00', 60, NULL),
  (gen_random_uuid(), 'a0000000-0000-0000-0000-000000000003', '2026-04-02', '日勤', '08:30', '17:30', 60, NULL),
  (gen_random_uuid(), 'a0000000-0000-0000-0000-000000000003', '2026-04-03', '遅番', '10:00', '19:00', 60, NULL),
  (gen_random_uuid(), 'a0000000-0000-0000-0000-000000000003', '2026-04-04', '早番', '07:00', '16:00', 60, NULL),
  (gen_random_uuid(), 'a0000000-0000-0000-0000-000000000003', '2026-04-05', '公休', NULL, NULL, 0, NULL),
  (gen_random_uuid(), 'a0000000-0000-0000-0000-000000000003', '2026-04-06', '公休', NULL, NULL, 0, NULL),
  (gen_random_uuid(), 'a0000000-0000-0000-0000-000000000003', '2026-04-07', '早番', '07:00', '16:00', 60, NULL),
  (gen_random_uuid(), 'a0000000-0000-0000-0000-000000000003', '2026-04-08', '夜勤', '16:30', '09:30', 120, NULL),
  (gen_random_uuid(), 'a0000000-0000-0000-0000-000000000003', '2026-04-09', '休み', NULL, NULL, 0, '夜勤明け'),
  (gen_random_uuid(), 'a0000000-0000-0000-0000-000000000003', '2026-04-10', '日勤', '08:30', '17:30', 60, NULL),
  (gen_random_uuid(), 'a0000000-0000-0000-0000-000000000003', '2026-04-11', '遅番', '10:00', '19:00', 60, NULL),
  (gen_random_uuid(), 'a0000000-0000-0000-0000-000000000003', '2026-04-12', '早番', '07:00', '16:00', 60, NULL),
  (gen_random_uuid(), 'a0000000-0000-0000-0000-000000000003', '2026-04-13', '公休', NULL, NULL, 0, NULL),
  (gen_random_uuid(), 'a0000000-0000-0000-0000-000000000003', '2026-04-14', '日勤', '08:30', '17:30', 60, NULL),
  -- 鈴木 大輔 (介護福祉士・非常勤)
  (gen_random_uuid(), 'a0000000-0000-0000-0000-000000000004', '2026-04-01', '日勤', '08:30', '17:30', 60, NULL),
  (gen_random_uuid(), 'a0000000-0000-0000-0000-000000000004', '2026-04-02', '休み', NULL, NULL, 0, NULL),
  (gen_random_uuid(), 'a0000000-0000-0000-0000-000000000004', '2026-04-03', '日勤', '08:30', '17:30', 60, NULL),
  (gen_random_uuid(), 'a0000000-0000-0000-0000-000000000004', '2026-04-04', '休み', NULL, NULL, 0, NULL),
  (gen_random_uuid(), 'a0000000-0000-0000-0000-000000000004', '2026-04-05', '日勤', '08:30', '17:30', 60, NULL),
  (gen_random_uuid(), 'a0000000-0000-0000-0000-000000000004', '2026-04-06', '日勤', '08:30', '17:30', 60, NULL),
  (gen_random_uuid(), 'a0000000-0000-0000-0000-000000000004', '2026-04-07', '休み', NULL, NULL, 0, NULL),
  (gen_random_uuid(), 'a0000000-0000-0000-0000-000000000004', '2026-04-08', '日勤', '08:30', '17:30', 60, NULL),
  (gen_random_uuid(), 'a0000000-0000-0000-0000-000000000004', '2026-04-09', '休み', NULL, NULL, 0, NULL),
  (gen_random_uuid(), 'a0000000-0000-0000-0000-000000000004', '2026-04-10', '日勤', '08:30', '17:30', 60, NULL),
  (gen_random_uuid(), 'a0000000-0000-0000-0000-000000000004', '2026-04-11', '休み', NULL, NULL, 0, NULL),
  (gen_random_uuid(), 'a0000000-0000-0000-0000-000000000004', '2026-04-12', '日勤', '08:30', '17:30', 60, NULL),
  (gen_random_uuid(), 'a0000000-0000-0000-0000-000000000004', '2026-04-13', '日勤', '08:30', '17:30', 60, NULL),
  (gen_random_uuid(), 'a0000000-0000-0000-0000-000000000004', '2026-04-14', '休み', NULL, NULL, 0, NULL),
  -- 伊藤 由美 (看護師・非常勤)
  (gen_random_uuid(), 'a0000000-0000-0000-0000-000000000005', '2026-04-01', '日勤', '09:00', '17:00', 60, NULL),
  (gen_random_uuid(), 'a0000000-0000-0000-0000-000000000005', '2026-04-02', '休み', NULL, NULL, 0, NULL),
  (gen_random_uuid(), 'a0000000-0000-0000-0000-000000000005', '2026-04-03', '日勤', '09:00', '17:00', 60, NULL),
  (gen_random_uuid(), 'a0000000-0000-0000-0000-000000000005', '2026-04-04', '日勤', '09:00', '17:00', 60, NULL),
  (gen_random_uuid(), 'a0000000-0000-0000-0000-000000000005', '2026-04-05', '休み', NULL, NULL, 0, NULL),
  (gen_random_uuid(), 'a0000000-0000-0000-0000-000000000005', '2026-04-06', '休み', NULL, NULL, 0, NULL),
  (gen_random_uuid(), 'a0000000-0000-0000-0000-000000000005', '2026-04-07', '日勤', '09:00', '17:00', 60, NULL),
  (gen_random_uuid(), 'a0000000-0000-0000-0000-000000000005', '2026-04-08', '日勤', '09:00', '17:00', 60, NULL),
  (gen_random_uuid(), 'a0000000-0000-0000-0000-000000000005', '2026-04-09', '休み', NULL, NULL, 0, NULL),
  (gen_random_uuid(), 'a0000000-0000-0000-0000-000000000005', '2026-04-10', '日勤', '09:00', '17:00', 60, NULL),
  (gen_random_uuid(), 'a0000000-0000-0000-0000-000000000005', '2026-04-11', '日勤', '09:00', '17:00', 60, NULL),
  (gen_random_uuid(), 'a0000000-0000-0000-0000-000000000005', '2026-04-12', '休み', NULL, NULL, 0, NULL),
  (gen_random_uuid(), 'a0000000-0000-0000-0000-000000000005', '2026-04-13', '休み', NULL, NULL, 0, NULL),
  (gen_random_uuid(), 'a0000000-0000-0000-0000-000000000005', '2026-04-14', '日勤', '09:00', '17:00', 60, NULL);
