1,1,0,9,J41,0,1213100728,0,1,202608,
2,2,"J411",01,202606,1,122101,1213100728,"1221006024","∏∆÷º∂¬À€","",9300,1,198248,9300,9300
2,3,"J411",02,202606,122101,1213100728,"1221006024",1,1213100728,198248,9300,9300
2,4,"J411",02,202606,122101,1213100728,"1221006024",2,1213100090,0,0,0
2,5,"J411",02,202606,122101,1213100728,"1221006024",3,1213200403,0,0,0
2,6,"J411",02,202606,122101,1213100728,"1221006024",4,1213100835,0,0,0
2,7,"J421",01,202606,1,124248,1213100728,"1242420253","µµ¿‹¬ƒ—","µµ¿‹’≤",4600,3,127980,12797,4600
2,8,"J421",02,202606,124248,1213100728,"1242420253",1,1213100728,13281,1328,1328,"1242420253","µµ¿‹’≤"
2,9,"J421",02,202606,124248,1213100728,"1242420253",2,1210700504,27080,2708,2708,"1242420253","µµ¿‹’≤"
2,10,"J421",02,202606,124248,1213100728,"1242420253",3,1210700090,87619,8761,564,"1242420253","µµ¿‹’≤"
3,11
