1,1,0,134,71R,0,0,1273400844,0,7,202608,1
2,2,"7113",202606,1273400844,1,0,05,33,81603,871467,781108,11143,79216
2,3,"7113",202606,1273400844,2,12,05,5,13385,143216,0,11143,0
2,4,"71R1",01,202606,1273400844,00122069,"0000022717",,,,,,,19370501,2,13,,20230601,20270531,3,1201100037,,,,,,,,,90,,,,1489,13963,1552,0,0,0,0,0,0,0,0,0,0,0,0,0,0,0,0,0,0,0,0,0
2,5,"71R1",02,202606,1273400844,00122069,"0000022717",A2,1111,0,1,0,0,0,1176,0,0,0,""
2,6,"71R1",02,202606,1273400844,00122069,"0000022717",A2,6184,0,1,0,0,0,313,0,0,0,""
2,7,"71R1",10,202606,1273400844,00122069,"0000022717",A2,4,1176,1176,313,,,1489,1042,13963,1552,0,0,0,0,0,0,0,0,0,,,,,,,,,,,,
2,8,"71R1",01,202606,1273400844,00122069,"0000023709",,,,,,,19371121,1,12,,20260301,20300228,3,1201100045,,,,,,,,,90,,,,2974,27890,3099,0,0,0,0,0,0,0,0,0,0,0,0,0,0,0,0,0,0,0,0,0
2,9,"71R1",02,202606,1273400844,00122069,"0000023709",A2,1211,0,1,0,0,0,2349,0,0,0,""
2,10,"71R1",02,202606,1273400844,00122069,"0000023709",A2,6184,0,1,0,0,0,625,0,0,0,""
2,11,"71R1",10,202606,1273400844,00122069,"0000023709",A2,8,2349,2349,625,,,2974,1042,27890,3099,0,0,0,0,0,0,0,0,0,,,,,,,,,,,,
2,12,"71R1",01,202606,1273400844,00122069,"0000024068",,,,,,,19380123,2,12,,20230901,20270831,3,1201100078,,,,,,,,,90,,,,1489,13963,1552,0,0,0,0,0,0,0,0,0,0,0,0,0,0,0,0,0,0,0,0,0
2,13,"71R1",02,202606,1273400844,00122069,"0000024068",A2,1111,0,1,0,0,0,1176,0,0,0,""
2,14,"71R1",02,202606,1273400844,00122069,"0000024068",A2,6184,0,1,0,0,0,313,0,0,0,""
2,15,"71R1",10,202606,1273400844,00122069,"0000024068",A2,1,1176,1176,313,,,1489,1042,13963,1552,0,0,0,0,0,0,0,0,0,,,,,,,,,,,,
2,16,"71R1",01,202606,1273400844,00122291,"1000445029",12124517,0016121,,,,,19590506,1,13,,20251001,20270930,3,1203400047,,,,,,,,,90,100,,,1489,14338,0,0,0,0,1489,1594,0,0,0,0,0,0,0,0,0,0,0,0,0,0,0,0
2,17,"71R1",02,202606,1273400844,00122291,"1000445029",A2,1111,0,1,1,0,0,1176,1176,0,0,""
2,18,"71R1",02,202606,1273400844,00122291,"1000445029",A2,6184,0,1,1,0,0,313,313,0,0,""
2,19,"71R1",10,202606,1273400844,00122291,"1000445029",A2,4,1176,1176,313,,,1489,1070,14338,0,1489,1594,0,0,0,0,0,0,0,,,,,,,,,,,,
2,20,"71R1",01,202606,1273400844,00122291,"1003340031",12124517,0017202,,,,,19590505,1,12,,20241201,20261130,3,1203400021,,,,,,,,,90,100,,,2974,28638,0,0,0,0,2974,0,3183,0,0,0,0,0,0,0,0,0,0,0,0,0,0,0
2,21,"71R1",02,202606,1273400844,00122291,"1003340031",A2,1211,0,1,1,0,0,2349,2349,0,0,""
2,22,"71R1",02,202606,1273400844,00122291,"1003340031",A2,6184,0,1,1,0,0,625,625,0,0,""
2,23,"71R1",10,202606,1273400844,00122291,"1003340031",A2,9,2349,2349,625,,,2974,1070,28638,0,2974,0,3183,0,0,0,0,0,0,,,,,,,,,,,,
2,24,"71R1",01,202606,1273400844,00122291,"1003403384",,,,,,,19450114,2,12,,20240701,20270630,3,1203400047,,,,,,,,,90,,,,1489,14338,1594,0,0,0,0,0,0,0,0,0,0,0,0,0,0,0,0,0,0,0,0,0
2,25,"71R1",02,202606,1273400844,00122291,"1003403384",A2,1111,0,1,0,0,0,1176,0,0,0,""
2,26,"71R1",02,202606,1273400844,00122291,"1003403384",A2,6184,0,1,0,0,0,313,0,0,0,""
2,27,"71R1",10,202606,1273400844,00122291,"1003403384",A2,5,1176,1176,313,,,1489,1070,14338,1594,0,0,0,0,0,0,0,0,0,,,,,,,,,,,,
2,28,"71R1",01,202606,1273400844,00122291,"2290071980",,,,,,,19331216,1,12,,20250101,20281231,3,1203400021,,,,,,,,,70,,,,1489,11152,4780,0,0,0,0,0,0,0,0,0,0,0,0,0,0,0,0,0,0,0,0,0
2,29,"71R1",02,202606,1273400844,00122291,"2290071980",A2,1111,0,1,0,0,0,1176,0,0,0,""
2,30,"71R1",02,202606,1273400844,00122291,"2290071980",A2,6184,0,1,0,0,0,313,0,0,0,""
2,31,"71R1",10,202606,1273400844,00122291,"2290071980",A2,5,1176,1176,313,,,1489,1070,11152,4780,0,0,0,0,0,0,0,0,0,,,,,,,,,,,,
2,32,"71R1",01,202606,1273400844,00122291,"2290076534",,,,,,,19341113,2,12,,20230701,20270630,3,1203400021,,,,,,,,,90,,,,1489,14338,1594,0,0,0,0,0,0,0,0,0,0,0,0,0,0,0,0,0,0,0,0,0
2,33,"71R1",02,202606,1273400844,00122291,"2290076534",A2,1111,0,1,0,0,0,1176,0,0,0,""
2,34,"71R1",02,202606,1273400844,00122291,"2290076534",A2,6184,0,1,0,0,0,313,0,0,0,""
2,35,"71R1",10,202606,1273400844,00122291,"2290076534",A2,3,1176,1176,313,,,1489,1070,14338,1594,0,0,0,0,0,0,0,0,0,,,,,,,,,,,,
2,36,"71R1",01,202606,1273400844,00122291,"2290081708",,,,,,,19350611,2,12,,20250401,20280331,3,1203400021,,,,,,,,,90,,,,1489,14338,1594,0,0,0,0,0,0,0,0,0,0,0,0,0,0,0,0,0,0,0,0,0
2,37,"71R1",02,202606,1273400844,00122291,"2290081708",A2,1111,0,1,0,0,0,1176,0,0,0,""
2,38,"71R1",02,202606,1273400844,00122291,"2290081708",A2,6184,0,1,0,0,0,313,0,0,0,""
2,39,"71R1",10,202606,1273400844,00122291,"2290081708",A2,3,1176,1176,313,,,1489,1070,14338,1594,0,0,0,0,0,0,0,0,0,,,,,,,,,,,,
2,40,"71R1",01,202606,1273400844,00122291,"2290085642",,,,,,,19360129,2,13,,20260201,20290131,3,1203400047,,,,,,,,,90,,,,2974,28638,3183,0,0,0,0,0,0,0,0,0,0,0,0,0,0,0,0,0,0,0,0,0
2,41,"71R1",02,202606,1273400844,00122291,"2290085642",A2,1211,0,1,0,0,0,2349,0,0,0,""
2,42,"71R1",02,202606,1273400844,00122291,"2290085642",A2,6184,0,1,0,0,0,625,0,0,0,""
2,43,"71R1",10,202606,1273400844,00122291,"2290085642",A2,9,2349,2349,625,,,2974,1070,28638,3183,0,0,0,0,0,0,0,0,0,,,,,,,,,,,,
2,44,"71R1",01,202606,1273400844,00122291,"2290097092",12124517,0011494,,,,,19370921,2,13,,20241101,20281031,3,1203400047,,,,,,,,,90,100,,,2974,28638,0,0,0,0,2974,3183,0,0,0,0,0,0,0,0,0,0,0,0,0,0,0,0
2,45,"71R1",02,202606,1273400844,00122291,"2290097092",A2,1211,0,1,1,0,0,2349,2349,0,0,""
2,46,"71R1",02,202606,1273400844,00122291,"2290097092",A2,6184,0,1,1,0,0,625,625,0,0,""
2,47,"71R1",10,202606,1273400844,00122291,"2290097092",A2,8,2349,2349,625,,,2974,1070,28638,0,2974,3183,0,0,0,0,0,0,0,,,,,,,,,,,,
2,48,"71R1",01,202606,1273400844,00122291,"2290104864",,,,,,,19381001,1,13,,20240601,20270531,3,1203400047,,,,,,,,,90,,,,1489,14338,1594,0,0,0,0,0,0,0,0,0,0,0,0,0,0,0,0,0,0,0,0,0
2,49,"71R1",02,202606,1273400844,00122291,"2290104864",A2,1111,0,1,0,0,0,1176,0,0,0,""
2,50,"71R1",02,202606,1273400844,00122291,"2290104864",A2,6184,0,1,0,0,0,313,0,0,0,""
2,51,"71R1",10,202606,1273400844,00122291,"2290104864",A2,5,1176,1176,313,,,1489,1070,14338,1594,0,0,0,0,0,0,0,0,0,,,,,,,,,,,,
2,52,"71R1",01,202606,1273400844,00122291,"2290114764",,,,,,,19400124,1,12,,20240601,20270531,3,1203400021,,,,,,,,,90,,,,1489,14338,1594,0,0,0,0,0,0,0,0,0,0,0,0,0,0,0,0,0,0,0,0,0
2,53,"71R1",02,202606,1273400844,00122291,"2290114764",A2,1111,0,1,0,0,0,1176,0,0,0,""
2,54,"71R1",02,202606,1273400844,00122291,"2290114764",A2,6184,0,1,0,0,0,313,0,0,0,""
2,55,"71R1",10,202606,1273400844,00122291,"2290114764",A2,4,1176,1176,313,,,1489,1070,14338,1594,0,0,0,0,0,0,0,0,0,,,,,,,,,,,,
2,56,"71R1",01,202606,1273400844,00122291,"2290115548",12124517,0014662,,,,,19321028,2,13,,20240701,20280630,3,1203400021,,,,,,,,,90,100,,,2974,28638,0,0,0,0,2974,3183,0,0,0,0,0,0,0,0,0,0,0,0,0,0,0,0
2,57,"71R1",02,202606,1273400844,00122291,"2290115548",A2,1211,0,1,1,0,0,2349,2349,0,0,""
2,58,"71R1",02,202606,1273400844,00122291,"2290115548",A2,6184,0,1,1,0,0,625,625,0,0,""
2,59,"71R1",10,202606,1273400844,00122291,"2290115548",A2,9,2349,2349,625,,,2974,1070,28638,0,2974,3183,0,0,0,0,0,0,0,,,,,,,,,,,,
2,60,"71R1",01,202606,1273400844,00122291,"2290116165",,,,,,,19400326,1,13,,20260301,20290228,3,1203400047,,,,,,,,,90,,,,2974,28638,3183,0,0,0,0,0,0,0,0,0,0,0,0,0,0,0,0,0,0,0,0,0
2,61,"71R1",02,202606,1273400844,00122291,"2290116165",A2,1211,0,1,0,0,0,2349,0,0,0,""
2,62,"71R1",02,202606,1273400844,00122291,"2290116165",A2,6184,0,1,0,0,0,625,0,0,0,""
2,63,"71R1",10,202606,1273400844,00122291,"2290116165",A2,7,2349,2349,625,,,2974,1070,28638,3183,0,0,0,0,0,0,0,0,0,,,,,,,,,,,,
2,64,"71R1",01,202606,1273400844,00122291,"2290117304",,,,,,,19400512,2,13,,20250601,20290531,3,1203400047,,,,,,,,,90,,,,2974,28638,3183,0,0,0,0,0,0,0,0,0,0,0,0,0,0,0,0,0,0,0,0,0
2,65,"71R1",02,202606,1273400844,00122291,"2290117304",A2,1211,0,1,0,0,0,2349,0,0,0,""
2,66,"71R1",02,202606,1273400844,00122291,"2290117304",A2,6184,0,1,0,0,0,625,0,0,0,""
2,67,"71R1",10,202606,1273400844,00122291,"2290117304",A2,8,2349,2349,625,,,2974,1070,28638,3183,0,0,0,0,0,0,0,0,0,,,,,,,,,,,,
2,68,"71R1",01,202606,1273400844,00122291,"2290122874",12124517,0015370,,,,,19410106,2,13,,20250201,20290131,3,1203400047,,,,,,,,,90,100,,,2974,28638,0,0,0,0,2974,3183,0,0,0,0,0,0,0,0,0,0,0,0,0,0,0,0
2,69,"71R1",02,202606,1273400844,00122291,"2290122874",A2,1211,0,1,1,0,0,2349,2349,0,0,""
2,70,"71R1",02,202606,1273400844,00122291,"2290122874",A2,6184,0,1,1,0,0,625,625,0,0,""
2,71,"71R1",10,202606,1273400844,00122291,"2290122874",A2,9,2349,2349,625,,,2974,1070,28638,0,2974,3183,0,0,0,0,0,0,0,,,,,,,,,,,,
2,72,"71R1",01,202606,1273400844,00122291,"2290124086",,,,,,,19410218,2,13,,20240701,20270630,3,1203400047,,,,,,,,,90,,,,2974,28638,3183,0,0,0,0,0,0,0,0,0,0,0,0,0,0,0,0,0,0,0,0,0
2,73,"71R1",02,202606,1273400844,00122291,"2290124086",A2,1211,0,1,0,0,0,2349,0,0,0,""
2,74,"71R1",02,202606,1273400844,00122291,"2290124086",A2,6184,0,1,0,0,0,625,0,0,0,""
2,75,"71R1",10,202606,1273400844,00122291,"2290124086",A2,9,2349,2349,625,,,2974,1070,28638,3183,0,0,0,0,0,0,0,0,0,,,,,,,,,,,,
2,76,"71R1",01,202606,1273400844,00122291,"2290124235",,,,,,,19410226,2,13,,20251101,20261031,3,1203400039,,,,,,,,,90,,,,2974,28638,3183,0,0,0,0,0,0,0,0,0,0,0,0,0,0,0,0,0,0,0,0,0
2,77,"71R1",02,202606,1273400844,00122291,"2290124235",A2,1211,0,1,0,0,0,2349,0,0,0,""
2,78,"71R1",02,202606,1273400844,00122291,"2290124235",A2,6184,0,1,0,0,0,625,0,0,0,""
2,79,"71R1",10,202606,1273400844,00122291,"2290124235",A2,9,2349,2349,625,,,2974,1070,28638,3183,0,0,0,0,0,0,0,0,0,,,,,,,,,,,,
2,80,"71R1",01,202606,1273400844,00122291,"2290126321",,,,,,,19410514,1,12,,20240901,20260831,3,1203400047,,,,,,,,,90,,,,2974,28638,3183,0,0,0,0,0,0,0,0,0,0,0,0,0,0,0,0,0,0,0,0,0
2,81,"71R1",02,202606,1273400844,00122291,"2290126321",A2,1211,0,1,0,0,0,2349,0,0,0,""
2,82,"71R1",02,202606,1273400844,00122291,"2290126321",A2,6184,0,1,0,0,0,625,0,0,0,""
2,83,"71R1",10,202606,1273400844,00122291,"2290126321",A2,9,2349,2349,625,,,2974,1070,28638,3183,0,0,0,0,0,0,0,0,0,,,,,,,,,,,,
2,84,"71R1",01,202606,1273400844,00122291,"2290142799",,,,,,,19430126,1,13,,20231201,20271130,3,1203400021,,,,,,,,,90,,,,4718,45433,5049,0,0,0,0,0,0,0,0,0,0,0,0,0,0,0,0,0,0,0,0,0
2,85,"71R1",02,202606,1273400844,00122291,"2290142799",A2,1321,0,1,0,0,0,3727,0,0,0,""
2,86,"71R1",02,202606,1273400844,00122291,"2290142799",A2,6184,0,1,0,0,0,991,0,0,0,""
2,87,"71R1",10,202606,1273400844,00122291,"2290142799",A2,13,3727,3727,991,,,4718,1070,45433,5049,0,0,0,0,0,0,0,0,0,,,,,,,,,,,,
2,88,"71R1",01,202606,1273400844,00122291,"2290147624",,,,,,,19430710,2,13,,20260301,20280229,3,1203400047,,,,,,,,,90,,,,1489,14338,1594,0,0,0,0,0,0,0,0,0,0,0,0,0,0,0,0,0,0,0,0,0
2,89,"71R1",02,202606,1273400844,00122291,"2290147624",A2,1111,0,1,0,0,0,1176,0,0,0,""
2,90,"71R1",02,202606,1273400844,00122291,"2290147624",A2,6184,0,1,0,0,0,313,0,0,0,""
2,91,"71R1",10,202606,1273400844,00122291,"2290147624",A2,3,1176,1176,313,,,1489,1070,14338,1594,0,0,0,0,0,0,0,0,0,,,,,,,,,,,,
2,92,"71R1",01,202606,1273400844,00122291,"2290149281",,,,,,,19430909,2,13,,20250201,20270131,3,1203400039,,,,,,,,,90,,,,2974,28638,3183,0,0,0,0,0,0,0,0,0,0,0,0,0,0,0,0,0,0,0,0,0
2,93,"71R1",02,202606,1273400844,00122291,"2290149281",A2,1211,0,1,0,0,0,2349,0,0,0,""
2,94,"71R1",02,202606,1273400844,00122291,"2290149281",A2,6184,0,1,0,0,0,625,0,0,0,""
2,95,"71R1",10,202606,1273400844,00122291,"2290149281",A2,7,2349,2349,625,,,2974,1070,28638,3183,0,0,0,0,0,0,0,0,0,,,,,,,,,,,,
2,96,"71R1",01,202606,1273400844,00122291,"2290191432",,,,,,,19471107,2,13,,20260501,20290430,3,1203400047,,,,,,,,,90,,,,3737,35986,3999,0,0,0,0,0,0,0,0,0,0,0,0,0,0,0,0,0,0,0,0,0
2,97,"71R1",02,202606,1273400844,00122291,"2290191432",A2,2321,123,24,0,0,0,2952,0,0,0,""
2,98,"71R1",02,202606,1273400844,00122291,"2290191432",A2,6184,0,1,0,0,0,785,0,0,0,""
2,99,"71R1",10,202606,1273400844,00122291,"2290191432",A2,7,2952,2952,785,,,3737,1070,35986,3999,0,0,0,0,0,0,0,0,0,,,,,,,,,,,,
2,100,"71R1",01,202606,1273400844,00122291,"2290195490",,,,,,,19480227,1,13,,20231101,20261031,3,1203400039,,,,,,,,,90,,,,1489,14338,1594,0,0,0,0,0,0,0,0,0,0,0,0,0,0,0,0,0,0,0,0,0
2,101,"71R1",02,202606,1273400844,00122291,"2290195490",A2,1111,0,1,0,0,0,1176,0,0,0,""
2,102,"71R1",02,202606,1273400844,00122291,"2290195490",A2,6184,0,1,0,0,0,313,0,0,0,""
2,103,"71R1",10,202606,1273400844,00122291,"2290195490",A2,4,1176,1176,313,,,1489,1070,14338,1594,0,0,0,0,0,0,0,0,0,,,,,,,,,,,,
2,104,"71R1",01,202606,1273400844,00122291,"2290209598",,,,,,,19490407,2,12,,20250201,20290131,3,1203400021,,,,,,,,,90,,,,1489,14338,1594,0,0,0,0,0,0,0,0,0,0,0,0,0,0,0,0,0,0,0,0,0
2,105,"71R1",02,202606,1273400844,00122291,"2290209598",A2,1111,0,1,0,0,0,1176,0,0,0,""
2,106,"71R1",02,202606,1273400844,00122291,"2290209598",A2,6184,0,1,0,0,0,313,0,0,0,""
2,107,"71R1",10,202606,1273400844,00122291,"2290209598",A2,4,1176,1176,313,,,1489,1070,14338,1594,0,0,0,0,0,0,0,0,0,,,,,,,,,,,,
2,108,"71R1",01,202606,1273400844,00122291,"2290215843",,,,,,,19491002,2,12,,20260201,20300131,3,1203400047,,,,,,,,,90,,,,2974,28638,3183,0,0,0,0,0,0,0,0,0,0,0,0,0,0,0,0,0,0,0,0,0
2,109,"71R1",02,202606,1273400844,00122291,"2290215843",A2,1211,0,1,0,0,0,2349,0,0,0,""
2,110,"71R1",02,202606,1273400844,00122291,"2290215843",A2,6184,0,1,0,0,0,625,0,0,0,""
2,111,"71R1",10,202606,1273400844,00122291,"2290215843",A2,9,2349,2349,625,,,2974,1070,28638,3183,0,0,0,0,0,0,0,0,0,,,,,,,,,,,,
2,112,"71R1",01,202606,1273400844,00122291,"2290224522",,,,,,,19700917,1,13,,20251201,20291130,3,1203400039,,,,,,,,,90,,,,4718,45433,5049,0,0,0,0,0,0,0,0,0,0,0,0,0,0,0,0,0,0,0,0,0
2,113,"71R1",02,202606,1273400844,00122291,"2290224522",A2,1321,0,1,0,0,0,3727,0,0,0,""
2,114,"71R1",02,202606,1273400844,00122291,"2290224522",A2,6184,0,1,0,0,0,991,0,0,0,""
2,115,"71R1",10,202606,1273400844,00122291,"2290224522",A2,14,3727,3727,991,,,4718,1070,45433,5049,0,0,0,0,0,0,0,0,0,,,,,,,,,,,,
2,116,"71R1",01,202606,1273400844,00122291,"2290226667",,,,,,,19500819,1,12,,20260301,20300228,3,1203400021,,,,,,,,,90,,,,2974,28638,3183,0,0,0,0,0,0,0,0,0,0,0,0,0,0,0,0,0,0,0,0,0
2,117,"71R1",02,202606,1273400844,00122291,"2290226667",A2,1211,0,1,0,0,0,2349,0,0,0,""
2,118,"71R1",02,202606,1273400844,00122291,"2290226667",A2,6184,0,1,0,0,0,625,0,0,0,""
2,119,"71R1",10,202606,1273400844,00122291,"2290226667",A2,7,2349,2349,625,,,2974,1070,28638,3183,0,0,0,0,0,0,0,0,0,,,,,,,,,,,,
2,120,"71R1",01,202606,1273400844,00122291,"2290232467",,,,,,,19510109,2,13,,20231001,20270930,3,1203400047,,,,,,,,,90,,,,1489,14338,1594,0,0,0,0,0,0,0,0,0,0,0,0,0,0,0,0,0,0,0,0,0
2,121,"71R1",02,202606,1273400844,00122291,"2290232467",A2,1111,0,1,0,0,0,1176,0,0,0,""
2,122,"71R1",02,202606,1273400844,00122291,"2290232467",A2,6184,0,1,0,0,0,313,0,0,0,""
2,123,"71R1",10,202606,1273400844,00122291,"2290232467",A2,4,1176,1176,313,,,1489,1070,14338,1594,0,0,0,0,0,0,0,0,0,,,,,,,,,,,,
2,124,"71R1",01,202606,1273400844,00122291,"2290236237",,,,,,,19350716,2,12,,20250902,20260930,3,1203400021,,,,,,,,,90,,,,1489,14338,1594,0,0,0,0,0,0,0,0,0,0,0,0,0,0,0,0,0,0,0,0,0
2,125,"71R1",02,202606,1273400844,00122291,"2290236237",A2,1111,0,1,0,0,0,1176,0,0,0,""
2,126,"71R1",02,202606,1273400844,00122291,"2290236237",A2,6184,0,1,0,0,0,313,0,0,0,""
2,127,"71R1",10,202606,1273400844,00122291,"2290236237",A2,4,1176,1176,313,,,1489,1070,14338,1594,0,0,0,0,0,0,0,0,0,,,,,,,,,,,,
2,128,"71R1",01,202606,1273400844,00122291,"2290255260",,,,,,,19521216,1,12,,20231101,20271031,3,1203400039,,,,,,,,,90,,,,2974,28638,3183,0,0,0,0,0,0,0,0,0,0,0,0,0,0,0,0,0,0,0,0,0
2,129,"71R1",02,202606,1273400844,00122291,"2290255260",A2,1211,0,1,0,0,0,2349,0,0,0,""
2,130,"71R1",02,202606,1273400844,00122291,"2290255260",A2,6184,0,1,0,0,0,625,0,0,0,""
2,131,"71R1",10,202606,1273400844,00122291,"2290255260",A2,8,2349,2349,625,,,2974,1070,28638,3183,0,0,0,0,0,0,0,0,0,,,,,,,,,,,,
2,132,"71R1",01,202606,1273400844,00122291,"2290267562",,,,,,,19540126,1,13,,20250101,20261231,3,1203400047,,,,,,,,,90,,,,2974,28638,3183,0,0,0,0,0,0,0,0,0,0,0,0,0,0,0,0,0,0,0,0,0
2,133,"71R1",02,202606,1273400844,00122291,"2290267562",A2,1211,0,1,0,0,0,2349,0,0,0,""
2,134,"71R1",02,202606,1273400844,00122291,"2290267562",A2,6184,0,1,0,0,0,625,0,0,0,""
2,135,"71R1",10,202606,1273400844,00122291,"2290267562",A2,9,2349,2349,625,,,2974,1070,28638,3183,0,0,0,0,0,0,0,0,0,,,,,,,,,,,,
3,136
