1,1,0,9,711,0,0,1270402116,0,7,202607,1
2,2,"7111",202605,1270402116,1,0,01,2,8743,96610,86948,0,9662,0,0,0,0,0,0
2,3,"7131",01,202605,1270402116,00121046,"1000716538",,,,,,,19331205,1,23,,20260501,20270430,1,1270402082,,,,,,,,,90,,,,4480,44553,4951,0,0,0,0,0,0,0,0,0,0,0,0,0,0,0,0,0,0,0,0,0
2,4,"7131",02,202605,1270402116,00121046,"1000716538",11,1111,244,15,0,0,0,3660,0,0,0,""
2,5,"7131",02,202605,1270402116,00121046,"1000716538",11,6274,820,1,0,0,0,820,0,0,0,""
2,6,"7131",10,202605,1270402116,00121046,"1000716538",11,8,3660,3660,820,,,4480,1105,44553,4951,0,0,0,0,0,0,0,0,0,,,,,,,,,,,,
2,7,"7131",01,202605,1270402116,00121046,"1002127809",,,,,,,19420918,2,23,,20260501,20270430,1,1270402082,,,,,,,,,90,,,,4263,42395,4711,0,0,0,0,0,0,0,0,0,0,0,0,0,0,0,0,0,0,0,0,0
2,8,"7131",02,202605,1270402116,00121046,"1002127809",11,1211,387,9,0,0,0,3483,0,0,0,""
2,9,"7131",02,202605,1270402116,00121046,"1002127809",11,6274,780,1,0,0,0,780,0,0,0,""
2,10,"7131",10,202605,1270402116,00121046,"1002127809",11,9,3483,3483,780,,,4263,1105,42395,4711,0,0,0,0,0,0,0,0,0,,,,,,,,,,,,
3,11
