1,1,0,455,711,0,0,1271101295,0,7,202607,1
2,2,7111,202606,1271101295,1,0,01,96,722871,7532266,6676755,75910,779601,,,,,,
2,3,7111,202606,1271101295,2,12,01,12,105652,1100887,0,75910,0,,,,,,
2,4,7131,01,202606,1271101295,00122069,0000067381,,,,,,,19441103,2,23,,20250606,20260630,1,1271100446,,,,,,,,,90,,,,10666,100025,11114,,,,,,,,,,,,,,,,,,,,,
2,5,7131,02,202606,1271101295,00122069,0000067381,11,4111,309,17,,,,5253,,,,
2,6,7131,02,202606,1271101295,00122069,0000067381,11,1111,244,13,,,,3172,,,,
2,7,7131,02,202606,1271101295,00122069,0000067381,11,6184,2241,1,,,,2241,,,,
2,8,7131,10,202606,1271101295,00122069,0000067381,11,30,8425,8425,2241,,,10666,1042,100025,11114,,,,,,,,,,,,,,,,,,,,,
2,9,7131,01,202606,1271101295,00122069,0000030709,,,,,,,19410623,2,21,,20250903,20260930,1,1271102574,,,,,,,,,90,,,,2780,26070,2897,,,,,,,,,,,,,,,,,,,,,
2,10,7131,02,202606,1271101295,00122069,0000030709,11,1111,244,9,,,,2196,,,,
2,11,7131,02,202606,1271101295,00122069,0000030709,11,6184,584,1,,,,584,,,,
2,12,7131,10,202606,1271101295,00122069,0000030709,11,9,2196,2196,584,,,2780,1042,26070,2897,,,,,,,,,,,,,,,,,,,,,
2,13,7131,01,202606,1271101295,00122069,0000014594,,,,,,,19340829,2,22,,20250701,20280630,1,1271100040,,,,,,,,,90,,,,1114,10446,1161,,,,,,,,,,,,,,,,,,,,,
2,14,7131,02,202606,1271101295,00122069,0000014594,11,7311,220,4,,,,880,,,,
2,15,7131,02,202606,1271101295,00122069,0000014594,11,6184,234,1,,,,234,,,,
2,16,7131,10,202606,1271101295,00122069,0000014594,11,4,880,880,234,,,1114,1042,10446,1161,,,,,,,,,,,,,,,,,,,,,
2,17,7131,01,202606,1271101295,00122069,0000028012,,,,,,,19400302,2,22,,20241101,20261031,1,1271102590,,,,,,,,,90,,,,12766,119718,13303,,,,,,,,,,,,,,,,,,,,,
2,18,7131,02,202606,1271101295,00122069,0000028012,11,4211,374,22,,,,8228,,,,
2,19,7131,02,202606,1271101295,00122069,0000028012,11,1111,244,4,,,,976,,,,
2,20,7131,02,202606,1271101295,00122069,0000028012,11,7311,220,4,,,,880,,,,
2,21,7131,02,202606,1271101295,00122069,0000028012,11,6184,2682,1,,,,2682,,,,
2,22,7131,10,202606,1271101295,00122069,0000028012,11,26,10084,10084,2682,,,12766,1042,119718,13303,,,,,,,,,,,,,,,,,,,,,
2,23,7131,01,202606,1271101295,00122069,0000031676,,,,,,,19411129,2,21,,20260201,20270131,1,1271101287,,,,,,,,,90,,,,4982,46720,5192,,,,,,,,,,,,,,,,,,,,,
2,24,7131,02,202606,1271101295,00122069,0000031676,11,1311,567,5,,,,2835,,,,
2,25,7131,02,202606,1271101295,00122069,0000031676,11,7311,220,5,,,,1100,,,,
2,26,7131,02,202606,1271101295,00122069,0000031676,11,6184,1047,1,,,,1047,,,,
2,27,7131,10,202606,1271101295,00122069,0000031676,11,10,3935,3935,1047,,,4982,1042,46720,5192,,,,,,,,,,,,,,,,,,,,,
2,28,7131,01,202606,1271101295,00122069,0000063549,,,,,,,19580725,1,23,,20260401,20270331,1,1271102244,,,,,,,,,90,,,,10665,100016,11113,,,,,,,,,,,,,,,,,,,,,
2,29,7131,02,202606,1271101295,00122069,0000063549,11,5111,452,9,,,,4068,,,,
2,30,7131,02,202606,1271101295,00122069,0000063549,11,7311,220,13,,,,2860,,,,
2,31,7131,02,202606,1271101295,00122069,0000063549,11,4211,374,4,,,,1496,,,,
2,32,7131,02,202606,1271101295,00122069,0000063549,11,6184,2241,1,,,,2241,,,,
2,33,7131,10,202606,1271101295,00122069,0000063549,11,26,8424,8424,2241,,,10665,1042,100016,11113,,,,,,,,,,,,,,,,,,,,,
2,34,7131,01,202606,1271101295,00122069,0000034291,12122214,7585011,,,,,19430117,1,22,,20250501,20290430,1,1272404292,,,,,,,,,90,100,,,17378,162970,0,,,,17378,3108,15000,,,,,,,,,,,,,,,
2,35,7131,02,202606,1271101295,00122069,0000034291,11,1111,244,30,30,,,7320,7320,,,
2,36,7131,02,202606,1271101295,00122069,0000034291,11,4211,374,13,13,,,4862,4862,,,
2,37,7131,02,202606,1271101295,00122069,0000034291,11,4111,309,5,5,,,1545,1545,,,
2,38,7131,02,202606,1271101295,00122069,0000034291,11,6184,3651,1,1,,,3651,3651,,,
2,39,7131,10,202606,1271101295,00122069,0000034291,11,30,13727,13727,3651,,,17378,1042,162970,0,17378,3108,15000,,,,,,,,,,,,,,,,,,
2,40,7131,01,202606,1271101295,00122069,0000023340,,,,,,,19370907,2,21,,20240501,20280430,1,1271101287,,,,,,,,,90,,,,14394,134986,14999,,,,,,,,,,,,,,,,,,,,,
2,41,7131,02,202606,1271101295,00122069,0000023340,11,1311,567,9,,,,5103,,,,
2,42,7131,02,202606,1271101295,00122069,0000023340,11,1211,387,13,,,,5031,,,,
2,43,7131,02,202606,1271101295,00122069,0000023340,11,4111,309,4,,,,1236,,,,
2,44,7131,02,202606,1271101295,00122069,0000023340,11,6184,3024,1,,,,3024,,,,
2,45,7131,10,202606,1271101295,00122069,0000023340,11,26,11370,11370,3024,,,14394,1042,134986,14999,,,,,,,,,,,,,,,,,,,,,
2,46,7131,01,202606,1271101295,00122069,0000047632,,,,,,,19480909,1,22,,20260216,20270228,1,1271101287,20260601,,,,,,,,90,,,,2600,24382,2710,,,,,,,,,,,,,,,,,,,,,
2,47,7131,02,202606,1271101295,00122069,0000047632,11,4111,309,6,,,,1854,,,,
2,48,7131,02,202606,1271101295,00122069,0000047632,11,4001,200,1,,,,200,,,,
2,49,7131,02,202606,1271101295,00122069,0000047632,11,6184,546,1,,,,546,,,,
2,50,7131,10,202606,1271101295,00122069,0000047632,11,6,2054,2054,546,,,2600,1042,24382,2710,,,,,,,,,,,,,,,,,,,,,
2,51,7131,01,202606,1271101295,00122069,0000065545,,,,,,,19391226,1,21,,20240201,20260714,1,1271101287,,,,,,,,,90,,,,6650,62363,6930,,,,,,,,,,,,,,,,,,,,,
2,52,7131,02,202606,1271101295,00122069,0000065545,11,4111,309,17,,,,5253,,,,
2,53,7131,02,202606,1271101295,00122069,0000065545,11,6184,1397,1,,,,1397,,,,
2,54,7131,10,202606,1271101295,00122069,0000065545,11,17,5253,5253,1397,,,6650,1042,62363,6930,,,,,,,,,,,,,,,,,,,,,
2,55,7131,01,202606,1271101295,00122069,0000034823,12122214,6219018,,,,,19430329,2,23,,20240201,20280131,1,1271101287,,,,,,,,,90,100,,,17542,164508,0,,,,17542,18279,0,,,,,,,,,,,,,,,
2,56,7131,02,202606,1271101295,00122069,0000034823,11,4111,309,40,40,,,12360,12360,,,
2,57,7131,02,202606,1271101295,00122069,0000034823,11,4211,374,4,4,,,1496,1496,,,
2,58,7131,02,202606,1271101295,00122069,0000034823,11,6184,3686,1,1,,,3686,3686,,,
2,59,7131,10,202606,1271101295,00122069,0000034823,11,30,13856,13856,3686,,,17542,1042,164508,0,17542,18279,0,,,,,,,,,,,,,,,,,,
2,60,7131,01,202606,1271101295,00122069,0000068056,,,,,,,19580323,1,21,,20260501,20270430,1,1271101287,,,,,,,,,90,,,,6759,63385,7043,,,,,,,,,,,,,,,,,,,,,
2,61,7131,02,202606,1271101295,00122069,0000068056,11,1211,387,9,,,,3483,,,,
2,62,7131,02,202606,1271101295,00122069,0000068056,11,1111,244,4,,,,976,,,,
2,63,7131,02,202606,1271101295,00122069,0000068056,11,7311,220,4,,,,880,,,,
2,64,7131,02,202606,1271101295,00122069,0000068056,11,6184,1420,1,,,,1420,,,,
2,65,7131,10,202606,1271101295,00122069,0000068056,11,17,5339,5339,1420,,,6759,1042,63385,7043,,,,,,,,,,,,,,,,,,,,,
2,66,7131,01,202606,1271101295,00122069,0000072272,,,,,,,19340406,2,21,,20251201,20291130,1,1271101287,,,,,,,,,90,,,,5484,51428,5715,,,,,,,,,,,,,,,,,,,,,
2,67,7131,02,202606,1271101295,00122069,0000072272,11,1211,387,8,,,,3096,,,,
2,68,7131,02,202606,1271101295,00122069,0000072272,11,4111,309,4,,,,1236,,,,
2,69,7131,02,202606,1271101295,00122069,0000072272,11,6184,1152,1,,,,1152,,,,
2,70,7131,10,202606,1271101295,00122069,0000072272,11,12,4332,4332,1152,,,5484,1042,51428,5715,,,,,,,,,,,,,,,,,,,,,
2,71,7131,01,202606,1271101295,00122069,0000052309,12122214,6174015,,,,,19360605,1,21,,20240901,20280831,1,1271101147,,,,,,,,,90,100,,,3521,33019,0,,,,3521,3669,0,,,,,,,,,,,,,,,
2,72,7131,02,202606,1271101295,00122069,0000052309,11,4111,309,9,9,,,2781,2781,,,
2,73,7131,02,202606,1271101295,00122069,0000052309,11,6184,740,1,1,,,740,740,,,
2,74,7131,10,202606,1271101295,00122069,0000052309,11,9,2781,2781,740,,,3521,1042,33019,0,3521,3669,0,,,,,,,,,,,,,,,,,,
2,75,7131,01,202606,1271101295,00122069,0000022444,,,,,,,19370313,2,21,,20251101,20261031,1,1271100024,,,,,,,,,90,,,,3130,29352,3262,,,,,,,,,,,,,,,,,,,,,
2,76,7131,02,202606,1271101295,00122069,0000022444,11,4111,309,8,,,,2472,,,,
2,77,7131,02,202606,1271101295,00122069,0000022444,11,6184,658,1,,,,658,,,,
2,78,7131,10,202606,1271101295,00122069,0000022444,11,8,2472,2472,658,,,3130,1042,29352,3262,,,,,,,,,,,,,,,,,,,,,
2,79,7131,01,202606,1271101295,00122069,0000049131,12122214,5677026,,,,,19490429,2,21,,20230401,20270331,1,1271101584,,,,,,,,,90,100,,,3430,32166,0,,,,3430,3574,0,,,,,,,,,,,,,,,
2,80,7131,02,202606,1271101295,00122069,0000049131,11,1211,387,7,7,,,2709,2709,,,
2,81,7131,02,202606,1271101295,00122069,0000049131,11,6184,721,1,1,,,721,721,,,
2,82,7131,10,202606,1271101295,00122069,0000049131,11,7,2709,2709,721,,,3430,1042,32166,0,3430,3574,0,,,,,,,,,,,,,,,,,,
2,83,7131,01,202606,1271101295,00122069,0000001937,,,,,,,19340915,2,21,,20260401,20290331,1,1271101923,,,,,,,,,90,,,,4311,40428,4492,,,,,,,,,,,,,,,,,,,,,
2,84,7131,02,202606,1271101295,00122069,0000001937,11,1211,387,8,,,,3096,,,,
2,85,7131,02,202606,1271101295,00122069,0000001937,11,4111,309,1,,,,309,,,,
2,86,7131,02,202606,1271101295,00122069,0000001937,11,6184,906,1,,,,906,,,,
2,87,7131,10,202606,1271101295,00122069,0000001937,11,9,3405,3405,906,,,4311,1042,40428,4492,,,,,,,,,,,,,,,,,,,,,
2,88,7131,01,202606,1271101295,00122069,0000005693,,,,,,,19311031,2,23,,20240201,20270131,1,1271101287,,,,,,,,,90,,,,4409,41346,4595,,,,,,,,,,,,,,,,,,,,,
2,89,7131,02,202606,1271101295,00122069,0000005693,11,1211,387,9,,,,3483,,,,
2,90,7131,02,202606,1271101295,00122069,0000005693,11,6184,926,1,,,,926,,,,
2,91,7131,10,202606,1271101295,00122069,0000005693,11,9,3483,3483,926,,,4409,1042,41346,4595,,,,,,,,,,,,,,,,,,,,,
2,92,7131,01,202606,1271101295,00122069,0000032241,,,,,,,19420216,1,21,,20260302,20270331,1,1271102574,20260601,,,,,,,,90,,,,8578,80443,8939,,,,,,,,,,,,,,,,,,,,,
2,93,7131,02,202606,1271101295,00122069,0000032241,11,1211,387,13,,,,5031,,,,
2,94,7131,02,202606,1271101295,00122069,0000032241,11,4111,309,5,,,,1545,,,,
2,95,7131,02,202606,1271101295,00122069,0000032241,11,4001,200,1,,,,200,,,,
2,96,7131,02,202606,1271101295,00122069,0000032241,11,6184,1802,1,,,,1802,,,,
2,97,7131,10,202606,1271101295,00122069,0000032241,11,13,6776,6776,1802,,,8578,1042,80443,8939,,,,,,,,,,,,,,,,,,,,,
2,98,7131,01,202606,1271101295,00122069,0000037947,,,,,,,19440717,1,24,,20250701,20280630,1,1271101147,,,,,,,,,70,,,,13228,96484,41351,,,,,,,,,,,,,,,,,,,,,
2,99,7131,02,202606,1271101295,00122069,0000037947,11,1211,387,27,,,,10449,,,,
2,100,7131,02,202606,1271101295,00122069,0000037947,11,6184,2779,1,,,,2779,,,,
2,101,7131,10,202606,1271101295,00122069,0000037947,11,18,10449,10449,2779,,,13228,1042,96484,41351,,,,,,,,,,,,,,,,,,,,,
2,102,7131,01,202606,1271101295,00122069,0000052508,,,,,,,19500822,2,22,,20260114,20270131,1,1271102574,,,,,,,,,90,,,,16766,157230,17471,,,,,,,,,,,,,,,,,,,,,
2,103,7131,02,202606,1271101295,00122069,0000052508,11,5111,452,20,,,,9040,,,,
2,104,7131,02,202606,1271101295,00122069,0000052508,11,1311,567,4,,,,2268,,,,
2,105,7131,02,202606,1271101295,00122069,0000052508,11,1211,387,5,,,,1935,,,,
2,106,7131,02,202606,1271101295,00122069,0000052508,11,6184,3523,1,,,,3523,,,,
2,107,7131,10,202606,1271101295,00122069,0000052508,11,29,13243,13243,3523,,,16766,1042,157230,17471,,,,,,,,,,,,,,,,,,,,,
2,108,7131,01,202606,1271101295,00122069,0000025389,,,,,,,19381112,1,21,,20260201,20270131,1,1271102574,,,,,,,,,90,,,,1565,14676,1631,,,,,,,,,,,,,,,,,,,,,
2,109,7131,02,202606,1271101295,00122069,0000025389,11,4111,309,4,,,,1236,,,,
2,110,7131,02,202606,1271101295,00122069,0000025389,11,6184,329,1,,,,329,,,,
2,111,7131,10,202606,1271101295,00122069,0000025389,11,4,1236,1236,329,,,1565,1042,14676,1631,,,,,,,,,,,,,,,,,,,,,
2,112,7131,01,202606,1271101295,00122069,0000034900,,,,,,,19430404,2,21,,20260401,20300331,1,1271102350,,,,,,,,,90,,,,5743,53857,5985,,,,,,,,,,,,,,,,,,,,,
2,113,7131,02,202606,1271101295,00122069,0000034900,11,1311,567,8,,,,4536,,,,
2,114,7131,02,202606,1271101295,00122069,0000034900,11,6184,1207,1,,,,1207,,,,
2,115,7131,10,202606,1271101295,00122069,0000034900,11,8,4536,4536,1207,,,5743,1042,53857,5985,,,,,,,,,,,,,,,,,,,,,
2,116,7131,01,202606,1271101295,00122069,0000029994,,,,,,,19410305,1,21,,20251117,20261130,1,1271101287,,,,,,,,,90,,,,7745,72631,8071,,,,,,,,,,,,,,,,,,,,,
2,117,7131,02,202606,1271101295,00122069,0000029994,11,1311,567,4,,,,2268,,,,
2,118,7131,02,202606,1271101295,00122069,0000029994,11,7311,220,9,,,,1980,,,,
2,119,7131,02,202606,1271101295,00122069,0000029994,11,4211,374,5,,,,1870,,,,
2,120,7131,02,202606,1271101295,00122069,0000029994,11,6184,1627,1,,,,1627,,,,
2,121,7131,10,202606,1271101295,00122069,0000029994,11,18,6118,6118,1627,,,7745,1042,72631,8071,,,,,,,,,,,,,,,,,,,,,
2,122,7131,01,202606,1271101295,00122069,0000023273,12122214,3423019,,,,,19370828,2,21,,20240701,20280630,1,1271101287,,,,,,,,,90,100,,,2507,23509,0,,,,2507,2613,0,,,,,,,,,,,,,,,
2,123,7131,02,202606,1271101295,00122069,0000023273,11,7311,220,9,9,,,1980,1980,,,
2,124,7131,02,202606,1271101295,00122069,0000023273,11,6184,527,1,1,,,527,527,,,
2,125,7131,10,202606,1271101295,00122069,0000023273,11,9,1980,1980,527,,,2507,1042,23509,0,2507,2613,0,,,,,,,,,,,,,,,,,,
2,126,7131,01,202606,1271101295,00122259,0000211623,,,,,,,19390926,2,23,,20240301,20270228,1,1273001311,,,,,,,,,90,,,,927,8693,966,,,,,,,,,,,,,,,,,,,,,
2,127,7131,02,202606,1271101295,00122259,0000211623,11,1111,244,3,,,,732,,,,
2,128,7131,02,202606,1271101295,00122259,0000211623,11,6184,195,1,,,,195,,,,
2,129,7131,10,202606,1271101295,00122259,0000211623,11,3,732,732,195,,,927,1042,8693,966,,,,,,,,,,,,,,,,,,,,,
2,130,7131,01,202606,1271101295,00122069,0000032877,12122214,3864014,,,,,19420528,1,22,,20260401,20260630,1,1271101287,,,,,,,,,90,100,,,5691,53370,0,,,,5691,5930,0,,,,,,,,,,,,,,,
2,131,7131,02,202606,1271101295,00122069,0000032877,11,5111,452,6,6,,,2712,2712,,,
2,132,7131,02,202606,1271101295,00122069,0000032877,11,1311,567,2,2,,,1134,1134,,,
2,133,7131,02,202606,1271101295,00122069,0000032877,11,1411,649,1,1,,,649,649,,,
2,134,7131,02,202606,1271101295,00122069,0000032877,11,6184,1196,1,1,,,1196,1196,,,
2,135,7131,10,202606,1271101295,00122069,0000032877,11,9,4495,4495,1196,,,5691,1042,53370,0,5691,5930,0,,,,,,,,,,,,,,,,,,
2,136,7131,01,202606,1271101295,00122069,0000022044,,,,,,,19370102,1,21,,20260401,20260731,1,1271103093,,,,,,,,,80,,,,4345,36219,9055,,,,,,,,,,,,,,,,,,,,,
2,137,7131,02,202606,1271101295,00122069,0000022044,11,1111,244,9,,,,2196,,,,
2,138,7131,02,202606,1271101295,00122069,0000022044,11,4111,309,4,,,,1236,,,,
2,139,7131,02,202606,1271101295,00122069,0000022044,11,6184,913,1,,,,913,,,,
2,140,7131,10,202606,1271101295,00122069,0000022044,11,13,3432,3432,913,,,4345,1042,36219,9055,,,,,,,,,,,,,,,,,,,,,
2,141,7131,01,202606,1271101295,00122069,0000023096,,,,,,,19370713,2,21,,20260301,20260731,1,1271103093,,,,,,,,,90,,,,4736,44414,4935,,,,,,,,,,,,,,,,,,,,,
2,142,7131,02,202606,1271101295,00122069,0000023096,11,1111,244,9,,,,2196,,,,
2,143,7131,02,202606,1271101295,00122069,0000023096,11,4111,309,5,,,,1545,,,,
2,144,7131,02,202606,1271101295,00122069,0000023096,11,6184,995,1,,,,995,,,,
2,145,7131,10,202606,1271101295,00122069,0000023096,11,14,3741,3741,995,,,4736,1042,44414,4935,,,,,,,,,,,,,,,,,,,,,
2,146,7131,01,202606,1271101295,00122069,0000070840,,,,,,,19630922,2,21,,20250901,20260831,1,1271101287,,,,,,,,,90,,,,980,9189,1022,,,,,,,,,,,,,,,,,,,,,
2,147,7131,02,202606,1271101295,00122069,0000070840,11,1211,387,2,,,,774,,,,
2,148,7131,02,202606,1271101295,00122069,0000070840,11,6184,206,1,,,,206,,,,
2,149,7131,10,202606,1271101295,00122069,0000070840,11,2,774,774,206,,,980,1042,9189,1022,,,,,,,,,,,,,,,,,,,,,
2,150,7131,01,202606,1271101295,00122259,0000485902,,,,,,,19641105,1,23,,20260501,20270430,2,,,,,,,,,,90,,,,6198,58124,6459,,,,,,,,,,,,,,,,,,,,,
2,151,7131,02,202606,1271101295,00122259,0000485902,11,1112,305,12,,,,3660,,,,
2,152,7131,02,202606,1271101295,00122259,0000485902,11,4111,309,4,,,,1236,,,,
2,153,7131,02,202606,1271101295,00122259,0000485902,11,6184,1302,1,,,,1302,,,,
2,154,7131,10,202606,1271101295,00122259,0000485902,11,16,27048,4896,1302,,,6198,1042,58124,6459,,,,,,,,,,,,,,,,,,,,,
2,155,7131,01,202606,1271101295,00122259,0000171256,,,,,,,19361123,1,21,,20260101,20281231,1,1271101287,,,,,,,,,90,,,,7019,65823,7314,,,,,,,,,,,,,,,,,,,,,
2,156,7131,02,202606,1271101295,00122259,0000171256,11,1311,567,5,,,,2835,,,,
2,157,7131,02,202606,1271101295,00122259,0000171256,11,1211,387,7,,,,2709,,,,
2,158,7131,02,202606,1271101295,00122259,0000171256,11,6184,1475,1,,,,1475,,,,
2,159,7131,10,202606,1271101295,00122259,0000171256,11,12,5544,5544,1475,,,7019,1042,65823,7314,,,,,,,,,,,,,,,,,,,,,
2,160,7131,01,202606,1271101295,00122069,0000042375,,,,,,,19461028,2,22,,20260301,20270228,1,1271102293,,,,,,,,,70,,,,5150,37564,16099,,,,,,,,,,,,,,,,,,,,,
2,161,7131,02,202606,1271101295,00122069,0000042375,11,5111,452,9,,,,4068,,,,
2,162,7131,02,202606,1271101295,00122069,0000042375,11,6184,1082,1,,,,1082,,,,
2,163,7131,10,202606,1271101295,00122069,0000042375,11,9,4068,4068,1082,,,5150,1042,37564,16099,,,,,,,,,,,,,,,,,,,,,
2,164,7131,01,202606,1271101295,00122069,0000039965,,,,,,,19450722,1,21,,20260301,20270228,1,1271102590,,,,,,,,,90,,,,10604,99443,11050,,,,,,,,,,,,,,,,,,,,,
2,165,7131,02,202606,1271101295,00122069,0000039965,11,1111,244,17,,,,4148,,,,
2,166,7131,02,202606,1271101295,00122069,0000039965,11,4211,374,8,,,,2992,,,,
2,167,7131,02,202606,1271101295,00122069,0000039965,11,4111,309,4,,,,1236,,,,
2,168,7131,02,202606,1271101295,00122069,0000039965,11,6184,2228,1,,,,2228,,,,
2,169,7131,10,202606,1271101295,00122069,0000039965,11,29,8376,8376,2228,,,10604,1042,99443,11050,,,,,,,,,,,,,,,,,,,,,
2,170,7131,01,202606,1271101295,00122069,0000071599,,,,,,,19641216,1,25,,20260501,20300430,1,1271102574,,,,,,,,,90,,,,3287,30825,3425,,,,,,,,,,,,,,,,,,,,,
2,171,7131,02,202606,1271101295,00122069,0000071599,11,1421,1298,2,,,,2596,,,,
2,172,7131,02,202606,1271101295,00122069,0000071599,11,6184,691,1,,,,691,,,,
2,173,7131,10,202606,1271101295,00122069,0000071599,11,2,2596,2596,691,,,3287,1042,30825,3425,,,,,,,,,,,,,,,,,,,,,
2,174,7131,01,202606,1271101295,00122069,0000022800,,,,,,,19370510,2,25,,20241001,20270930,1,1271101287,,,,,,,,,90,,,,5826,54635,6071,,,,,,,,,,,,,,,,,,,,,
2,175,7131,02,202606,1271101295,00122069,0000022800,11,1211,387,10,,,,3870,,,,
2,176,7131,02,202606,1271101295,00122069,0000022800,11,1111,244,3,,,,732,,,,
2,177,7131,02,202606,1271101295,00122069,0000022800,11,6184,1224,1,,,,1224,,,,
2,178,7131,10,202606,1271101295,00122069,0000022800,11,13,4602,4602,1224,,,5826,1042,54635,6071,,,,,,,,,,,,,,,,,,,,,
2,179,7131,01,202606,1271101295,00122069,0000044717,,,,,,,19470902,2,21,,20260601,20270531,1,1271100040,,,,,,,,,90,,,,12331,115640,12849,,,,,,,,,,,,,,,,,,,,,
2,180,7131,02,202606,1271101295,00122069,0000044717,11,4211,374,20,,,,7480,,,,
2,181,7131,02,202606,1271101295,00122069,0000044717,11,5111,452,5,,,,2260,,,,
2,182,7131,02,202606,1271101295,00122069,0000044717,11,6184,2591,1,,,,2591,,,,
2,183,7131,10,202606,1271101295,00122069,0000044717,11,25,9740,9740,2591,,,12331,1042,115640,12849,,,,,,,,,,,,,,,,,,,,,
2,184,7131,01,202606,1271101295,00122069,0000059404,,,,,,,19530813,1,23,,20251003,20261031,1,1273400851,,,,,,,,,90,,,,17134,160682,17854,,,,,,,,,,,,,,,,,,,,,
2,185,7131,02,202606,1271101295,00122069,0000059404,11,4111,309,22,,,,6798,,,,
2,186,7131,02,202606,1271101295,00122069,0000059404,11,4211,374,8,,,,2992,,,,
2,187,7131,02,202606,1271101295,00122069,0000059404,11,1111,244,9,,,,2196,,,,
2,188,7131,02,202606,1271101295,00122069,0000059404,11,1211,387,4,,,,1548,,,,
2,189,7131,02,202606,1271101295,00122069,0000059404,11,6184,3600,1,,,,3600,,,,
2,190,7131,10,202606,1271101295,00122069,0000059404,11,30,13534,13534,3600,,,17134,1042,160682,17854,,,,,,,,,,,,,,,,,,,,,
2,191,7131,01,202606,1271101295,00122069,0000050151,12122214,5795018,,,,,19430624,1,21,,20260301,20270228,1,1271102459,,,,,,,,,90,100,,,9608,90103,0,,,,9608,10012,0,,,,,,,,,,,,,,,
2,192,7131,02,202606,1271101295,00122069,0000050151,11,4111,309,21,21,,,6489,6489,,,
2,193,7131,02,202606,1271101295,00122069,0000050151,11,7311,220,5,5,,,1100,1100,,,
2,194,7131,02,202606,1271101295,00122069,0000050151,11,6184,2019,1,1,,,2019,2019,,,
2,195,7131,10,202606,1271101295,00122069,0000050151,11,26,7589,7589,2019,,,9608,1042,90103,0,9608,10012,0,,,,,,,,,,,,,,,,,,
2,196,7131,01,202606,1271101295,00122069,0000020161,12122214,7885023,,,,,19351201,2,24,,20241101,20271031,1,1271101287,,,,,,,,,90,100,,,21332,200051,0,,,,21332,7228,15000,,,,,,,,,,,,,,,
2,197,7131,02,202606,1271101295,00122069,0000020161,11,1111,244,43,43,,,10492,10492,,,
2,198,7131,02,202606,1271101295,00122069,0000020161,11,4211,374,17,17,,,6358,6358,,,
2,199,7131,02,202606,1271101295,00122069,0000020161,11,6184,4482,1,1,,,4482,4482,,,
2,200,7131,10,202606,1271101295,00122069,0000020161,11,30,16850,16850,4482,,,21332,1042,200051,0,21332,7228,15000,,,,,,,,,,,,,,,,,,
2,201,7131,01,202606,1271101295,00122069,0000024052,,,,,,,19380120,2,21,,20251201,20261130,1,1271102574,,,,,,,,,90,,,,2228,20893,2322,,,,,,,,,,,,,,,,,,,,,
2,202,7131,02,202606,1271101295,00122069,0000024052,11,7311,220,8,,,,1760,,,,
2,203,7131,02,202606,1271101295,00122069,0000024052,11,6184,468,1,,,,468,,,,
2,204,7131,10,202606,1271101295,00122069,0000024052,11,8,1760,1760,468,,,2228,1042,20893,2322,,,,,,,,,,,,,,,,,,,,,
2,205,7131,01,202606,1271101295,00122069,0000053851,,,,,,,19510209,1,22,,20260601,20290531,1,1271101287,,,,,,,,,90,,,,3621,33957,3773,,,,,,,,,,,,,,,,,,,,,
2,206,7131,02,202606,1271101295,00122069,0000053851,11,7311,220,13,,,,2860,,,,
2,207,7131,02,202606,1271101295,00122069,0000053851,11,6184,761,1,,,,761,,,,
2,208,7131,10,202606,1271101295,00122069,0000053851,11,13,2860,2860,761,,,3621,1042,33957,3773,,,,,,,,,,,,,,,,,,,,,
2,209,7131,01,202606,1271101295,00122069,0000039130,,,,,,,19450208,2,21,,20251014,20261031,1,1271102970,,,,,,,,,90,,,,3920,36761,4085,,,,,,,,,,,,,,,,,,,,,
2,210,7131,02,202606,1271101295,00122069,0000039130,11,1211,387,8,,,,3096,,,,
2,211,7131,02,202606,1271101295,00122069,0000039130,11,6184,824,1,,,,824,,,,
2,212,7131,10,202606,1271101295,00122069,0000039130,11,8,3096,3096,824,,,3920,1042,36761,4085,,,,,,,,,,,,,,,,,,,,,
2,213,7131,01,202606,1271101295,00122069,0000026902,,,,,,,19390909,1,22,,20260101,20261231,1,1271102590,,,,,,,,,80,,,,4409,36752,9189,,,,,,,,,,,,,,,,,,,,,
2,214,7131,02,202606,1271101295,00122069,0000026902,11,1211,387,9,,,,3483,,,,
2,215,7131,02,202606,1271101295,00122069,0000026902,11,6184,926,1,,,,926,,,,
2,216,7131,10,202606,1271101295,00122069,0000026902,11,9,3483,3483,926,,,4409,1042,36752,9189,,,,,,,,,,,,,,,,,,,,,
2,217,7131,01,202606,1271101295,00122069,0000048878,,,,,,,19490303,2,21,,20251204,20261231,1,1271101923,,,,,,,,,90,,,,1894,17761,1974,,,,,,,,,,,,,,,,,,,,,
2,218,7131,02,202606,1271101295,00122069,0000048878,11,4211,374,4,,,,1496,,,,
2,219,7131,02,202606,1271101295,00122069,0000048878,11,6184,398,1,,,,398,,,,
2,220,7131,10,202606,1271101295,00122069,0000048878,11,4,1496,1496,398,,,1894,1042,17761,1974,,,,,,,,,,,,,,,,,,,,,
2,221,7131,01,202606,1271101295,00122069,0000028555,,,,,,,19400716,1,23,,20260201,20290131,1,1271101287,,,,,,,,,90,,,,11712,109835,12204,,,,,,,,,,,,,,,,,,,,,
2,222,7131,02,202606,1271101295,00122069,0000028555,11,1311,567,9,,,,5103,,,,
2,223,7131,02,202606,1271101295,00122069,0000028555,11,1111,244,17,,,,4148,,,,
2,224,7131,02,202606,1271101295,00122069,0000028555,11,6184,2461,1,,,,2461,,,,
2,225,7131,10,202606,1271101295,00122069,0000028555,11,26,9251,9251,2461,,,11712,1042,109835,12204,,,,,,,,,,,,,,,,,,,,,
2,226,7131,01,202606,1271101295,00122069,0000025629,,,,,,,19390102,2,23,,20251105,20261130,1,1271100446,,,,,,,,,90,,,,15917,149269,16586,,,,,,,,,,,,,,,,,,,,,
2,227,7131,02,202606,1271101295,00122069,0000025629,11,1111,244,30,,,,7320,,,,
2,228,7131,02,202606,1271101295,00122069,0000025629,11,4111,309,17,,,,5253,,,,
2,229,7131,02,202606,1271101295,00122069,0000025629,11,6184,3344,1,,,,3344,,,,
2,230,7131,10,202606,1271101295,00122069,0000025629,11,30,12573,12573,3344,,,15917,1042,149269,16586,,,,,,,,,,,,,,,,,,,,,
2,231,7131,01,202606,1271101295,00122069,0000057563,,,,,,,19520915,1,23,,20240101,20261231,1,1271101287,,,,,,,,,80,,,,4409,36752,9189,,,,,,,,,,,,,,,,,,,,,
2,232,7131,02,202606,1271101295,00122069,0000057563,11,1211,387,9,,,,3483,,,,
2,233,7131,02,202606,1271101295,00122069,0000057563,11,6184,926,1,,,,926,,,,
2,234,7131,10,202606,1271101295,00122069,0000057563,11,9,3483,3483,926,,,4409,1042,36752,9189,,,,,,,,,,,,,,,,,,,,,
2,235,7131,01,202606,1271101295,00122069,0000033195,,,,,,,19420721,1,23,,20260401,20300331,1,1271102236,,,,,,,,,90,,,,18376,172329,19148,,,,,,,,,,,,,,,,,,,,,
2,236,7131,02,202606,1271101295,00122069,0000033195,11,1311,567,12,,,,6804,,,,
2,237,7131,02,202606,1271101295,00122069,0000033195,11,5111,452,9,,,,4068,,,,
2,238,7131,02,202606,1271101295,00122069,0000033195,11,1211,387,7,,,,2709,,,,
2,239,7131,02,202606,1271101295,00122069,0000033195,11,5211,517,4,,,,2068,,,,
2,240,7131,02,202606,1271101295,00122069,0000033195,11,1111,244,1,,,,244,,,,
2,241,7131,02,202606,1271101295,00122069,0000033195,11,6184,3861,1,,,,3861,,,,
2,242,7131,10,202606,1271101295,00122069,0000033195,11,25,14515,15893,3861,,,18376,1042,172329,19148,,,,,,,,,,,,,,,,,,,,,
2,243,7131,01,202606,1271101295,00122069,0000062126,,,,,,,19550105,2,21,,20260501,20270430,1,1271101287,,,,,,,,,90,,,,3854,36142,4016,,,,,,,,,,,,,,,,,,,,,
2,244,7131,02,202606,1271101295,00122069,0000062126,11,5111,452,4,,,,1808,,,,
2,245,7131,02,202606,1271101295,00122069,0000062126,11,4211,374,2,,,,748,,,,
2,246,7131,02,202606,1271101295,00122069,0000062126,11,1111,244,2,,,,488,,,,
2,247,7131,02,202606,1271101295,00122069,0000062126,11,6184,810,1,,,,810,,,,
2,248,7131,10,202606,1271101295,00122069,0000062126,11,8,3044,3044,810,,,3854,1042,36142,4016,,,,,,,,,,,,,,,,,,,,,
2,249,7131,01,202606,1271101295,00122069,0000020999,,,,,,,19450831,2,23,,20230701,20260630,1,1271102459,,,,,,,,,90,,,,20234,189754,21084,,,,,,,,,,,,,,,,,,,,,
2,250,7131,02,202606,1271101295,00122069,0000020999,11,1211,387,26,,,,10062,,,,
2,251,7131,02,202606,1271101295,00122069,0000020999,11,1311,567,7,,,,3969,,,,
2,252,7131,02,202606,1271101295,00122069,0000020999,11,1111,244,8,,,,1952,,,,
2,253,7131,02,202606,1271101295,00122069,0000020999,11,6184,4251,1,,,,4251,,,,
2,254,7131,10,202606,1271101295,00122069,0000020999,11,26,15983,15983,4251,,,20234,1042,189754,21084,,,,,,,,,,,,,,,,,,,,,
2,255,7131,01,202606,1271101295,00122069,0000027963,,,,,,,19400325,1,21,,20260309,20270331,1,1271101287,,,,,,,,,70,,,,1960,14296,6127,,,,,,,,,,,,,,,,,,,,,
2,256,7131,02,202606,1271101295,00122069,0000027963,11,1211,387,4,,,,1548,,,,
2,257,7131,02,202606,1271101295,00122069,0000027963,11,6184,412,1,,,,412,,,,
2,258,7131,10,202606,1271101295,00122069,0000027963,11,4,1548,1548,412,,,1960,1042,14296,6127,,,,,,,,,,,,,,,,,,,,,
2,259,7131,01,202606,1271101295,00122069,0000025554,,,,,,,19381217,2,22,,20260316,20270331,1,1271101287,,,,,,,,,90,,,,1956,18342,2039,,,,,,,,,,,,,,,,,,,,,
2,260,7131,02,202606,1271101295,00122069,0000025554,11,4111,309,5,,,,1545,,,,
2,261,7131,02,202606,1271101295,00122069,0000025554,11,6184,411,1,,,,411,,,,
2,262,7131,10,202606,1271101295,00122069,0000025554,11,5,1545,1545,411,,,1956,1042,18342,2039,,,,,,,,,,,,,,,,,,,,,
2,263,7131,01,202606,1271101295,00122069,0000055264,,,,,,,19440118,2,21,,20250901,20260831,1,1271100065,,,,,,,,,90,,,,8329,78109,8679,,,,,,,,,,,,,,,,,,,,,
2,264,7131,02,202606,1271101295,00122069,0000055264,11,1211,387,17,,,,6579,,,,
2,265,7131,02,202606,1271101295,00122069,0000055264,11,6184,1750,1,,,,1750,,,,
2,266,7131,10,202606,1271101295,00122069,0000055264,11,17,6579,6579,1750,,,8329,1042,78109,8679,,,,,,,,,,,,,,,,,,,,,
2,267,7131,01,202606,1271101295,00122069,0000007056,,,,,,,19340215,2,24,,20241001,20270930,1,1271102459,,,,,,,,,90,,,,2450,22976,2553,,,,,,,,,,,,,,,,,,,,,
2,268,7131,02,202606,1271101295,00122069,0000007056,11,1211,387,5,,,,1935,,,,
2,269,7131,02,202606,1271101295,00122069,0000007056,11,6184,515,1,,,,515,,,,
2,270,7131,10,202606,1271101295,00122069,0000007056,11,5,1935,1935,515,,,2450,1042,22976,2553,,,,,,,,,,,,,,,,,,,,,
2,271,7131,01,202606,1271101295,00122069,0000062120,12122214,2615011,,,,,19550201,2,21,,20241101,20281031,1,1271102905,,,,,,,,,90,100,,,1894,17761,0,,,,1894,1974,0,,,,,,,,,,,,,,,
2,272,7131,02,202606,1271101295,00122069,0000062120,11,4211,374,4,4,,,1496,1496,,,
2,273,7131,02,202606,1271101295,00122069,0000062120,11,6184,398,1,1,,,398,398,,,
2,274,7131,10,202606,1271101295,00122069,0000062120,11,4,1496,1496,398,,,1894,1042,17761,0,1894,1974,0,,,,,,,,,,,,,,,,,,
2,275,7131,01,202606,1271101295,00122069,0000042824,,,,,,,19470101,1,22,,20250901,20290831,1,1271101923,,,,,,,,,90,,,,4409,41346,4595,,,,,,,,,,,,,,,,,,,,,
2,276,7131,02,202606,1271101295,00122069,0000042824,11,1211,387,9,,,,3483,,,,
2,277,7131,02,202606,1271101295,00122069,0000042824,11,6184,926,1,,,,926,,,,
2,278,7131,10,202606,1271101295,00122069,0000042824,11,9,3483,3483,926,,,4409,1042,41346,4595,,,,,,,,,,,,,,,,,,,,,
2,279,7131,01,202606,1271101295,00122069,0000054586,,,,,,,19520101,2,23,,20240101,20261231,1,1271102806,,,,,,,,,90,,,,6440,60393,6711,,,,,,,,,,,,,,,,,,,,,
2,280,7131,02,202606,1271101295,00122069,0000054586,11,4111,309,15,,,,4635,,,,
2,281,7131,02,202606,1271101295,00122069,0000054586,11,5111,452,1,,,,452,,,,
2,282,7131,02,202606,1271101295,00122069,0000054586,11,6184,1353,1,,,,1353,,,,
2,283,7131,10,202606,1271101295,00122069,0000054586,11,16,5087,5087,1353,,,6440,1042,60393,6711,,,,,,,,,,,,,,,,,,,,,
2,284,7131,01,202606,1271101295,00122069,0000041374,,,,,,,19460521,2,22,,20250601,20280531,1,1271102590,,,,,,,,,90,,,,4016,37661,4185,,,,,,,,,,,,,,,,,,,,,
2,285,7131,02,202606,1271101295,00122069,0000041374,11,1111,244,13,,,,3172,,,,
2,286,7131,02,202606,1271101295,00122069,0000041374,11,6184,844,1,,,,844,,,,
2,287,7131,10,202606,1271101295,00122069,0000041374,11,13,3172,3172,844,,,4016,1042,37661,4185,,,,,,,,,,,,,,,,,,,,,
2,288,7131,01,202606,1271101295,00122069,0000055726,12122214,4141016,,,,,19511219,1,22,,20260101,20291231,1,1273000065,,,,,,,,,90,100,,,3130,29352,0,,,,3130,3262,0,,,,,,,,,,,,,,,
2,289,7131,02,202606,1271101295,00122069,0000055726,11,4111,309,8,8,,,2472,2472,,,
2,290,7131,02,202606,1271101295,00122069,0000055726,11,6184,658,1,1,,,658,658,,,
2,291,7131,10,202606,1271101295,00122069,0000055726,11,8,2472,2472,658,,,3130,1042,29352,0,3130,3262,0,,,,,,,,,,,,,,,,,,
2,292,7131,01,202606,1271101295,00122069,0000009839,,,,,,,19250305,2,23,,20260401,20290331,1,1271102574,,,,,,,,,90,,,,18411,172657,19185,,,,,,,,,,,,,,,,,,,,,
2,293,7131,02,202606,1271101295,00122069,0000009839,11,1112,305,30,,,,9150,,,,
2,294,7131,02,202606,1271101295,00122069,0000009839,11,1111,244,30,,,,7320,,,,
2,295,7131,02,202606,1271101295,00122069,0000009839,11,6184,3868,1,,,,3868,,,,
2,296,7131,10,202606,1271101295,00122069,0000009839,11,30,14543,16470,3868,,,18411,1042,172657,19185,,,,,,,,,,,,,,,,,,,,,
2,297,7131,01,202606,1271101295,00122069,0000014896,,,,,,,19311028,2,24,,20250801,20290731,1,1271102236,,,,,,,,,90,,,,5592,52441,5827,,,,,,,,,,,,,,,,,,,,,
2,298,7131,02,202606,1271101295,00122069,0000014896,11,1211,387,7,,,,2709,,,,
2,299,7131,02,202606,1271101295,00122069,0000014896,11,1111,244,7,,,,1708,,,,
2,300,7131,02,202606,1271101295,00122069,0000014896,11,6184,1175,1,,,,1175,,,,
2,301,7131,10,202606,1271101295,00122069,0000014896,11,7,4417,4417,1175,,,5592,1042,52441,5827,,,,,,,,,,,,,,,,,,,,,
2,302,7131,01,202606,1271101295,00122069,0000072867,,,,,,,19470821,2,25,,20260401,20270331,1,1271101287,,,,,,,,,90,,,,23234,217888,24210,,,,,,,,,,,,,,,,,,,,,
2,303,7131,02,202606,1271101295,00122069,0000072867,11,1211,387,38,,,,14706,,,,
2,304,7131,02,202606,1271101295,00122069,0000072867,11,1311,567,6,,,,3402,,,,
2,305,7131,02,202606,1271101295,00122069,0000072867,11,1111,244,1,,,,244,,,,
2,306,7131,02,202606,1271101295,00122069,0000072867,11,6184,4882,1,,,,4882,,,,
2,307,7131,10,202606,1271101295,00122069,0000072867,11,23,18352,18352,4882,,,23234,1042,217888,24210,,,,,,,,,,,,,,,,,,,,,
2,308,7131,01,202606,1271101295,00122069,0000025749,,,,,,,19390120,2,22,,20250101,20271231,1,1271100040,,,,,,,,,90,,,,9349,87674,9742,,,,,,,,,,,,,,,,,,,,,
2,309,7131,02,202606,1271101295,00122069,0000025749,11,1111,244,29,,,,7076,,,,
2,310,7131,02,202606,1271101295,00122069,0000025749,11,4111,309,1,,,,309,,,,
2,311,7131,02,202606,1271101295,00122069,0000025749,11,6184,1964,1,,,,1964,,,,
2,312,7131,10,202606,1271101295,00122069,0000025749,11,30,7385,7385,1964,,,9349,1042,87674,9742,,,,,,,,,,,,,,,,,,,,,
2,313,7131,01,202606,1271101295,00122069,0000025123,,,,,,,19380920,1,21,,20260201,20270131,1,1271100040,,,,,,,,,90,,,,6177,57927,6437,,,,,,,,,,,,,,,,,,,,,
2,314,7131,02,202606,1271101295,00122069,0000025123,11,4111,309,15,,,,4635,,,,
2,315,7131,02,202606,1271101295,00122069,0000025123,11,1111,244,1,,,,244,,,,
2,316,7131,02,202606,1271101295,00122069,0000025123,11,6184,1298,1,,,,1298,,,,
2,317,7131,10,202606,1271101295,00122069,0000025123,11,16,4879,4879,1298,,,6177,1042,57927,6437,,,,,,,,,,,,,,,,,,,,,
2,318,7131,01,202606,1271101295,00122069,0000023492,,,,,,,19371010,2,23,,20260501,20270430,1,1271100024,,,,,,,,,90,,,,8819,82703,9190,,,,,,,,,,,,,,,,,,,,,
2,319,7131,02,202606,1271101295,00122069,0000023492,11,1211,387,18,,,,6966,,,,
2,320,7131,02,202606,1271101295,00122069,0000023492,11,6184,1853,1,,,,1853,,,,
2,321,7131,10,202606,1271101295,00122069,0000023492,11,18,6966,6966,1853,,,8819,1042,82703,9190,,,,,,,,,,,,,,,,,,,,,
2,322,7131,01,202606,1271101295,00122069,0000058975,,,,,,,19530515,2,21,,20250916,20260930,2,,,,,,,,,,90,,,,2491,23360,2596,,,,,,,,,,,,,,,,,,,,,
2,323,7131,02,202606,1271101295,00122069,0000058975,11,4111,309,4,,,,1236,,,,
2,324,7131,02,202606,1271101295,00122069,0000058975,11,1111,244,3,,,,732,,,,
2,325,7131,02,202606,1271101295,00122069,0000058975,11,6184,523,1,,,,523,,,,
2,326,7131,10,202606,1271101295,00122069,0000058975,11,5,16765,1968,523,,,2491,1042,23360,2596,,,,,,,,,,,,,,,,,,,,,
2,327,7131,01,202606,1271101295,00122069,0000053068,,,,,,,19630910,1,21,,20251001,20260930,1,1271101147,,,,,,,,,90,,,,3621,33957,3773,,,,,,,,,,,,,,,,,,,,,
2,328,7131,02,202606,1271101295,00122069,0000053068,11,7311,220,13,,,,2860,,,,
2,329,7131,02,202606,1271101295,00122069,0000053068,11,6184,761,1,,,,761,,,,
2,330,7131,10,202606,1271101295,00122069,0000053068,11,13,2860,2860,761,,,3621,1042,33957,3773,,,,,,,,,,,,,,,,,,,,,
2,331,7131,01,202606,1271101295,00122069,0000009573,,,,,,,19330701,2,21,,20240101,20271231,1,1271100065,,,,,,,,,90,,,,6369,59727,6637,,,,,,,,,,,,,,,,,,,,,
2,332,7131,02,202606,1271101295,00122069,0000009573,11,1211,387,13,,,,5031,,,,
2,333,7131,02,202606,1271101295,00122069,0000009573,11,6184,1338,1,,,,1338,,,,
2,334,7131,10,202606,1271101295,00122069,0000009573,11,13,5031,5031,1338,,,6369,1042,59727,6637,,,,,,,,,,,,,,,,,,,,,
2,335,7131,01,202606,1271101295,00122069,0000027395,,,,,,,19391217,1,23,,20260108,20270131,1,1271101212,,,,,,,,,70,,,,1114,8124,3483,,,,,,,,,,,,,,,,,,,,,
2,336,7131,02,202606,1271101295,00122069,0000027395,11,7311,220,4,,,,880,,,,
2,337,7131,02,202606,1271101295,00122069,0000027395,11,6184,234,1,,,,234,,,,
2,338,7131,10,202606,1271101295,00122069,0000027395,11,4,880,880,234,,,1114,1042,8124,3483,,,,,,,,,,,,,,,,,,,,,
2,339,7131,01,202606,1271101295,00122069,0000029574,,,,,,,19410106,2,21,,20260108,20270131,1,1271101212,,,,,,,,,90,,,,1470,13785,1532,,,,,,,,,,,,,,,,,,,,,
2,340,7131,02,202606,1271101295,00122069,0000029574,11,1211,387,3,,,,1161,,,,
2,341,7131,02,202606,1271101295,00122069,0000029574,11,6184,309,1,,,,309,,,,
2,342,7131,10,202606,1271101295,00122069,0000029574,11,3,1161,1161,309,,,1470,1042,13785,1532,,,,,,,,,,,,,,,,,,,,,
2,343,7131,01,202606,1271101295,00122069,0000035291,,,,,,,19430618,2,21,,20250901,20260831,1,1273400851,,,,,,,,,90,,,,2679,25123,2792,,,,,,,,,,,,,,,,,,,,,
2,344,7131,02,202606,1271101295,00122069,0000035291,11,4111,309,4,,,,1236,,,,
2,345,7131,02,202606,1271101295,00122069,0000035291,11,7311,220,4,,,,880,,,,
2,346,7131,02,202606,1271101295,00122069,0000035291,11,6184,563,1,,,,563,,,,
2,347,7131,10,202606,1271101295,00122069,0000035291,11,8,2116,2116,563,,,2679,1042,25123,2792,,,,,,,,,,,,,,,,,,,,,
2,348,7131,01,202606,1271101295,00122069,0000034502,,,,,,,19430211,2,21,,20251003,20261031,1,1271100040,,,,,,,,,90,,,,1956,18342,2039,,,,,,,,,,,,,,,,,,,,,
2,349,7131,02,202606,1271101295,00122069,0000034502,11,4111,309,5,,,,1545,,,,
2,350,7131,02,202606,1271101295,00122069,0000034502,11,6184,411,1,,,,411,,,,
2,351,7131,10,202606,1271101295,00122069,0000034502,11,5,1545,1545,411,,,1956,1042,18342,2039,,,,,,,,,,,,,,,,,,,,,
2,352,7131,01,202606,1271101295,00122259,0000173963,,,,,,,19370203,2,22,,20260301,20300228,1,1273000628,,,,,,,,,90,,,,1956,18342,2039,,,,,,,,,,,,,,,,,,,,,
2,353,7131,02,202606,1271101295,00122259,0000173963,11,4111,309,5,,,,1545,,,,
2,354,7131,02,202606,1271101295,00122259,0000173963,11,6184,411,1,,,,411,,,,
2,355,7131,10,202606,1271101295,00122259,0000173963,11,5,1545,1545,411,,,1956,1042,18342,2039,,,,,,,,,,,,,,,,,,,,,
2,356,7131,01,202606,1271101295,00122069,0000031197,,,,,,,19410909,1,21,,20250901,20260831,1,1271101287,,,,,,,,,90,,,,1565,14676,1631,,,,,,,,,,,,,,,,,,,,,
2,357,7131,02,202606,1271101295,00122069,0000031197,11,4111,309,4,,,,1236,,,,
2,358,7131,02,202606,1271101295,00122069,0000031197,11,6184,329,1,,,,329,,,,
2,359,7131,10,202606,1271101295,00122069,0000031197,11,4,1236,1236,329,,,1565,1042,14676,1631,,,,,,,,,,,,,,,,,,,,,
2,360,7131,01,202606,1271101295,00122069,0000026819,,,,,,,19390828,1,25,,20240101,20271231,1,1271101287,,,,,,,,,90,,,,13069,122560,13618,,,,,,,,,,,,,,,,,,,,,
2,361,7131,02,202606,1271101295,00122069,0000026819,11,1211,387,21,,,,8127,,,,
2,362,7131,02,202606,1271101295,00122069,0000026819,11,1111,244,9,,,,2196,,,,
2,363,7131,02,202606,1271101295,00122069,0000026819,11,6184,2746,1,,,,2746,,,,
2,364,7131,10,202606,1271101295,00122069,0000026819,11,30,10323,10323,2746,,,13069,1042,122560,13618,,,,,,,,,,,,,,,,,,,,,
2,365,7131,01,202606,1271101295,00122069,0000068563,12122214,7885015,,,,,19580609,1,21,,20260101,20261231,1,1271101287,,,,,,,,,90,100,,,6155,57721,0,,,,6155,2231,4183,,,,,,,,,,,,,,,
2,366,7131,02,202606,1271101295,00122069,0000068563,11,4211,374,13,13,,,4862,4862,,,
2,367,7131,02,202606,1271101295,00122069,0000068563,11,6184,1293,1,1,,,1293,1293,,,
2,368,7131,10,202606,1271101295,00122069,0000068563,11,13,4862,4862,1293,,,6155,1042,57721,0,6155,2231,4183,,,,,,,,,,,,,,,,,,
2,369,7131,01,202606,1271101295,00122069,0000028322,,,,,,,19400527,2,25,,20260201,20290131,1,1271102152,,,,,,,,,90,,,,12974,121670,13519,,,,,,,,,,,,,,,,,,,,,
2,370,7131,02,202606,1271101295,00122069,0000028322,11,1111,244,42,,,,10248,,,,
2,371,7131,02,202606,1271101295,00122069,0000028322,11,6184,2726,1,,,,2726,,,,
2,372,7131,10,202606,1271101295,00122069,0000028322,11,26,10248,10248,2726,,,12974,1042,121670,13519,,,,,,,,,,,,,,,,,,,,,
2,373,7131,01,202606,1271101295,00122267,0000281709,,,,,,,19450722,2,21,,20250101,20271231,1,1273001444,,,,,,,,,90,,,,5481,51400,5712,,,,,,,,,,,,,,,,,,,,,
2,374,7131,02,202606,1271101295,00122267,0000281709,11,4111,309,9,,,,2781,,,,
2,375,7131,02,202606,1271101295,00122267,0000281709,11,1211,387,4,,,,1548,,,,
2,376,7131,02,202606,1271101295,00122267,0000281709,11,6184,1152,1,,,,1152,,,,
2,377,7131,10,202606,1271101295,00122267,0000281709,11,13,4329,4329,1152,,,5481,1042,51400,5712,,,,,,,,,,,,,,,,,,,,,
2,378,7131,01,202606,1271101295,00122069,0000069046,,,,,,,19580907,1,24,,20260113,20270131,1,1271101923,,,,,,,,,90,,,,14060,131854,14651,,,,,,,,,,,,,,,,,,,,,
2,379,7131,02,202606,1271101295,00122069,0000069046,11,1111,244,36,,,,8784,,,,
2,380,7131,02,202606,1271101295,00122069,0000069046,11,1211,387,6,,,,2322,,,,
2,381,7131,02,202606,1271101295,00122069,0000069046,11,6184,2954,1,,,,2954,,,,
2,382,7131,10,202606,1271101295,00122069,0000069046,11,26,11106,11106,2954,,,14060,1042,131854,14651,,,,,,,,,,,,,,,,,,,,,
2,383,7131,01,202606,1271101295,00122069,0000031633,,,,,,,19411122,2,24,,20250601,20290531,1,1271101287,,,,,,,,,90,,,,25677,240798,26756,,,,,,,,,,,,,,,,,,,,,
2,384,7131,02,202606,1271101295,00122069,0000031633,11,1211,387,26,,,,10062,,,,
2,385,7131,02,202606,1271101295,00122069,0000031633,11,1311,567,12,,,,6804,,,,
2,386,7131,02,202606,1271101295,00122069,0000031633,11,1111,244,14,,,,3416,,,,
2,387,7131,02,202606,1271101295,00122069,0000031633,11,6184,5395,1,,,,5395,,,,
2,388,7131,10,202606,1271101295,00122069,0000031633,11,26,20282,20282,5395,,,25677,1042,240798,26756,,,,,,,,,,,,,,,,,,,,,
2,389,7131,01,202606,1271101295,00122069,0000058678,,,,,,,19390204,1,23,,20241001,20260930,1,1271101287,,,,,,,,,90,,,,8553,80209,8913,,,,,,,,,,,,,,,,,,,,,
2,390,7131,02,202606,1271101295,00122069,0000058678,11,5111,452,13,,,,5876,,,,
2,391,7131,02,202606,1271101295,00122069,0000058678,11,7311,220,4,,,,880,,,,
2,392,7131,02,202606,1271101295,00122069,0000058678,11,6184,1797,1,,,,1797,,,,
2,393,7131,10,202606,1271101295,00122069,0000058678,11,17,6756,6756,1797,,,8553,1042,80209,8913,,,,,,,,,,,,,,,,,,,,,
2,394,7131,01,202606,1271101295,00122069,0000026204,,,,,,,19390409,1,23,,20241201,20271130,1,1271101287,,,,,,,,,80,,,,15221,126881,31721,,,,,,,,,,,,,,,,,,,,,
2,395,7131,02,202606,1271101295,00122069,0000026204,11,1111,244,35,,,,8540,,,,
2,396,7131,02,202606,1271101295,00122069,0000026204,11,1211,387,9,,,,3483,,,,
2,397,7131,02,202606,1271101295,00122069,0000026204,11,6184,3198,1,,,,3198,,,,
2,398,7131,10,202606,1271101295,00122069,0000026204,11,22,12023,12023,3198,,,15221,1042,126881,31721,,,,,,,,,,,,,,,,,,,,,
2,399,7131,01,202606,1271101295,00122069,0000009485,,,,,,,19270209,1,24,,20240801,20260731,1,1271102293,,,,,,,,,90,,,,3130,29352,3262,,,,,,,,,,,,,,,,,,,,,
2,400,7131,02,202606,1271101295,00122069,0000009485,11,4111,309,8,,,,2472,,,,
2,401,7131,02,202606,1271101295,00122069,0000009485,11,6184,658,1,,,,658,,,,
2,402,7131,10,202606,1271101295,00122069,0000009485,11,8,2472,2472,658,,,3130,1042,29352,3262,,,,,,,,,,,,,,,,,,,,,
2,403,7131,01,202606,1271101295,00122069,0000060726,,,,,,,19550704,2,23,,20230401,20270331,1,1271102350,,,,,,,,,90,,,,13901,130363,14485,,,,,,,,,,,,,,,,,,,,,
2,404,7131,02,202606,1271101295,00122069,0000060726,11,1111,244,45,,,,10980,,,,
2,405,7131,02,202606,1271101295,00122069,0000060726,11,6184,2921,1,,,,2921,,,,
2,406,7131,10,202606,1271101295,00122069,0000060726,11,15,10980,10980,2921,,,13901,1042,130363,14485,,,,,,,,,,,,,,,,,,,,,
2,407,7131,01,202606,1271101295,00122069,0000067665,,,,,,,19441116,1,22,,20241101,20271031,1,1271102996,,,,,,,,,90,,,,3920,36761,4085,,,,,,,,,,,,,,,,,,,,,
2,408,7131,02,202606,1271101295,00122069,0000067665,11,1211,387,8,,,,3096,,,,
2,409,7131,02,202606,1271101295,00122069,0000067665,11,6184,824,1,,,,824,,,,
2,410,7131,10,202606,1271101295,00122069,0000067665,11,8,3096,3096,824,,,3920,1042,36761,4085,,,,,,,,,,,,,,,,,,,,,
2,411,7131,01,202606,1271101295,00122267,0000138115,,,,,,,19370826,2,22,,20250801,20290731,1,1273000602,,,,,,,,,90,,,,8116,76111,8457,,,,,,,,,,,,,,,,,,,,,
2,412,7131,02,202606,1271101295,00122267,0000138115,11,1211,387,9,,,,3483,,,,
2,413,7131,02,202606,1271101295,00122267,0000138115,11,1111,244,12,,,,2928,,,,
2,414,7131,02,202606,1271101295,00122267,0000138115,11,6184,1705,1,,,,1705,,,,
2,415,7131,10,202606,1271101295,00122267,0000138115,11,13,6411,6411,1705,,,8116,1042,76111,8457,,,,,,,,,,,,,,,,,,,,,
2,416,7131,01,202606,1271101295,00122069,0000035951,,,,,,,19430930,1,25,,20250916,20260930,1,1271101212,,,,,,,,,80,,,,20569,171462,42866,,,,,,,,,,,,,,,,,,,,,
2,417,7131,02,202606,1271101295,00122069,0000035951,11,1111,244,55,,,,13420,,,,
2,418,7131,02,202606,1271101295,00122069,0000035951,11,1112,305,8,,,,2440,,,,
2,419,7131,02,202606,1271101295,00122069,0000035951,11,1211,387,1,,,,387,,,,
2,420,7131,02,202606,1271101295,00122069,0000035951,11,6184,4322,1,,,,4322,,,,
2,421,7131,10,202606,1271101295,00122069,0000035951,11,30,16247,16247,4322,,,20569,1042,171462,42866,,,,,,,,,,,,,,,,,,,,,
2,422,7131,01,202606,1271101295,00122069,0000031437,,,,,,,19411022,1,21,,20250901,20270831,1,1271101287,,,,,,,,,90,,,,5086,47696,5300,,,,,,,,,,,,,,,,,,,,,
2,423,7131,02,202606,1271101295,00122069,0000031437,11,4111,309,13,,,,4017,,,,
2,424,7131,02,202606,1271101295,00122069,0000031437,11,6184,1069,1,,,,1069,,,,
2,425,7131,10,202606,1271101295,00122069,0000031437,11,13,4017,4017,1069,,,5086,1042,47696,5300,,,,,,,,,,,,,,,,,,,,,
2,426,7131,01,202606,1271101295,00122069,0000048589,,,,,,,19560921,1,21,,20260201,20270131,1,1271101287,,,,,,,,,90,,,,4409,41346,4595,,,,,,,,,,,,,,,,,,,,,
2,427,7131,02,202606,1271101295,00122069,0000048589,11,1211,387,9,,,,3483,,,,
2,428,7131,02,202606,1271101295,00122069,0000048589,11,6184,926,1,,,,926,,,,
2,429,7131,10,202606,1271101295,00122069,0000048589,11,9,3483,3483,926,,,4409,1042,41346,4595,,,,,,,,,,,,,,,,,,,,,
2,430,7131,01,202606,1271101295,00122069,0000065803,,,,,,,19530221,2,22,,20250801,20280731,1,1271101287,,,,,,,,,90,,,,1960,18380,2043,,,,,,,,,,,,,,,,,,,,,
2,431,7131,02,202606,1271101295,00122069,0000065803,11,1211,387,4,,,,1548,,,,
2,432,7131,02,202606,1271101295,00122069,0000065803,11,6184,412,1,,,,412,,,,
2,433,7131,10,202606,1271101295,00122069,0000065803,11,4,1548,1548,412,,,1960,1042,18380,2043,,,,,,,,,,,,,,,,,,,,,
2,434,7131,01,202606,1271101295,00122069,0000014116,,,,,,,19250326,2,25,,20240101,20261231,1,1271102590,,,,,,,,,90,,,,15227,142798,15867,,,,,,,,,,,,,,,,,,,,,
2,435,7131,02,202606,1271101295,00122069,0000014116,11,1111,244,40,,,,9760,,,,
2,436,7131,02,202606,1271101295,00122069,0000014116,11,1311,567,4,,,,2268,,,,
2,437,7131,02,202606,1271101295,00122069,0000014116,11,6184,3199,1,,,,3199,,,,
2,438,7131,10,202606,1271101295,00122069,0000014116,11,22,12028,12028,3199,,,15227,1042,142798,15867,,,,,,,,,,,,,,,,,,,,,
2,439,7131,01,202606,1271101295,00122069,0000028776,12122214,0334318,,,,,19400831,2,25,,20250609,20260630,1,1273400794,,,,,,,,,90,100,,,13464,126264,0,,,,13464,14030,0,,,,,,,,,,,,,,,
2,440,7131,02,202606,1271101295,00122069,0000028776,11,1111,244,42,42,,,10248,10248,,,
2,441,7131,02,202606,1271101295,00122069,0000028776,11,1211,387,1,1,,,387,387,,,
2,442,7131,02,202606,1271101295,00122069,0000028776,11,6184,2829,1,1,,,2829,2829,,,
2,443,7131,10,202606,1271101295,00122069,0000028776,11,22,10635,10635,2829,,,13464,1042,126264,0,13464,14030,0,,,,,,,,,,,,,,,,,,
2,444,7131,01,202606,1271101295,00122069,0000037600,,,,,,,19440516,2,24,,20260401,20290331,1,1273401016,,,,,,,,,90,,,,1236,11591,1288,,,,,,,,,,,,,,,,,,,,,
2,445,7131,02,202606,1271101295,00122069,0000037600,11,1111,244,4,,,,976,,,,
2,446,7131,02,202606,1271101295,00122069,0000037600,11,6184,260,1,,,,260,,,,
2,447,7131,10,202606,1271101295,00122069,0000037600,11,4,976,976,260,,,1236,1042,11591,1288,,,,,,,,,,,,,,,,,,,,,
2,448,7131,01,202606,1271101295,00122069,0000008685,,,,,,,19341130,1,21,,20241001,20280930,1,1271102541,,,,,,,,,90,,,,557,5222,581,,,,,,,,,,,,,,,,,,,,,
2,449,7131,02,202606,1271101295,00122069,0000008685,11,7311,220,2,,,,440,,,,
2,450,7131,02,202606,1271101295,00122069,0000008685,11,6184,117,1,,,,117,,,,
2,451,7131,10,202606,1271101295,00122069,0000008685,11,2,440,440,117,,,557,1042,5222,581,,,,,,,,,,,,,,,,,,,,,
2,452,7131,01,202606,1271101295,00122069,0000072703,,,,,,,19430427,1,22,,20260301,20290228,1,1271101287,,,,,,,,,80,,,,6264,52216,13054,,,,,,,,,,,,,,,,,,,,,
2,453,7131,02,202606,1271101295,00122069,0000072703,11,5111,452,9,,,,4068,,,,
2,454,7131,02,202606,1271101295,00122069,0000072703,11,7311,220,4,,,,880,,,,
2,455,7131,02,202606,1271101295,00122069,0000072703,11,6184,1316,1,,,,1316,,,,
2,456,7131,10,202606,1271101295,00122069,0000072703,11,13,4948,4948,1316,,,6264,1042,52216,13054,,,,,,,,,,,,,,,,,,,,,
3,457
