1,1,0,66,71R,0,0,1279000366,0,7,202608,1
2,2,"7113",202606,1279000366,1,0,05,16,38933,395936,353298,1521,41117
2,3,"7113",202606,1279000366,2,12,05,1,1489,15202,0,1521,0
2,4,"71R1",01,202606,1279000366,00122135,"0100424410",,,,,,,19520330,1,12,,20250701,20260731,1,1271800029,,,,,,,,,80,,,,2974,24291,6073,0,0,0,0,0,0,0,0,0,0,0,0,0,0,0,0,0,0,0,0,0
2,5,"71R1",02,202606,1279000366,00122135,"0100424410",A2,1211,0,1,0,0,0,2349,0,0,0,""
2,6,"71R1",02,202606,1279000366,00122135,"0100424410",A2,6184,0,1,0,0,0,625,0,0,0,""
2,7,"71R1",10,202606,1279000366,00122135,"0100424410",A2,6,2349,2349,625,,,2974,1021,24291,6073,0,0,0,0,0,0,0,0,0,,,,,,,,,,,,
2,8,"71R1",01,202606,1279000366,00122135,"0100765187",,,,,,,19580928,2,13,,20241001,20280930,1,1276000096,,,,,,,,,90,,,,4718,43353,4817,0,0,0,0,0,0,0,0,0,0,0,0,0,0,0,0,0,0,0,0,0
2,9,"71R1",02,202606,1279000366,00122135,"0100765187",A2,1321,0,1,0,0,0,3727,0,0,0,""
2,10,"71R1",02,202606,1279000366,00122135,"0100765187",A2,6184,0,1,0,0,0,991,0,0,0,""
2,11,"71R1",10,202606,1279000366,00122135,"0100765187",A2,10,3727,3727,991,,,4718,1021,43353,4817,0,0,0,0,0,0,0,0,0,,,,,,,,,,,,
2,12,"71R1",01,202606,1279000366,00122358,"1000083121",,,,,,,19361006,2,12,,20260401,20290331,1,1275300182,,,,,,,,,90,,,,1489,13401,1489,0,0,0,0,0,0,0,0,0,0,0,0,0,0,0,0,0,0,0,0,0
2,13,"71R1",02,202606,1279000366,00122358,"1000083121",A2,1111,0,1,0,0,0,1176,0,0,0,""
2,14,"71R1",02,202606,1279000366,00122358,"1000083121",A2,6184,0,1,0,0,0,313,0,0,0,""
2,15,"71R1",10,202606,1279000366,00122358,"1000083121",A2,2,1176,1176,313,,,1489,1000,13401,1489,0,0,0,0,0,0,0,0,0,,,,,,,,,,,,
2,16,"71R1",01,202606,1279000366,00122358,"4000006496",,,,,,,19471115,2,12,,20260101,20281231,1,1275300182,,,,,,,,,90,,,,2974,26766,2974,0,0,0,0,0,0,0,0,0,0,0,0,0,0,0,0,0,0,0,0,0
2,17,"71R1",02,202606,1279000366,00122358,"4000006496",A2,1211,0,1,0,0,0,2349,0,0,0,""
2,18,"71R1",02,202606,1279000366,00122358,"4000006496",A2,6184,0,1,0,0,0,625,0,0,0,""
2,19,"71R1",10,202606,1279000366,00122358,"4000006496",A2,8,2349,2349,625,,,2974,1000,26766,2974,0,0,0,0,0,0,0,0,0,,,,,,,,,,,,
2,20,"71R1",01,202606,1279000366,00122374,"0400188459",,,,,,,19370604,1,12,,20250701,20260630,1,1279000077,,,,,,,,,90,,,,1489,13681,1521,0,0,0,0,0,0,0,0,0,0,0,0,0,0,0,0,0,0,0,0,0
2,21,"71R1",02,202606,1279000366,00122374,"0400188459",A2,1111,0,1,0,0,0,1176,0,0,0,""
2,22,"71R1",02,202606,1279000366,00122374,"0400188459",A2,6184,0,1,0,0,0,313,0,0,0,""
2,23,"71R1",10,202606,1279000366,00122374,"0400188459",A2,5,1176,1176,313,,,1489,1021,13681,1521,0,0,0,0,0,0,0,0,0,,,,,,,,,,,,
2,24,"71R1",01,202606,1279000366,00122374,"0400227250",,,,,,,19411010,2,13,,20250701,20260630,1,1279000077,,,,,,,,,90,,,,2974,27327,3037,0,0,0,0,0,0,0,0,0,0,0,0,0,0,0,0,0,0,0,0,0
2,25,"71R1",02,202606,1279000366,00122374,"0400227250",A2,1211,0,1,0,0,0,2349,0,0,0,""
2,26,"71R1",02,202606,1279000366,00122374,"0400227250",A2,6184,0,1,0,0,0,625,0,0,0,""
2,27,"71R1",10,202606,1279000366,00122374,"0400227250",A2,8,2349,2349,625,,,2974,1021,27327,3037,0,0,0,0,0,0,0,0,0,,,,,,,,,,,,
2,28,"71R1",01,202606,1279000366,00122374,"0400233535",,,,,,,19420612,2,12,,20240701,20270630,1,1279000424,,,,,,,,,90,,,,2974,27327,3037,0,0,0,0,0,0,0,0,0,0,0,0,0,0,0,0,0,0,0,0,0
2,29,"71R1",02,202606,1279000366,00122374,"0400233535",A2,1211,0,1,0,0,0,2349,0,0,0,""
2,30,"71R1",02,202606,1279000366,00122374,"0400233535",A2,6184,0,1,0,0,0,625,0,0,0,""
2,31,"71R1",10,202606,1279000366,00122374,"0400233535",A2,8,2349,2349,625,,,2974,1021,27327,3037,0,0,0,0,0,0,0,0,0,,,,,,,,,,,,
2,32,"71R1",01,202606,1279000366,00122374,"0400243603",,,,,,,19430621,2,06,,20250623,,1,1276100011,,,,,,,,,90,,,,1489,13681,1521,0,0,0,0,0,0,0,0,0,0,0,0,0,0,0,0,0,0,0,0,0
2,33,"71R1",02,202606,1279000366,00122374,"0400243603",A2,1111,0,1,0,0,0,1176,0,0,0,""
2,34,"71R1",02,202606,1279000366,00122374,"0400243603",A2,6184,0,1,0,0,0,313,0,0,0,""
2,35,"71R1",10,202606,1279000366,00122374,"0400243603",A2,4,1176,1176,313,,,1489,1021,13681,1521,0,0,0,0,0,0,0,0,0,,,,,,,,,,,,
2,36,"71R1",01,202606,1279000366,00122374,"0400255016",,,,,,,19440701,2,13,,20250401,20280331,1,1276100011,,,,,,,,,90,,,,1489,13681,1521,0,0,0,0,0,0,0,0,0,0,0,0,0,0,0,0,0,0,0,0,0
2,37,"71R1",02,202606,1279000366,00122374,"0400255016",A2,1111,0,1,0,0,0,1176,0,0,0,""
2,38,"71R1",02,202606,1279000366,00122374,"0400255016",A2,6184,0,1,0,0,0,313,0,0,0,""
2,39,"71R1",10,202606,1279000366,00122374,"0400255016",A2,4,1176,1176,313,,,1489,1021,13681,1521,0,0,0,0,0,0,0,0,0,,,,,,,,,,,,
2,40,"71R1",01,202606,1279000366,00122374,"0400289786",,,,,,,19471210,2,13,,20251201,20281130,1,1279000424,,,,,,,,,90,,,,1489,13681,1521,0,0,0,0,0,0,0,0,0,0,0,0,0,0,0,0,0,0,0,0,0
2,41,"71R1",02,202606,1279000366,00122374,"0400289786",A2,1111,0,1,0,0,0,1176,0,0,0,""
2,42,"71R1",02,202606,1279000366,00122374,"0400289786",A2,6184,0,1,0,0,0,313,0,0,0,""
2,43,"71R1",10,202606,1279000366,00122374,"0400289786",A2,4,1176,1176,313,,,1489,1021,13681,1521,0,0,0,0,0,0,0,0,0,,,,,,,,,,,,
2,44,"71R1",01,202606,1279000366,00122374,"0400291764",12125415,0003970,,,,,19480129,2,13,,20251001,20280930,1,1276000096,,,,,,,,,90,100,,,1489,13681,0,0,0,0,1489,1521,0,0,0,0,0,0,0,0,0,0,0,0,0,0,0,0
2,45,"71R1",02,202606,1279000366,00122374,"0400291764",A2,1111,0,1,1,0,0,1176,1176,0,0,""
2,46,"71R1",02,202606,1279000366,00122374,"0400291764",A2,6184,0,1,1,0,0,313,313,0,0,""
2,47,"71R1",10,202606,1279000366,00122374,"0400291764",A2,2,1176,1176,313,,,1489,1021,13681,0,1489,1521,0,0,0,0,0,0,0,,,,,,,,,,,,
2,48,"71R1",01,202606,1279000366,00122374,"0400344639",,,,,,,19520306,1,13,,20241101,20271031,1,1279100323,,,,,,,,,90,,,,2974,27327,3037,0,0,0,0,0,0,0,0,0,0,0,0,0,0,0,0,0,0,0,0,0
2,49,"71R1",02,202606,1279000366,00122374,"0400344639",A2,1211,0,1,0,0,0,2349,0,0,0,""
2,50,"71R1",02,202606,1279000366,00122374,"0400344639",A2,6184,0,1,0,0,0,625,0,0,0,""
2,51,"71R1",10,202606,1279000366,00122374,"0400344639",A2,9,2349,2349,625,,,2974,1021,27327,3037,0,0,0,0,0,0,0,0,0,,,,,,,,,,,,
2,52,"71R1",01,202606,1279000366,00122374,"0400392455",,,,,,,19560508,2,13,,20250301,20290228,1,1279000119,,,,,,,,,90,,,,1489,13681,1521,0,0,0,0,0,0,0,0,0,0,0,0,0,0,0,0,0,0,0,0,0
2,53,"71R1",02,202606,1279000366,00122374,"0400392455",A2,1111,0,1,0,0,0,1176,0,0,0,""
2,54,"71R1",02,202606,1279000366,00122374,"0400392455",A2,6184,0,1,0,0,0,313,0,0,0,""
2,55,"71R1",10,202606,1279000366,00122374,"0400392455",A2,4,1176,1176,313,,,1489,1021,13681,1521,0,0,0,0,0,0,0,0,0,,,,,,,,,,,,
2,56,"71R1",01,202606,1279000366,00122374,"0400407193",,,,,,,19570930,2,13,,20240101,20261231,1,1279000424,,,,,,,,,90,,,,2974,27327,3037,0,0,0,0,0,0,0,0,0,0,0,0,0,0,0,0,0,0,0,0,0
2,57,"71R1",02,202606,1279000366,00122374,"0400407193",A2,1211,0,1,0,0,0,2349,0,0,0,""
2,58,"71R1",02,202606,1279000366,00122374,"0400407193",A2,6184,0,1,0,0,0,625,0,0,0,""
2,59,"71R1",10,202606,1279000366,00122374,"0400407193",A2,9,2349,2349,625,,,2974,1021,27327,3037,0,0,0,0,0,0,0,0,0,,,,,,,,,,,,
2,60,"71R1",01,202606,1279000366,00122374,"0400413886",,,,,,,19580503,2,12,,20240801,20280731,1,1279000515,,,,,,,,,90,,,,2974,27327,3037,0,0,0,0,0,0,0,0,0,0,0,0,0,0,0,0,0,0,0,0,0
2,61,"71R1",02,202606,1279000366,00122374,"0400413886",A2,1211,0,1,0,0,0,2349,0,0,0,""
2,62,"71R1",02,202606,1279000366,00122374,"0400413886",A2,6184,0,1,0,0,0,625,0,0,0,""
2,63,"71R1",10,202606,1279000366,00122374,"0400413886",A2,8,2349,2349,625,,,2974,1021,27327,3037,0,0,0,0,0,0,0,0,0,,,,,,,,,,,,
2,64,"71R1",01,202606,1279000366,00124099,"0600143808",,,,,,,19571206,2,13,,20240101,20271231,3,1206500017,,,,,,,,,90,,,,2974,26766,2974,0,0,0,0,0,0,0,0,0,0,0,0,0,0,0,0,0,0,0,0,0
2,65,"71R1",02,202606,1279000366,00124099,"0600143808",A2,1211,0,1,0,0,0,2349,0,0,0,""
2,66,"71R1",02,202606,1279000366,00124099,"0600143808",A2,6184,0,1,0,0,0,625,0,0,0,""
2,67,"71R1",10,202606,1279000366,00124099,"0600143808",A2,9,2349,2349,625,,,2974,1000,26766,2974,0,0,0,0,0,0,0,0,0,,,,,,,,,,,,
3,68
