1,1,0,9,71R,0,0,1270303173,0,7,202607,1
2,2,"7113",202606,1270303173,1,0,05,2,1950,20864,16393,0,4471
2,3,"71R1",01,202606,1270303173,00122283,"0000197780",,,,,,,19410927,1,13,,20260601,20290531,3,1203300023,,,,,,,,,70,,,,1114,8343,3576,0,0,0,0,0,0,0,0,0,0,0,0,0,0,0,0,0,0,0,0,0
2,4,"71R1",02,202606,1270303173,00122283,"0000197780",A2,2621,220,4,0,0,0,880,0,0,0,""
2,5,"71R1",02,202606,1270303173,00122283,"0000197780",A2,6184,0,1,0,0,0,234,0,0,0,""
2,6,"71R1",10,202606,1270303173,00122283,"0000197780",A2,4,880,880,234,,,1114,1070,8343,3576,0,0,0,0,0,0,0,0,0,,,,,,,,,,,,
2,7,"71R1",01,202606,1270303173,00122283,"0000313577",,,,,,,19480229,1,12,,20251101,20291031,3,1203300015,,,,,,,,,90,,,,836,8050,895,0,0,0,0,0,0,0,0,0,0,0,0,0,0,0,0,0,0,0,0,0
2,8,"71R1",02,202606,1270303173,00122283,"0000313577",A2,2621,220,3,0,0,0,660,0,0,0,""
2,9,"71R1",02,202606,1270303173,00122283,"0000313577",A2,6184,0,1,0,0,0,176,0,0,0,""
2,10,"71R1",10,202606,1270303173,00122283,"0000313577",A2,3,880,660,176,,,836,1070,8050,895,0,0,0,0,0,0,0,0,0,,,,,,,,,,,,
3,11
