1,1,0,8,J11,0,1210600043,0,1,202608,
2,2,"J111",01,202605,122192,1210600043,17496,1,1834,19440,17496,,1944,,,,,1,1834,19440,17496,,1944,
2,3,"J111",02,202605,122192,1210600043,1,15,1,1834,19440,17496,,1944,
2,4,"J121",01,202605,122192,1210600043,"1221930595",,"ºµ¿∆–¡÷","",05,1,9300,1,"",,,,,,1834,19440,1944,,,,,1944,17496,,,,,,,
2,5,"J121",02,202605,122192,1210600043,"1221930595",15,20181101,,3,,
2,6,"J121",03,202605,122192,1210600043,"1221930595",155121,526,1,526,""
2,7,"J121",03,202605,122192,1210600043,"1221930595",157735,436,3,1308,""
2,8,"J121",04,202605,122192,1210600043,"1221930595",15,1,3,1834,10600,0,19440,1944,1944,1944,,,,,1944,17496,,,,,,,,,,,
2,9,"J121",05,202605,122192,1210600043,"1221930595",153000,01500,20260501,,1
3,10
