1,1,0,120,711,0,0,1270105271,0,7,202607,1
2,2,7111,202606,1270105271,1,0,01,26,168887,1866190,1660524,28620,177046,,,,,,
2,3,7111,202606,1270105271,2,12,01,5,39473,436175,0,28620,0,,,,,,
2,4,7131,01,202606,1270105271,00121012,1001610326,12121018,0033621,,,,,19390420,2,21,,20260501,20290430,1,1270100561,,,,,,,,,90,100,,,1393,13852,0,,,,1393,1540,0,,,,,,,,,,,,,,,
2,5,7131,02,202606,1270105271,00121012,1001610326,11,7311,220,5,5,,,1100,1100,,,
2,6,7131,02,202606,1270105271,00121012,1001610326,11,6184,293,1,1,,,293,293,,,
2,7,7131,10,202606,1270105271,00121012,1001610326,11,5,1100,1100,293,,,1393,1105,13852,0,1393,1540,0,,,,,,,,,,,,,,,,,,
2,8,7131,01,202606,1270105271,00121012,1001669868,12121018,0007864,,,,,19391020,2,25,,20260501,20270430,1,1270103870,,,,,,,,,90,100,,,23621,234910,0,,,,23621,11102,15000,,,,,,,,,,,,,,,
2,9,7131,02,202606,1270105271,00121012,1001669868,11,1211,387,27,27,,,10449,10449,,,
2,10,7131,02,202606,1270105271,00121012,1001669868,11,4111,309,25,25,,,7725,7725,,,
2,11,7131,02,202606,1270105271,00121012,1001669868,11,1212,484,1,1,,,484,484,,,
2,12,7131,02,202606,1270105271,00121012,1001669868,11,6184,4963,1,1,,,4963,4963,,,
2,13,7131,10,202606,1270105271,00121012,1001669868,11,29,18658,18658,4963,,,23621,1105,234910,0,23621,11102,15000,,,,,,,,,,,,,,,,,,
2,14,7131,01,202606,1270105271,00121012,1002294138,,,,,,,19520119,1,23,,20240401,20280331,1,1270501172,,,,,,,,,90,,,,2861,28452,3162,,,,,,,,,,,,,,,,,,,,,
2,15,7131,02,202606,1270105271,00121012,1002294138,11,5111,452,5,,,,2260,,,,
2,16,7131,02,202606,1270105271,00121012,1002294138,11,6184,601,1,,,,601,,,,
2,17,7131,10,202606,1270105271,00121012,1002294138,11,5,2260,2260,601,,,2861,1105,28452,3162,,,,,,,,,,,,,,,,,,,,,
2,18,7131,01,202606,1270105271,00121061,1002144366,,,,,,,19421015,2,25,,20240701,20280630,1,1270203860,,,,,,,,,90,,,,4409,43847,4872,,,,,,,,,,,,,,,,,,,,,
2,19,7131,02,202606,1270105271,00121061,1002144366,11,1211,387,9,,,,3483,,,,
2,20,7131,02,202606,1270105271,00121061,1002144366,11,6184,926,1,,,,926,,,,
2,21,7131,10,202606,1270105271,00121061,1002144366,11,9,3483,3483,926,,,4409,1105,43847,4872,,,,,,,,,,,,,,,,,,,,,
2,22,7131,01,202606,1270105271,00121012,1001741071,12121018,0110858,,,,,19400302,2,21,,20231101,20271031,1,1270501172,,,,,,,,,90,100,,,10934,108738,0,,,,10934,12082,0,,,,,,,,,,,,,,,
2,23,7131,02,202606,1270105271,00121012,1001741071,11,1111,244,12,12,,,2928,2928,,,
2,24,7131,02,202606,1270105271,00121012,1001741071,11,4111,309,9,9,,,2781,2781,,,
2,25,7131,02,202606,1270105271,00121012,1001741071,11,5111,452,4,4,,,1808,1808,,,
2,26,7131,02,202606,1270105271,00121012,1001741071,11,7212,224,5,5,,,1120,1120,,,
2,27,7131,02,202606,1270105271,00121012,1001741071,11,6184,2297,1,1,,,2297,2297,,,
2,28,7131,10,202606,1270105271,00121012,1001741071,11,25,8637,8637,2297,,,10934,1105,108738,0,10934,12082,0,,,,,,,,,,,,,,,,,,
2,29,7131,01,202606,1270105271,00121012,1000074326,,,,,,,19340102,2,22,,20250201,20290131,1,1270403866,,,,,,,,,90,,,,10713,106540,11838,,,,,,,,,,,,,,,,,,,,,
2,30,7131,02,202606,1270105271,00121012,1000074326,11,1211,387,18,,,,6966,,,,
2,31,7131,02,202606,1270105271,00121012,1000074326,11,4211,374,4,,,,1496,,,,
2,32,7131,02,202606,1270105271,00121012,1000074326,11,6184,2251,1,,,,2251,,,,
2,33,7131,10,202606,1270105271,00121012,1000074326,11,22,8462,8462,2251,,,10713,1105,106540,11838,,,,,,,,,,,,,,,,,,,,,
2,34,7131,01,202606,1270105271,00121012,1000066207,,,,,,,19290927,2,21,,20260130,20270131,1,1270404229,,,,,,,,,90,,,,4409,43847,4872,,,,,,,,,,,,,,,,,,,,,
2,35,7131,02,202606,1270105271,00121012,1000066207,11,1211,387,9,,,,3483,,,,
2,36,7131,02,202606,1270105271,00121012,1000066207,11,6184,926,1,,,,926,,,,
2,37,7131,10,202606,1270105271,00121012,1000066207,11,9,3483,3483,926,,,4409,1105,43847,4872,,,,,,,,,,,,,,,,,,,,,
2,38,7131,01,202606,1270105271,00121012,1004057301,,,,,,,19550315,2,21,,20230701,20270630,1,1270100561,,,,,,,,,90,,,,2450,24364,2708,,,,,,,,,,,,,,,,,,,,,
2,39,7131,02,202606,1270105271,00121012,1004057301,11,1211,387,5,,,,1935,,,,
2,40,7131,02,202606,1270105271,00121012,1004057301,11,6184,515,1,,,,515,,,,
2,41,7131,10,202606,1270105271,00121012,1004057301,11,5,1935,1935,515,,,2450,1105,24364,2708,,,,,,,,,,,,,,,,,,,,,
2,42,7131,01,202606,1270105271,00121012,1002655288,,,,,,,19460423,2,21,,20250801,20290731,1,1270403007,,,,,,,,,90,,,,5086,50580,5620,,,,,,,,,,,,,,,,,,,,,
2,43,7131,02,202606,1270105271,00121012,1002655288,11,4111,309,13,,,,4017,,,,
2,44,7131,02,202606,1270105271,00121012,1002655288,11,6184,1069,1,,,,1069,,,,
2,45,7131,10,202606,1270105271,00121012,1002655288,11,13,4017,4017,1069,,,5086,1105,50580,5620,,,,,,,,,,,,,,,,,,,,,
2,46,7131,01,202606,1270105271,00121012,1001258308,,,,,,,19360813,2,21,,20250601,20280531,1,1260190447,,,,,,,,,90,,,,10779,107196,11911,,,,,,,,,,,,,,,,,,,,,
2,47,7131,02,202606,1270105271,00121012,1001258308,11,1211,387,22,,,,8514,,,,
2,48,7131,02,202606,1270105271,00121012,1001258308,11,6184,2265,1,,,,2265,,,,
2,49,7131,10,202606,1270105271,00121012,1001258308,11,22,8514,8514,2265,,,10779,1105,107196,11911,,,,,,,,,,,,,,,,,,,,,
2,50,7131,01,202606,1270105271,00121012,1001196599,,,,,,,19360213,2,23,,20240201,20280131,1,1270501214,,,,,,,,,90,,,,4409,43847,4872,,,,,,,,,,,,,,,,,,,,,
2,51,7131,02,202606,1270105271,00121012,1001196599,11,1211,387,9,,,,3483,,,,
2,52,7131,02,202606,1270105271,00121012,1001196599,11,6184,926,1,,,,926,,,,
2,53,7131,10,202606,1270105271,00121012,1001196599,11,9,3483,3483,926,,,4409,1105,43847,4872,,,,,,,,,,,,,,,,,,,,,
2,54,7131,01,202606,1270105271,00121012,1002827119,,,,,,,19530830,2,21,,20251201,20261130,1,1270501214,,,,,,,,,90,,,,1114,11078,1231,,,,,,,,,,,,,,,,,,,,,
2,55,7131,02,202606,1270105271,00121012,1002827119,11,7311,220,4,,,,880,,,,
2,56,7131,02,202606,1270105271,00121012,1002827119,11,6184,234,1,,,,234,,,,
2,57,7131,10,202606,1270105271,00121012,1002827119,11,4,880,880,234,,,1114,1105,11078,1231,,,,,,,,,,,,,,,,,,,,,
2,58,7131,01,202606,1270105271,00121012,1003925730,,,,,,,19540329,1,22,,20231001,20270930,1,1260190165,,,,,,,,,90,,,,6962,69237,7693,,,,,,,,,,,,,,,,,,,,,
2,59,7131,02,202606,1270105271,00121012,1003925730,11,4311,439,9,,,,3951,,,,
2,60,7131,02,202606,1270105271,00121012,1003925730,11,1211,387,4,,,,1548,,,,
2,61,7131,02,202606,1270105271,00121012,1003925730,11,6184,1463,1,,,,1463,,,,
2,62,7131,10,202606,1270105271,00121012,1003925730,11,13,5499,5499,1463,,,6962,1105,69237,7693,,,,,,,,,,,,,,,,,,,,,
2,63,7131,01,202606,1270105271,00121012,1001206653,,,,,,,19360325,1,23,,20260216,20270228,1,1279200586,,,,,,,,,90,,,,5879,58465,6497,,,,,,,,,,,,,,,,,,,,,
2,64,7131,02,202606,1270105271,00121012,1001206653,11,1211,387,12,,,,4644,,,,
2,65,7131,02,202606,1270105271,00121012,1001206653,11,6184,1235,1,,,,1235,,,,
2,66,7131,10,202606,1270105271,00121012,1001206653,11,12,4644,4644,1235,,,5879,1105,58465,6497,,,,,,,,,,,,,,,,,,,,,
2,67,7131,01,202606,1270105271,00121012,1001139755,,,,,,,19350902,1,21,,20240501,20280430,1,1270105388,,,,,,,,,90,,,,4409,43847,4872,,,,,,,,,,,,,,,,,,,,,
2,68,7131,02,202606,1270105271,00121012,1001139755,11,1211,387,9,,,,3483,,,,
2,69,7131,02,202606,1270105271,00121012,1001139755,11,6184,926,1,,,,926,,,,
2,70,7131,10,202606,1270105271,00121012,1001139755,11,9,3483,3483,926,,,4409,1105,43847,4872,,,,,,,,,,,,,,,,,,,,,
2,71,7131,01,202606,1270105271,00121012,1001387321,,,,,,,19370824,1,23,,20260201,20270131,1,1270105339,,,,,,,,,90,,,,21823,217029,24115,,,,,,,,,,,,,,,,,,,,,
2,72,7131,02,202606,1270105271,00121012,1001387321,11,4111,309,43,,,,13287,,,,
2,73,7131,02,202606,1270105271,00121012,1001387321,11,4311,439,9,,,,3951,,,,
2,74,7131,02,202606,1270105271,00121012,1001387321,11,6184,4585,1,,,,4585,,,,
2,75,7131,10,202606,1270105271,00121012,1001387321,11,30,17238,17238,4585,,,21823,1105,217029,24115,,,,,,,,,,,,,,,,,,,,,
2,76,7131,01,202606,1270105271,00121046,1001842721,,,,,,,19401208,2,22,,20250201,20290131,1,1270404229,,,,,,,,,90,,,,6369,63339,7038,,,,,,,,,,,,,,,,,,,,,
2,77,7131,02,202606,1270105271,00121046,1001842721,11,1211,387,13,,,,5031,,,,
2,78,7131,02,202606,1270105271,00121046,1001842721,11,6184,1338,1,,,,1338,,,,
2,79,7131,10,202606,1270105271,00121046,1001842721,11,13,5031,5031,1338,,,6369,1105,63339,7038,,,,,,,,,,,,,,,,,,,,,
2,80,7131,01,202606,1270105271,00121012,1001702883,,,,,,,19400110,2,22,,20241101,20271031,1,1270105743,,,,,,,,,70,,,,8614,66628,28556,,,,,,,,,,,,,,,,,,,,,
2,81,7131,02,202606,1270105271,00121012,1001702883,11,1211,387,9,,,,3483,,,,
2,82,7131,02,202606,1270105271,00121012,1001702883,11,4111,309,5,,,,1545,,,,
2,83,7131,02,202606,1270105271,00121012,1001702883,11,7212,224,4,,,,896,,,,
2,84,7131,02,202606,1270105271,00121012,1001702883,11,7311,220,4,,,,880,,,,
2,85,7131,02,202606,1270105271,00121012,1001702883,11,6184,1810,1,,,,1810,,,,
2,86,7131,10,202606,1270105271,00121012,1001702883,11,22,6804,6804,1810,,,8614,1105,66628,28556,,,,,,,,,,,,,,,,,,,,,
2,87,7131,01,202606,1270105271,00122168,0000614057,,,,,,,19520430,2,22,,20231101,20271031,1,1270401423,,,,,,,,,90,,,,1436,14280,1587,,,,,,,,,,,,,,,,,,,,,
2,88,7131,02,202606,1270105271,00122168,0000614057,11,1311,567,2,,,,1134,,,,
2,89,7131,02,202606,1270105271,00122168,0000614057,11,6184,302,1,,,,302,,,,
2,90,7131,10,202606,1270105271,00122168,0000614057,11,2,2835,1134,302,,,1436,1105,14280,1587,,,,,,,,,,,,,,,,,,,,,
2,91,7131,01,202606,1270105271,00121012,1003887518,12121018,0010587,,,,,19531106,1,22,,20260601,20300531,1,1270105339,,,,,,,,,90,100,,,1960,19492,0,,,,1960,2166,0,,,,,,,,,,,,,,,
2,92,7131,02,202606,1270105271,00121012,1003887518,11,1211,387,4,4,,,1548,1548,,,
2,93,7131,02,202606,1270105271,00121012,1003887518,11,6184,412,1,1,,,412,412,,,
2,94,7131,10,202606,1270105271,00121012,1003887518,11,4,1548,1548,412,,,1960,1105,19492,0,1960,2166,0,,,,,,,,,,,,,,,,,,
2,95,7131,01,202606,1270105271,00121012,1001398120,,,,,,,19370920,1,25,,20240401,20280331,1,1270102732,,,,,,,,,90,,,,6487,64512,7169,,,,,,,,,,,,,,,,,,,,,
2,96,7131,02,202606,1270105271,00121012,1001398120,11,1111,244,21,,,,5124,,,,
2,97,7131,02,202606,1270105271,00121012,1001398120,11,6184,1363,1,,,,1363,,,,
2,98,7131,10,202606,1270105271,00121012,1001398120,11,13,5124,5124,1363,,,6487,1105,64512,7169,,,,,,,,,,,,,,,,,,,,,
2,99,7131,01,202606,1270105271,00121053,1002333720,,,,,,,19440101,2,22,,20250806,20260831,1,1270501172,,,,,,,,,90,,,,4098,40753,4529,,,,,,,,,,,,,,,,,,,,,
2,100,7131,02,202606,1270105271,00121053,1002333720,11,1111,244,12,,,,2928,,,,
2,101,7131,02,202606,1270105271,00121053,1002333720,11,4111,309,1,,,,309,,,,
2,102,7131,02,202606,1270105271,00121053,1002333720,11,6184,861,1,,,,861,,,,
2,103,7131,10,202606,1270105271,00121053,1002333720,11,9,3237,3237,861,,,4098,1105,40753,4529,,,,,,,,,,,,,,,,,,,,,
2,104,7131,01,202606,1270105271,00121012,1004371512,,,,,,,19571113,2,22,,20231201,20260630,1,1270303272,,,,,,,,,90,,,,8340,82941,9216,,,,,,,,,,,,,,,,,,,,,
2,105,7131,02,202606,1270105271,00121012,1004371512,11,1111,244,27,,,,6588,,,,
2,106,7131,02,202606,1270105271,00121012,1004371512,11,6184,1752,1,,,,1752,,,,
2,107,7131,10,202606,1270105271,00121012,1004371512,11,18,6588,6588,1752,,,8340,1105,82941,9216,,,,,,,,,,,,,,,,,,,,,
2,108,7131,01,202606,1270105271,00121046,1004495063,12121042,0021980,,,,,19581116,1,21,,20241201,20271130,1,1270203662,,,,,,,,,90,100,,,1565,15563,0,,,,1565,1730,0,,,,,,,,,,,,,,,
2,109,7131,02,202606,1270105271,00121046,1004495063,11,4111,309,4,4,,,1236,1236,,,
2,110,7131,02,202606,1270105271,00121046,1004495063,11,6184,329,1,1,,,329,329,,,
2,111,7131,10,202606,1270105271,00121046,1004495063,11,4,1236,1236,329,,,1565,1105,15563,0,1565,1730,0,,,,,,,,,,,,,,,,,,
2,112,7131,01,202606,1270105271,00121046,1004691067,,,,,,,19840220,2,25,,20260501,20290430,1,1270404229,,,,,,,,,90,,,,6807,67695,7522,,,,,,,,,,,,,,,,,,,,,
2,113,7131,02,202606,1270105271,00121046,1004691067,11,1211,387,7,,,,2709,,,,
2,114,7131,02,202606,1270105271,00121046,1004691067,11,1212,484,4,,,,1936,,,,
2,115,7131,02,202606,1270105271,00121046,1004691067,11,1111,244,3,,,,732,,,,
2,116,7131,02,202606,1270105271,00121046,1004691067,11,6184,1430,1,,,,1430,,,,
2,117,7131,10,202606,1270105271,00121046,1004691067,11,4,5764,5377,1430,,,6807,1105,67695,7522,,,,,,,,,,,,,,,,,,,,,
2,118,7131,01,202606,1270105271,00121061,1001455763,,,,,,,19380122,2,21,,20250801,20290731,1,1270403809,,,,,,,,,90,,,,1960,19492,2166,,,,,,,,,,,,,,,,,,,,,
2,119,7131,02,202606,1270105271,00121061,1001455763,11,1211,387,4,,,,1548,,,,
2,120,7131,02,202606,1270105271,00121061,1001455763,11,6184,412,1,,,,412,,,,
2,121,7131,10,202606,1270105271,00121061,1001455763,11,4,1548,1548,412,,,1960,1105,19492,2166,,,,,,,,,,,,,,,,,,,,,
3,122
