1,1,0,8,J11,0,1210601702,0,1,202608,
2,2,"J111",01,202605,122192,1210601702,52088,1,4914,52088,52088,,0,,,,,1,4914,52088,52088,,0,
2,3,"J111",02,202605,122192,1210601702,1,15,1,4914,52088,52088,,0,
2,4,"J121",01,202605,122192,1210601702,"1221905571",,"ÓÝÏÄ¼º","",05,1,0,1,"",,,,,,4914,52088,0,,,,,0,52088,,,,,,,
2,5,"J121",02,202605,122192,1210601702,"1221905571",15,20230201,,5,,
2,6,"J121",03,202605,122192,1210601702,"1221905571",155121,1409,1,1409,""
2,7,"J121",03,202605,122192,1210601702,"1221905571",157775,701,5,3505,""
2,8,"J121",04,202605,122192,1210601702,"1221905571",15,1,5,4914,10600,0,52088,5208,5208,0,,,,,0,52088,,,,,,,,,,,
2,9,"J121",05,202605,122192,1210601702,"1221905571",153000,03000,20230201,,2
3,10
