122283,A2,1111,201704,201909,訪問型独自サービスⅠ,1168,3,,,3,,,,2,2,2,,,,,,1,20170317
122283,A2,1111,201910,202103,訪問型独自サービスⅠ,1172,3,,,3,,,,2,2,2,,,,,,1,20191001
122283,A2,1111,202104,202403,訪問型独自サービスⅠ,1176,3,,,3,,,,2,2,2,,,,,,1,20210401
122283,A2,1111,202404,999999,訪問型サービス１１,1176,3,,,3,,,,2,2,2,,,,,,1,20240401
122283,A2,1113,201704,201903,訪問型独自サービスⅠ・初任,818,3,,,3,,,,2,2,2,,,,,,1,20190401
122283,A2,1114,201704,201909,訪問型独自サービスⅠ・同一,1051,3,,,3,,,,2,2,2,,,,,,1,20170317
122283,A2,1114,201910,202103,訪問型独自サービスⅠ・同一,1055,3,,,3,,,,2,2,2,,,,,,1,20191001
122283,A2,1115,201704,201903,訪問型独自サービスⅠ・初任・同一,736,3,,,3,,,,2,2,2,,,,,,1,20190401
122283,A2,2111,201704,201909,訪問型独自サービスⅠ日割,38,2,,,3,,,,2,2,2,,,,,,1,20170317
122283,A2,2111,201910,202403,訪問型独自サービスⅠ日割,39,2,,,3,,,,2,2,2,,,,,,1,20191001
122283,A2,2111,202404,999999,訪問型サービス１１日割,39,2,,,3,,,,2,2,2,,,,,,1,20240401
122283,A2,2113,201704,201903,訪問型独自サービスⅠ日割・初任,27,2,,,3,,,,2,2,2,,,,,,1,20190401
122283,A2,2114,201704,201909,訪問型独自サービスⅠ日割・同一,34,2,,,3,,,,2,2,2,,,,,,1,20170317
122283,A2,2114,201910,202103,訪問型独自サービスⅠ日割・同一,35,2,,,3,,,,2,2,2,,,,,,1,20191001
122283,A2,2115,201704,201903,訪問型独自サービスⅠ日割・初任・同一,24,2,,,3,,,,2,2,2,,,,,,1,20190401
122283,A2,1211,201704,201909,訪問型独自サービスⅡ,2335,3,,,3,,,,2,2,2,,,,,,1,20170317
122283,A2,1211,201910,202103,訪問型独自サービスⅡ,2342,3,,,3,,,,2,2,2,,,,,,1,20191001
122283,A2,1211,202104,202403,訪問型独自サービスⅡ,2349,3,,,3,,,,2,2,2,,,,,,1,20210401
122283,A2,1211,202404,999999,訪問型サービス１２,2349,3,,,3,,,,2,2,2,,,,,,1,20240401
122283,A2,1213,201704,201903,訪問型独自サービスⅡ・初任,1635,3,,,3,,,,2,2,2,,,,,,1,20190401
122283,A2,1214,201704,201909,訪問型独自サービスⅡ・同一,2102,3,,,3,,,,2,2,2,,,,,,1,20170317
122283,A2,1214,201910,202103,訪問型独自サービスⅡ・同一,2108,3,,,3,,,,2,2,2,,,,,,1,20191001
122283,A2,1215,201704,201903,訪問型独自サービスⅡ・初任・同一,1472,3,,,3,,,,2,2,2,,,,,,1,20190401
122283,A2,2211,201704,202403,訪問型独自サービスⅡ日割,77,2,,,3,,,,2,2,2,,,,,,1,20170317
122283,A2,2211,202404,999999,訪問型サービス１２日割,77,2,,,3,,,,2,2,2,,,,,,1,20240401
122283,A2,2213,201704,201903,訪問型独自サービスⅡ日割・初任,54,2,,,3,,,,2,2,2,,,,,,1,20190401
122283,A2,2214,201704,202103,訪問型独自サービスⅡ日割・同一,69,2,,,3,,,,2,2,2,,,,,,1,20170317
122283,A2,2215,201704,201903,訪問型独自サービスⅡ日割・初任・同一,48,2,,,3,,,,2,2,2,,,,,,1,20190401
122283,A2,1321,201704,201909,訪問型独自サービスⅢ,3704,3,,,3,,,,2,1,2,,,,,,1,20170317
122283,A2,1321,201910,202103,訪問型独自サービスⅢ,3715,3,,,3,,,,2,1,2,,,,,,1,20191001
122283,A2,1321,202104,202403,訪問型独自サービスⅢ,3727,3,,,3,,,,2,1,2,,,,,,1,20210401
122283,A2,1321,202404,999999,訪問型サービス１３,3727,3,,,3,,,,2,2,2,,,,,,1,20240401
122283,A2,1323,201704,201903,訪問型独自サービスⅢ・初任,2593,3,,,3,,,,2,1,2,,,,,,1,20190401
122283,A2,1324,201704,201909,訪問型独自サービスⅢ・同一,3334,3,,,3,,,,2,1,2,,,,,,1,20170317
122283,A2,1324,201910,202103,訪問型独自サービスⅢ・同一,3344,3,,,3,,,,2,1,2,,,,,,1,20191001
122283,A2,1325,201704,201903,訪問型独自サービスⅢ・初任・同一,2334,3,,,3,,,,2,1,2,,,,,,1,20190401
122283,A2,2321,201704,202103,訪問型独自サービスⅢ日割,122,2,,,3,,,,2,1,2,,,,,,1,20170317
122283,A2,2321,202104,202403,訪問型独自サービスⅢ日割,123,2,,,3,,,,2,1,2,,,,,,1,20210401
122283,A2,2321,202404,999999,訪問型サービス１３日割,123,2,,,3,,,,2,2,2,,,,,,1,20240401
122283,A2,2323,201704,201903,訪問型独自サービスⅢ日割・初任,85,2,,,3,,,,2,1,2,,,,,,1,20190401
122283,A2,2324,201704,202103,訪問型独自サービスⅢ日割・同一,110,2,,,3,,,,2,1,2,,,,,,1,20170317
122283,A2,2411,202404,999999,訪問型サービス２１,287,1,,,3,,,,2,2,2,,,,,,1,20240401
122283,A2,2511,202404,999999,訪問型サービス２２,179,1,,,3,,,,2,2,2,,,,,,1,20240401
122283,A2,2621,202404,999999,訪問型サービス２３,220,1,,,3,,,,2,2,2,,,,,,1,20240401
122283,A2,1411,202404,999999,訪問型短時間サービス,163,1,,,3,,,,2,2,2,,,,,,1,20240401
122283,A2,C211,202404,999999,訪問型高齢者虐待防止未実施減算１１,-12,3,,,3,,,,2,2,2,,,,,,1,20240401
122283,A2,C220,202404,999999,訪問型高齢者虐待防止未実施減算１１日割,-1,2,,,3,,,,2,2,2,,,,,,1,20240401
122283,A2,C212,202404,999999,訪問型高齢者虐待防止未実施減算１2,-23,3,,,3,,,,2,2,2,,,,,,1,20240401
122283,A2,C213,202404,999999,訪問型高齢者虐待防止未実施減算１2日割,-1,2,,,3,,,,2,2,2,,,,,,1,20240401
122283,A2,C214,202404,999999,訪問型高齢者虐待防止未実施減算１3,-37,3,,,3,,,,2,2,2,,,,,,1,20240401
122283,A2,C215,202404,999999,訪問型高齢者虐待防止未実施減算１3日割,-1,2,,,3,,,,2,2,2,,,,,,1,20240401
122283,A2,C216,202404,999999,訪問型高齢者虐待防止未実施減算２１,-3,1,,,3,,,,2,2,2,,,,,,1,20240401
122283,A2,C217,202404,999999,訪問型高齢者虐待防止未実施減算２２,-2,1,,,3,,,,2,2,2,,,,,,1,20240401
122283,A2,C218,202404,999999,訪問型高齢者虐待防止未実施減算２３,-2,1,,,3,,,,2,2,2,,,,,,1,20240401
122283,A2,C219,202404,999999,訪問型高齢者虐待防止未実施減算短時間,-2,1,,,3,,,,2,2,2,,,,,,1,20240401
122283,A2,D211,202504,999999,訪問型業務継続計画未策定減算１１,-12,3,,,3,,,,2,2,2,,,,,,1,20250401
122283,A2,D220,202504,999999,訪問型業務継続計画未策定減算１１日割,-1,2,,,3,,,,2,2,2,,,,,,1,20250401
122283,A2,D212,202504,999999,訪問型業務継続計画未策定減算１２,-23,3,,,3,,,,2,2,2,,,,,,1,20250401
122283,A2,D213,202504,999999,訪問型業務継続計画未策定減算１２日割,-1,2,,,3,,,,2,2,2,,,,,,1,20250401
122283,A2,D214,202504,999999,訪問型業務継続計画未策定減算１３,-37,3,,,3,,,,2,2,2,,,,,,1,20250401
122283,A2,D215,202504,999999,訪問型業務継続計画未策定減算１３日割,-1,2,,,3,,,,2,2,2,,,,,,1,20250401
122283,A2,D216,202504,999999,訪問型業務継続計画未策定減算２１,-3,1,,,3,,,,2,2,2,,,,,,1,20250401
122283,A2,D217,202504,999999,訪問型業務継続計画未策定減算２２,-2,1,,,3,,,,2,2,2,,,,,,1,20250401
122283,A2,D218,202504,999999,訪問型業務継続計画未策定減算２３,-2,1,,,3,,,,2,2,2,,,,,,1,20250401
122283,A2,D219,202504,999999,訪問型業務継続計画未策定減算短時間,-2,1,,,3,,,,2,2,2,,,,,,1,20250401
122283,A2,6001,202104,202403,訪問型独自サービス同一建物減算,-10,3,,,,,,,2,2,2,,,,,,1,20210401
122283,A2,6001,202404,999999,訪問型サービス同一建物減算１,-10,3,,,,,,,2,2,2,,,,,,1,20240401
122283,A2,6003,202404,999999,訪問型サービス同一建物減算２,-15,3,,,,,,,2,2,2,,,,,,1,20240401
122283,A2,6002,202404,999999,訪問型サービス同一建物減算３,-12,3,,,,,,,2,2,2,,,,,,1,20240401
122283,A2,2325,201704,201903,訪問型独自サービスⅢ日割・初任・同一,77,2,,,3,,,,2,1,2,,,,,,1,20190401
122283,A2,8000,201704,202403,訪問型独自サービス特別地域加算,15,3,,,,,,,2,2,2,,,,,,1,20170317
122283,A2,8000,202404,999999,訪問型サービス特別地域加算,15,3,,,,,,,2,2,2,,,,,,1,20240401
122283,A2,8001,201704,202403,訪問型独自サービス特別地域加算日割,15,2,,,,,,,2,2,2,,,,,,1,20170317
122283,A2,8001,202404,999999,訪問型サービス特別地域加算日割,15,2,,,,,,,2,2,2,,,,,,1,20240401
122283,A2,8002,202404,999999,訪問型サービス特別地域加算回数,15,1,,,,,,,2,2,2,,,,,,1,20240401
122283,A2,8100,201704,202403,訪問型独自サービス小規模事業所加算,10,3,,,,,,,2,2,2,,,,,,1,20170317
122283,A2,8100,202404,999999,訪問型サービス小規模事業所加算,10,3,,,,,,,2,2,2,,,,,,1,20240401
122283,A2,8101,201704,202403,訪問型独自サービス小規模事業所加算日割,10,2,,,,,,,2,2,2,,,,,,1,20170317
122283,A2,8101,202404,999999,訪問型サービス小規模事業所加算日割,10,2,,,,,,,2,2,2,,,,,,1,20240401
122283,A2,8102,202404,999999,訪問型サービス小規模事業所加算回数,10,1,,,,,,,2,2,2,,,,,,1,20240401
122283,A2,8110,201704,202403,訪問型独自サービス中山間地域等提供加算,5,3,,,,,,,2,2,2,,,,,,1,20170317
122283,A2,8110,202404,999999,訪問型サービス中山間地域等提供加算,5,3,,,,,,,2,2,2,,,,,,1,20240401
122283,A2,8111,201704,202403,訪問型独自サービス中山間地域等加算日割,5,2,,,,,,,2,2,2,,,,,,1,20170317
122283,A2,8111,202404,999999,訪問型サービス中山間地域等加算日割,5,2,,,,,,,2,2,2,,,,,,1,20240401
122283,A2,8112,202404,999999,訪問型サービス中山間地域等加算回数,5,1,,,,,,,2,2,2,,,,,,1,20240401
122283,A2,4001,201704,202403,訪問型独自サービス初回加算,200,3,,,3,,,,2,2,2,,,,,,1,20170317
122283,A2,4001,202404,999999,訪問型サービス初回加算,200,3,,,3,,,,2,2,2,,,,,,1,20240401
122283,A2,4002,201704,201809,訪問型独自サービス生活機能向上加算,100,3,,,3,,,,2,2,2,,,,,,1,20181001
122283,A2,4002,201810,202403,訪問型独自サービス生活機能向上連携加算Ⅱ,200,3,,,3,,,,2,2,2,,,,,,1,20181001
122283,A2,4002,202404,999999,訪問型サービス生活機能向上連携加算Ⅱ,200,3,,,3,,,,2,2,2,,,,,,1,20240401
122283,A2,4003,201810,202403,訪問型独自サービス生活機能向上連携加算Ⅰ,100,3,,,3,,,,2,2,2,,,,,,1,20181001
122283,A2,4003,202404,999999,訪問型サービス生活機能向上連携加算Ⅰ,100,3,,,3,,,,2,2,2,,,,,,1,20240401
122283,A2,6102,202404,999999,訪問型口腔連携強化加算,50,3,1,1,3,,,,2,2,2,,,,,,1,20240401
122283,A2,6183,202606,999999,訪問型サービス処遇改善加算Ⅰ２,287,3,,,,,,,2,2,2,,,,,,1,20260601
122283,A2,6184,202606,999999,訪問型サービス処遇改善加算Ⅱ２,266,3,,,,,,,2,2,2,,,,,,1,20260601
122283,A2,6269,201704,202403,訪問型独自サービス処遇改善加算Ⅰ,137,3,,,,,,,2,2,2,,,,,,1,20170317
122283,A2,6269,202404,202405,訪問型サービス処遇改善加算Ⅰ,137,3,,,,,,,2,2,2,,,,,,1,20240401
122283,A2,6269,202406,202605,訪問型サービス処遇改善加算Ⅰ,245,3,,,,,,,2,2,2,,,,,,1,20240601
122283,A2,6269,202606,999999,訪問型サービス処遇改善加算Ⅰ１,270,3,,,,,,,2,2,2,,,,,,1,20260601
122283,A2,6270,201704,202403,訪問型独自サービス処遇改善加算Ⅱ,100,3,,,,,,,2,2,2,,,,,,1,20170317
122283,A2,6270,202404,202405,訪問型サービス処遇改善加算Ⅱ,100,3,,,,,,,2,2,2,,,,,,1,20240401
122283,A2,6270,202406,202605,訪問型サービス処遇改善加算Ⅱ,224,3,,,,,,,2,2,2,,,,,,1,20240601
122283,A2,6270,202606,999999,訪問型サービス処遇改善加算Ⅱ１,249,3,,,,,,,2,2,2,,,,,,1,20260601
122283,A2,6271,201704,202403,訪問型独自サービス処遇改善加算Ⅲ,55,3,,,,,,,2,2,2,,,,,,1,20170317
122283,A2,6271,202404,202405,訪問型サービス処遇改善加算Ⅲ,55,3,,,,,,,2,2,2,,,,,,1,20240401
122283,A2,6271,202406,202605,訪問型サービス処遇改善加算Ⅲ,182,3,,,,,,,2,2,2,,,,,,1,20240601
122283,A2,6271,202606,999999,訪問型サービス処遇改善加算Ⅲ,207,3,,,,,,,2,2,2,,,,,,1,20260601
122283,A2,6273,201704,202203,訪問型独自サービス処遇改善加算Ⅳ,55,3,,,,,,,2,2,2,,,,,,1,20170317
122283,A2,6275,201704,202203,訪問型独自サービス処遇改善加算Ⅴ,55,3,,,,,,,2,2,2,,,,,,1,20170317
122283,A2,6278,201910,202403,訪問型独自サービス特定処遇改善加算Ⅰ,63,3,,,,,,,2,2,2,,,,,,1,20191001
122283,A2,6278,202404,202405,訪問型サービス特定処遇改善加算Ⅰ,63,3,,,,,,,2,2,2,,,,,,1,20240401
122283,A2,6279,201910,202403,訪問型独自サービス特定処遇改善加算Ⅱ,42,3,,,,,,,2,2,2,,,,,,1,20191001
122283,A2,6279,202404,202405,訪問型サービス特定処遇改善加算Ⅱ,42,3,,,,,,,2,2,2,,,,,,1,20240401
122283,A2,6281,202210,202403,訪問型独自サービスベースアップ等支援加算,24,3,,,,,,,2,2,2,,,,,,1,20221001
122283,A2,6281,202404,202405,訪問型サービスベースアップ等支援加算,24,3,,,,,,,2,2,2,,,,,,1,20240401
122283,A2,6380,202406,202605,訪問型サービス処遇改善加算Ⅳ,145,3,,,,,,,2,2,2,,,,,,1,20240601
122283,A2,6380,202606,999999,訪問型サービス処遇改善加算Ⅳ,170,3,,,,,,,2,2,2,,,,,,1,20260601
122283,A2,6381,202406,202503,訪問型サービス処遇改善加算Ⅴ１,221,3,,,,,,,2,2,2,,,,,,1,20240601
122283,A2,6382,202406,202503,訪問型サービス処遇改善加算Ⅴ２,208,3,,,,,,,2,2,2,,,,,,1,20240601
122283,A2,6383,202406,202503,訪問型サービス処遇改善加算Ⅴ３,200,3,,,,,,,2,2,2,,,,,,1,20240601
122283,A2,6384,202406,202503,訪問型サービス処遇改善加算Ⅴ４,187,3,,,,,,,2,2,2,,,,,,1,20240601
122283,A2,6385,202406,202503,訪問型サービス処遇改善加算Ⅴ５,184,3,,,,,,,2,2,2,,,,,,1,20240601
122283,A2,6386,202406,202503,訪問型サービス処遇改善加算Ⅴ６,163,3,,,,,,,2,2,2,,,,,,1,20240601
122283,A2,6387,202406,202503,訪問型サービス処遇改善加算Ⅴ７,163,3,,,,,,,2,2,2,,,,,,1,20240601
122283,A2,6388,202406,202503,訪問型サービス処遇改善加算Ⅴ８,158,3,,,,,,,2,2,2,,,,,,1,20240601
122283,A2,6389,202406,202503,訪問型サービス処遇改善加算Ⅴ９,142,3,,,,,,,2,2,2,,,,,,1,20240601
122283,A2,6390,202406,202503,訪問型サービス処遇改善加算Ⅴ１０,139,3,,,,,,,2,2,2,,,,,,1,20240601
122283,A2,6391,202406,202503,訪問型サービス処遇改善加算Ⅴ１１,121,3,,,,,,,2,2,2,,,,,,1,20240601
122283,A2,6392,202406,202503,訪問型サービス処遇改善加算Ⅴ１２,118,3,,,,,,,2,2,2,,,,,,1,20240601
122283,A2,6393,202406,202503,訪問型サービス処遇改善加算Ⅴ１３,100,3,,,,,,,2,2,2,,,,,,1,20240601
122283,A2,6394,202406,202503,訪問型サービス処遇改善加算Ⅴ１４,76,3,,,,,,,2,2,2,,,,,,1,20240601
122283,A2,8310,202104,202109,訪問型独自サービス令和３年９月３０日までの上乗せ分,1,3,,,3,,,,2,2,2,,,,,,1,20210401
122283,A3,1001,201704,201909,訪問型サービスⅠ,190,1,2,16,3,,90,,2,2,2,,,,,,1,20170317
122283,A3,1001,201910,202403,訪問型サービスⅠ,191,1,2,16,3,,90,,2,2,2,,,,,,1,20191001
122283,A3,1001,202404,202605,訪問型サービスＡⅠ,191,1,2,16,3,,90,,2,2,2,,,,,,1,20240401
122283,A3,1001,202606,999999,訪問型サービスＡⅠ,191,1,2,16,3,,90,,2,2,2,2,2,2,2,2,1,20260601
122283,A3,1002,201704,201909,訪問型サービスⅠ・同一,171,1,2,16,3,,90,,2,2,2,,,,,,1,20170317
122283,A3,1002,201910,202403,訪問型サービスⅠ・同一,172,1,2,16,3,,90,,2,2,2,,,,,,1,20191001
122283,A3,1002,202404,202605,訪問型サービスＡⅠ・同一１,172,1,2,16,3,,90,,2,2,2,,,,,,1,20240401
122283,A3,1002,202606,999999,訪問型サービスＡⅠ・同一１,172,1,2,16,3,,90,,2,2,2,2,2,2,2,2,1,20260601
122283,A3,1003,202404,202605,訪問型サービスＡⅠ・同一２,162,1,2,16,3,,90,,2,2,2,,,,,,1,20240401
122283,A3,1003,202606,999999,訪問型サービスＡⅠ・同一２,162,1,2,16,3,,90,,2,2,2,2,2,2,2,2,1,20260601
122283,A3,1004,202404,202605,訪問型サービスＡⅠ・同一３,168,1,2,16,3,,90,,2,2,2,,,,,,1,20240401
122283,A3,1004,202606,999999,訪問型サービスＡⅠ・同一３,168,1,2,16,3,,90,,2,2,2,2,2,2,2,2,1,20260601
122283,A3,1201,201704,201909,訪問型サービスⅡ,190,1,2,16,3,,80,,2,2,2,,,,,,1,20170317
122283,A3,1201,201910,202403,訪問型サービスⅡ,191,1,2,16,3,,80,,2,2,2,,,,,,1,20191001
122283,A3,1201,202404,202605,訪問型サービスＡⅡ,191,1,2,16,3,,80,,2,2,2,,,,,,1,20240401
122283,A3,1201,202606,999999,訪問型サービスＡⅡ,191,1,2,16,3,,80,,2,2,2,2,2,2,2,2,1,20260601
122283,A3,1202,201704,201909,訪問型サービスⅡ・同一,171,1,2,16,3,,80,,2,2,2,,,,,,1,20170317
122283,A3,1202,201910,202403,訪問型サービスⅡ・同一,172,1,2,16,3,,80,,2,2,2,,,,,,1,20191001
122283,A3,1202,202404,202605,訪問型サービスＡⅡ・同一１,172,1,2,16,3,,80,,2,2,2,,,,,,1,20240401
122283,A3,1202,202606,999999,訪問型サービスＡⅡ・同一１,172,1,2,16,3,,80,,2,2,2,2,2,2,2,2,1,20260601
122283,A3,1203,202404,202605,訪問型サービスＡⅡ・同一２,162,1,2,16,3,,80,,2,2,2,,,,,,1,20240401
122283,A3,1203,202606,999999,訪問型サービスＡⅡ・同一２,162,1,2,16,3,,80,,2,2,2,2,2,2,2,2,1,20260601
122283,A3,1204,202404,202605,訪問型サービスＡⅡ・同一３,168,1,2,16,3,,80,,2,2,2,,,,,,1,20240401
122283,A3,1204,202606,999999,訪問型サービスＡⅡ・同一３,168,1,2,16,3,,80,,2,2,2,2,2,2,2,2,1,20260601
122283,A3,1301,201808,201909,訪問型サービスⅢ,190,1,2,16,3,,70,,2,2,2,,,,,,1,20180801
122283,A3,1301,201910,202403,訪問型サービスⅢ,191,1,2,16,3,,70,,2,2,2,,,,,,1,20191001
122283,A3,1301,202404,202605,訪問型サービスＡⅢ,191,1,2,16,3,,70,,2,2,2,,,,,,1,20240401
122283,A3,1301,202606,999999,訪問型サービスＡⅢ,191,1,2,16,3,,70,,2,2,2,2,2,2,2,2,1,20260601
122283,A3,1302,201808,201909,訪問型サービスⅢ・同一,171,1,2,16,3,,70,,2,2,2,,,,,,1,20180801
122283,A3,1302,201910,202403,訪問型サービスⅢ・同一,172,1,2,16,3,,70,,2,2,2,,,,,,1,20191001
122283,A3,1302,202404,202605,訪問型サービスＡⅢ・同一１,172,1,2,16,3,,70,,2,2,2,,,,,,1,20240401
122283,A3,1302,202606,999999,訪問型サービスＡⅢ・同一１,172,1,2,16,3,,70,,2,2,2,2,2,2,2,2,1,20260601
122283,A3,1303,202404,202605,訪問型サービスＡⅢ・同一２,162,1,2,16,3,,70,,2,2,2,,,,,,1,20240401
122283,A3,1303,202606,999999,訪問型サービスＡⅢ・同一２,162,1,2,16,3,,70,,2,2,2,2,2,2,2,2,1,20260601
122283,A3,1304,202404,202605,訪問型サービスＡⅢ・同一３,168,1,2,16,3,,70,,2,2,2,,,,,,1,20240401
122283,A3,1304,202606,999999,訪問型サービスＡⅢ・同一３,168,1,2,16,3,,70,,2,2,2,2,2,2,2,2,1,20260601
122283,A6,1111,201704,201909,通所型独自サービス 1,1647,3,,,3,,,,2,2,1,,,,,,1,20170317
122283,A6,1111,201910,202103,通所型独自サービス 1,1655,3,,,3,,,,2,2,1,,,,,,1,20191001
122283,A6,1111,202104,202403,通所型独自サービス 1,1672,3,,,3,,,,2,2,1,,,,,,1,20210401
122283,A6,1111,202404,999999,通所型サービス 1,1798,3,,,3,,,,2,2,1,,,,,,1,20240401
122283,A6,1112,201704,202103,通所型独自サービス１日割,54,2,,,3,,,,2,2,1,,,,,,1,20170317
122283,A6,1112,202104,202403,通所型独自サービス１日割,55,2,,,3,,,,2,2,1,,,,,,1,20210401
122283,A6,1112,202404,999999,通所型サービス１日割,59,2,,,3,,,,2,2,1,,,,,,1,20240401
122283,A6,1221,201704,201909,通所型独自サービス２２,1647,3,,,3,,,,2,1,2,,,,,,1,20170317
122283,A6,1221,201910,202103,通所型独自サービス２２,1655,3,,,3,,,,2,1,2,,,,,,1,20191001
122283,A6,1221,202104,202403,通所型独自サービス２２,1672,3,,,3,,,,2,1,2,,,,,,1,20210401
122283,A6,1221,202404,999999,通所型サービス２２,1798,3,,,3,,,,2,1,2,,,,,,1,20240401
122283,A6,1222,201704,202103,通所型独自サービス２２日割,54,2,,,3,,,,2,1,2,,,,,,1,20170317
122283,A6,1222,202104,202403,通所型独自サービス２２日割,55,2,,,3,,,,2,1,2,,,,,,1,20210401
122283,A6,1222,202404,999999,通所型サービス２２日割,59,2,,,3,,,,2,1,2,,,,,,1,20240401
122283,A6,1121,201704,201909,通所型独自サービス２,3377,3,,,3,,,,2,1,2,,,,,,1,20170317
122283,A6,1121,201910,202103,通所型独自サービス２,3393,3,,,3,,,,2,1,2,,,,,,1,20191001
122283,A6,1121,202104,202403,通所型独自サービス２,3428,3,,,3,,,,2,1,2,,,,,,1,20210401
122283,A6,1121,202404,999999,通所型サービス２,3621,3,,,3,,,,2,1,2,,,,,,1,20240401
122283,A6,1122,201704,201909,通所型独自サービス２日割,111,2,,,3,,,,2,1,2,,,,,,1,20170317
122283,A6,1122,201910,202103,通所型独自サービス２日割,112,2,,,3,,,,2,1,2,,,,,,1,20191001
122283,A6,1122,202104,202403,通所型独自サービス２日割,113,2,,,3,,,,2,1,2,,,,,,1,20210401
122283,A6,1122,202404,999999,通所型サービス２日割,119,2,,,3,,,,2,1,2,,,,,,1,20240401
122283,A6,C211,202404,999999,通所型高齢者虐待防止未実施減算1,-18,3,,,3,,,,2,2,1,,,,,,1,20240401
122283,A6,C212,202404,999999,通所型高齢者虐待防止未実施減算1日割,-1,2,,,3,,,,2,2,1,,,,,,1,20240401
122283,A6,C221,202404,999999,通所型高齢者虐待防止未実施減算２２,-18,3,,,3,,,,2,1,2,,,,,,1,20240401
122283,A6,C222,202404,999999,通所型高齢者虐待防止未実施減算２２日割,-1,2,,,3,,,,2,1,2,,,,,,1,20240401
122283,A6,C213,202404,999999,通所型高齢者虐待防止未実施減算２,-36,3,,,3,,,,2,1,2,,,,,,1,20240401
122283,A6,C214,202404,999999,通所型高齢者虐待防止未実施減算２日割,-1,2,,,3,,,,2,1,2,,,,,,1,20240401
122283,A6,D211,202404,999999,通所型業務継続計画未策定減算1,-18,3,,,3,,,,2,2,1,,,,,,1,20240401
122283,A6,D212,202404,999999,通所型業務継続計画未策定減算1日割,-1,2,,,3,,,,2,2,1,,,,,,1,20240401
122283,A6,D221,202404,999999,通所型業務継続計画未策定減算２２,-18,3,,,3,,,,2,1,2,,,,,,1,20240401
122283,A6,D222,202404,999999,通所型業務継続計画未策定減算２２日割,-1,2,,,3,,,,2,1,2,,,,,,1,20240401
122283,A6,D213,202404,999999,通所型業務継続計画未策定減算２,-36,3,,,3,,,,2,1,2,,,,,,1,20240401
122283,A6,D214,202404,999999,通所型業務継続計画未策定減算２日割,-1,2,,,3,,,,2,1,2,,,,,,1,20240401
122283,A6,8110,201704,202403,通所型独自サービス中山間地域等提供加算,5,3,,,,,,,2,2,2,,,,,,1,20170317
122283,A6,8110,202404,999999,通所型サービス中山間地域等提供加算,5,3,,,,,,,2,2,2,,,,,,1,20240401
122283,A6,8111,201704,202403,通所型独自サービス中山間地域等加算日割,5,2,,,,,,,2,2,2,,,,,,1,20170317
122283,A6,8111,202404,999999,通所型サービス中山間地域等加算日割,5,2,,,,,,,2,2,2,,,,,,1,20240401
122283,A6,6109,201704,202403,通所型独自サービス若年性認知症受入加算,240,3,,,3,,,,2,2,2,,,,,,1,20170317
122283,A6,6109,202404,999999,通所型サービス若年性認知症受入加算,240,3,,,3,,,,2,2,2,,,,,,1,20240401
122283,A6,6129,201704,202403,通所型独自サービス若年性認知症受入加算２,240,3,,,3,,,,2,2,2,,,,,,1,20170825
122283,A6,6129,202404,999999,通所型サービス若年性認知症受入加算２,240,3,,,3,,,,2,2,2,,,,,,1,20240401
122283,A6,6116,202104,202403,通所型独自サービス栄養アセスメント加算,50,3,,,3,,,,2,2,2,,,,,,1,20210401
122283,A6,6116,202404,999999,通所型サービス栄養アセスメント加算,50,3,,,3,,,,2,2,2,,,,,,1,20240401
122283,A6,6120,202104,202403,通所型独自サービス栄養アセスメント加算２,50,3,,,3,,,,2,2,2,,,,,,1,20210401
122283,A6,6120,202404,999999,通所型サービス栄養アセスメント加算２,50,3,,,3,,,,2,2,2,,,,,,1,20240401
122283,A6,6105,201704,202103,通所型独自サービス同一建物減算１,-376,3,,,3,,,,2,2,1,,,,,,1,20170317
122283,A6,6105,202104,202403,通所型独自サービス同一建物減算１,-376,3,,,,,,,2,2,1,,,,,,1,20210401
122283,A6,6105,202404,999999,通所型サービス同一建物減算１,-376,3,,,,,,,2,2,1,,,,,,1,20240401
122283,A6,6126,201704,202103,通所型独自サービス同一建物減算２２,-376,3,,,3,,,,2,1,2,,,,,,1,20170317
122283,A6,6126,202104,202403,通所型独自サービス同一建物減算２２,-376,3,,,,,,,2,1,2,,,,,,1,20210401
122283,A6,6126,202404,999999,通所型サービス同一建物減算２２,-376,3,,,,,,,2,1,2,,,,,,1,20240401
122283,A6,6106,201704,202103,通所型独自サービス同一建物減算２,-752,3,,,3,,,,2,1,2,,,,,,1,20170317
122283,A6,6106,202104,202403,通所型独自サービス同一建物減算２,-752,3,,,,,,,2,1,2,,,,,,1,20210401
122283,A6,6106,202404,999999,通所型サービス同一建物減算２,-752,3,,,,,,,2,1,2,,,,,,1,20240401
122283,A6,5612,202404,999999,通所型送迎減算,-47,1,,,3,,,,2,2,2,,,,,,1,20240401
122283,A6,5622,202404,999999,通所型送迎減算２,-47,1,,,3,,,,2,2,2,,,,,,1,20240401
122283,A6,5010,201704,202403,通所型独自生活向上グループ活動加算,100,3,,,3,,,,2,2,2,,,,,,1,20170317
122283,A6,5010,202404,999999,通所型生活向上グループ活動加算,100,3,,,3,,,,2,2,2,,,,,,1,20240401
122283,A6,5020,201704,202403,通所型独自生活向上グループ活動加算２,100,3,,,3,,,,2,2,2,,,,,,1,20170825
122283,A6,5020,202404,999999,通所型生活向上グループ活動加算２,100,3,,,3,,,,2,2,2,,,,,,1,20240401
122283,A6,5002,201704,202403,通所型独自サービス運動器機能向上加算,225,3,,,3,,,,2,2,2,,,,,,1,20170317
122283,A6,5012,201704,202403,通所型独自サービス運動器機能向上加算２,225,3,,,3,,,,2,2,2,,,,,,1,20170825
122283,A6,5003,201704,202103,通所型独自サービス栄養改善加算,150,3,,,3,,,,2,2,2,,,,,,1,20170317
122283,A6,5003,202104,202403,通所型独自サービス栄養改善加算,200,3,,,3,,,,2,2,2,,,,,,1,20210401
122283,A6,5003,202404,999999,通所型サービス栄養改善加算,200,3,,,3,,,,2,2,2,,,,,,1,20240401
122283,A6,5013,201704,202103,通所型独自サービス栄養改善加算２,150,3,,,3,,,,2,2,2,,,,,,1,20170825
122283,A6,5013,202104,202403,通所型独自サービス栄養改善加算２,200,3,,,3,,,,2,2,2,,,,,,1,20210401
122283,A6,5013,202404,999999,通所型サービス栄養改善加算２,200,3,,,3,,,,2,2,2,,,,,,1,20240401
122283,A6,5004,201704,202103,通所型独自サービス口腔機能向上加算,150,3,,,3,,,,2,2,2,,,,,,1,20170317
122283,A6,5004,202104,202403,通所型独自サービス口腔機能向上加算Ⅰ,150,3,,,3,,,,2,2,2,,,,,,1,20210401
122283,A6,5004,202404,999999,通所型サービス口腔機能向上加算Ⅰ,150,3,,,3,,,,2,2,2,,,,,,1,20240401
122283,A6,5014,201704,202103,通所型独自サービス口腔機能向上加算２,150,3,,,3,,,,2,2,2,,,,,,1,20170825
122283,A6,5014,202104,202403,通所型独自サービス口腔機能向上加算Ⅰ２,150,3,,,3,,,,2,2,2,,,,,,1,20210401
122283,A6,5014,202404,999999,通所型サービス口腔機能向上加算Ⅰ２,150,3,,,3,,,,2,2,2,,,,,,1,20240401
122283,A6,5011,202104,202403,通所型独自サービス口腔機能向上加算Ⅱ,160,3,,,3,,,,2,2,2,,,,,,1,20210401
122283,A6,5011,202404,999999,通所型サービス口腔機能向上加算Ⅱ,160,3,,,3,,,,2,2,2,,,,,,1,20240401
122283,A6,5021,202104,202403,通所型独自サービス口腔機能向上加算Ⅱ２,160,3,,,3,,,,2,2,2,,,,,,1,20210401
122283,A6,5021,202404,999999,通所型サービス口腔機能向上加算Ⅱ２,160,3,,,3,,,,2,2,2,,,,,,1,20240401
122283,A6,6310,202404,999999,通所型一体的サービス提供加算,480,3,,,3,,,,2,2,2,,,,,,1,20240401
122283,A6,6320,202404,999999,通所型一体的サービス提供加算２,480,3,,,3,,,,2,2,2,,,,,,1,20240401
122283,A6,5006,201704,202403,通所型独自複数サービス実施加算Ⅰ１,480,3,,,3,,,,2,2,2,,,,,,1,20170317
122283,A6,5016,201704,202403,通所型独自複数サービス実施加算Ⅰ２１,480,3,,,3,,,,2,2,2,,,,,,1,20170825
122283,A6,5007,201704,202403,通所型独自複数サービス実施加算Ⅰ２,480,3,,,3,,,,2,2,2,,,,,,1,20170317
122283,A6,5017,201704,202403,通所型独自複数サービス実施加算Ⅰ２２,480,3,,,3,,,,2,2,2,,,,,,1,20170825
122283,A6,5008,201704,202403,通所型独自複数サービス実施加算Ⅰ３,480,3,,,3,,,,2,2,2,,,,,,1,20170317
122283,A6,5018,201704,202403,通所型独自複数サービス実施加算Ⅰ２３,480,3,,,3,,,,2,2,2,,,,,,1,20170825
122283,A6,5009,201704,202403,通所型独自複数サービス実施加算Ⅱ,700,3,,,3,,,,2,2,2,,,,,,1,20170317
122283,A6,5019,201704,202403,通所型独自複数サービス実施加算Ⅱ２,700,3,,,3,,,,2,2,2,,,,,,1,20170825
122283,A6,5005,201704,202403,通所型独自サービス事業所評価加算,120,3,,,3,,,,2,2,2,,,,,,1,20170317
122283,A6,5015,201704,202403,通所型独自サービス事業所評価加算２,120,3,,,3,,,,2,2,2,,,,,,1,20170825
122283,A6,6011,202104,202403,通所型独自サービス提供体制加算Ⅰ１,88,3,,,,,,,2,2,1,,,,,,1,20210401
122283,A6,6011,202404,999999,通所型サービス提供体制加算Ⅰ１,88,3,,,,,,,2,2,1,,,,,,1,20240401
122283,A6,6022,202104,202403,通所型独自サービス提供体制加算Ⅰ２２,88,3,,,,,,,2,1,2,,,,,,1,20210401
122283,A6,6022,202404,999999,通所型サービス提供体制加算Ⅰ２２,88,3,,,,,,,2,1,2,,,,,,1,20240401
122283,A6,6012,202104,202403,通所型独自サービス提供体制加算Ⅰ２,176,3,,,,,,,2,1,2,,,,,,1,20210401
122283,A6,6012,202404,999999,通所型サービス提供体制加算Ⅰ２,176,3,,,,,,,2,1,2,,,,,,1,20240401
122283,A6,6107,201704,202103,通所型独自サービス提供体制加算Ⅰ１１,72,3,,,,,,,2,2,1,,,,,,1,20170317
122283,A6,6107,202104,202403,通所型独自サービス提供体制加算Ⅱ１,72,3,,,,,,,2,2,1,,,,,,1,20210401
122283,A6,6107,202404,999999,通所型サービス提供体制加算Ⅱ１,72,3,,,,,,,2,2,1,,,,,,1,20240401
122283,A6,6128,201704,202103,通所型独自サービス提供体制加算Ⅰ２１２,72,3,,,,,,,2,1,2,,,,,,1,20170317
122283,A6,6128,202104,202403,通所型独自サービス提供体制加算Ⅱ２２,72,3,,,,,,,2,1,2,,,,,,1,20210401
122283,A6,6128,202404,999999,通所型サービス提供体制加算Ⅱ２２,72,3,,,,,,,2,1,2,,,,,,1,20240401
122283,A6,6108,201704,202103,通所型独自サービス提供体制加算Ⅰ１２,144,3,,,,,,,2,1,2,,,,,,1,20170317
122283,A6,6108,202104,202403,通所型独自サービス提供体制加算Ⅱ２,144,3,,,,,,,2,1,2,,,,,,1,20210401
122283,A6,6108,202404,999999,通所型サービス提供体制加算Ⅱ２,144,3,,,,,,,2,1,2,,,,,,1,20240401
122283,A6,6101,201704,202103,通所型独自サービス提供体制加算Ⅰ２１,48,3,,,,,,,2,2,1,,,,,,1,20170317
122283,A6,6122,201704,202103,通所型独自サービス提供体制加算Ⅰ２２２,48,3,,,,,,,2,1,2,,,,,,1,20170317
122283,A6,6102,201704,202103,通所型独自サービス提供体制加算Ⅰ２２,96,3,,,,,,,2,1,2,,,,,,1,20170317
122283,A6,6103,201704,202103,通所型独自サービス提供体制加算Ⅱ１,24,3,,,,,,,2,2,1,,,,,,1,20170317
122283,A6,6103,202104,202403,通所型独自サービス提供体制加算Ⅲ１,24,3,,,,,,,2,2,1,,,,,,1,20210401
122283,A6,6103,202404,999999,通所型サービス提供体制加算Ⅲ１,24,3,,,,,,,2,2,1,,,,,,1,20240401
122283,A6,6124,201704,202103,通所型独自サービス提供体制加算Ⅱ２２,24,3,,,,,,,2,1,2,,,,,,1,20170317
122283,A6,6124,202104,202403,通所型独自サービス提供体制加算Ⅲ２２,24,3,,,,,,,2,1,2,,,,,,1,20210401
122283,A6,6124,202404,999999,通所型サービス提供体制加算Ⅲ２２,24,3,,,,,,,2,1,2,,,,,,1,20240401
122283,A6,6104,201704,202103,通所型独自サービス提供体制加算Ⅱ２,48,3,,,,,,,2,1,2,,,,,,1,20170317
122283,A6,6104,202104,202403,通所型独自サービス提供体制加算Ⅲ２,48,3,,,,,,,2,1,2,,,,,,1,20210401
122283,A6,6104,202404,999999,通所型サービス提供体制加算Ⅲ２,48,3,,,,,,,2,1,2,,,,,,1,20240401
122283,A6,4001,202104,202403,通所型独自サービス生活機能向上連携加算Ⅰ,100,3,,,3,,,,2,2,2,,,,,,1,20210401
122283,A6,4001,202404,999999,通所型サービス生活機能向上連携加算Ⅰ,100,3,,,3,,,,2,2,2,,,,,,1,20240401
122283,A6,4002,201810,202103,通所型独自サービス生活機能向上連携加算１,200,3,,,3,,,,2,2,2,,,,,,1,20181001
122283,A6,4002,202104,202403,通所型独自サービス生活機能向上連携加算Ⅱ１,200,3,,,3,,,,2,2,2,,,,,,1,20210401
122283,A6,4002,202404,999999,通所型サービス生活機能向上連携加算Ⅱ１,200,3,,,3,,,,2,2,2,,,,,,1,20240401
122283,A6,4003,201810,202103,通所型独自サービス生活機能向上連携加算２,100,3,,,3,,,,2,2,2,,,,,,1,20181001
122283,A6,4003,202104,202403,通所型独自サービス生活機能向上連携加算Ⅱ２,100,3,,,3,,,,2,2,2,,,,,,1,20210401
122283,A6,6200,202104,202403,通所型独自サービス口腔栄養スクリーニング加算Ⅰ,20,1,,,3,,,,2,2,2,,,,,,1,20210401
122283,A6,6200,202404,999999,通所型サービス口腔栄養スクリーニング加算Ⅰ,20,1,,,3,,,,2,2,2,,,,,,1,20240401
122283,A6,6201,201810,202103,通所型独自サービス栄養スクリーニング加算,5,1,,,3,,,,2,2,2,,,,,,1,20181001
122283,A6,6201,202104,202403,通所型独自サービス口腔栄養スクリーニング加算Ⅱ,5,1,,,3,,,,2,2,2,,,,,,1,20210401
122283,A6,6201,202404,999999,通所型サービス口腔栄養スクリーニング加算Ⅱ,5,1,,,3,,,,2,2,2,,,,,,1,20240401
122283,A6,6311,202104,202403,通所型独自サービス科学的介護推進体制加算,40,3,,,3,,,,2,2,2,,,,,,1,20210401
122283,A6,6311,202404,999999,通所型サービス科学的介護推進体制加算,40,3,,,3,,,,2,2,2,,,,,,1,20240401
122283,A6,6321,202104,202403,通所型独自サービス科学的介護推進体制加算／２,40,3,,,3,,,,2,2,2,,,,,,1,20210401
122283,A6,6321,202404,999999,通所型サービス科学的介護推進体制加算２,40,3,,,3,,,,2,2,2,,,,,,1,20240401
122283,A6,6100,201704,202403,通所型独自サービス処遇改善加算Ⅰ,59,3,,,,,,,2,2,2,,,,,,1,20170317
122283,A6,6100,202404,202405,通所型サービス処遇改善加算Ⅰ,59,3,,,,,,,2,2,2,,,,,,1,20240401
122283,A6,6100,202406,202605,通所型サービス処遇改善加算Ⅰ,92,3,,,,,,,2,2,2,,,,,,1,20240601
122283,A6,6100,202606,999999,通所型サービス処遇改善加算Ⅰ１１,111,3,,,,,,,2,2,2,,,,,,1,20260601
122283,A6,6110,201704,202403,通所型独自サービス処遇改善加算Ⅱ,43,3,,,,,,,2,2,2,,,,,,1,20170317
122283,A6,6110,202404,202405,通所型サービス処遇改善加算Ⅱ,43,3,,,,,,,2,2,2,,,,,,1,20240401
122283,A6,6110,202406,202605,通所型サービス処遇改善加算Ⅱ,90,3,,,,,,,2,2,2,,,,,,1,20240601
122283,A6,6110,202606,999999,通所型サービス処遇改善加算Ⅱ１１,109,3,,,,,,,2,2,2,,,,,,1,20260601
122283,A6,6111,201704,202403,通所型独自サービス処遇改善加算Ⅲ,23,3,,,,,,,2,2,2,,,,,,1,20170317
122283,A6,6111,202404,202405,通所型サービス処遇改善加算Ⅲ,23,3,,,,,,,2,2,2,,,,,,1,20240401
122283,A6,6111,202406,202605,通所型サービス処遇改善加算Ⅲ,80,3,,,,,,,2,2,2,,,,,,1,20240601
122283,A6,6111,202606,999999,通所型サービス処遇改善加算Ⅲ１,99,3,,,,,,,2,2,2,,,,,,1,20260601
122283,A6,6113,201704,202204,通所型独自サービス処遇改善加算Ⅳ,23,3,,,,,,,2,2,2,,,,,,1,20170317
122283,A6,6115,201704,202204,通所型独自サービス処遇改善加算Ⅴ,23,3,,,,,,,2,2,2,,,,,,1,20170317
122283,A6,6118,201910,202403,通所型独自サービス特定処遇改善加算Ⅰ,12,3,,,,,,,2,2,2,,,,,,1,20191001
122283,A6,6118,202404,202405,通所型サービス特定処遇改善加算Ⅰ,12,3,,,,,,,2,2,2,,,,,,1,20240401
122283,A6,6119,201910,202403,通所型独自サービス特定処遇改善加算Ⅱ,10,3,,,,,,,2,2,2,,,,,,1,20191001
122283,A6,6119,202404,202405,通所型サービス特定処遇改善加算Ⅱ,10,3,,,,,,,2,2,2,,,,,,1,20240401
122283,A6,6114,202210,202403,通所型独自サービスベースアップ等支援加算,11,3,,,,,,,2,2,2,,,,,,1,20221001
122283,A6,6114,202404,202405,通所型サービスベースアップ等支援加算,11,3,,,,,,,2,2,2,,,,,,1,20240401
122283,A6,6183,202606,999999,通所型サービス処遇改善加算Ⅰ２１,120,3,,,,,,,2,2,2,,,,,,1,20260601
122283,A6,6184,202606,999999,通所型サービス処遇改善加算Ⅱ２１,118,3,,,,,,,2,2,2,,,,,,1,20260601
122283,A6,6185,202606,999999,通所型サービス処遇改善加算Ⅰ１２,117,3,,,,,,,2,2,2,,,,,,1,20260601
122283,A6,6186,202606,999999,通所型サービス処遇改善加算Ⅰ２２,127,3,,,,,,,2,2,2,,,,,,1,20260601
122283,A6,6187,202606,999999,通所型サービス処遇改善加算Ⅱ１２,115,3,,,,,,,2,2,2,,,,,,1,20260601
122283,A6,6188,202606,999999,通所型サービス処遇改善加算Ⅱ２２,125,3,,,,,,,2,2,2,,,,,,1,20260601
122283,A6,6189,202606,999999,通所型サービス処遇改善加算Ⅲ２,105,3,,,,,,,2,2,2,,,,,,1,20260601
122283,A6,6190,202606,999999,通所型サービス処遇改善加算Ⅳ２,89,3,,,,,,,2,2,2,,,,,,1,20260601
122283,A6,6380,202406,202605,通所型サービス処遇改善加算Ⅳ,64,3,,,,,,,2,2,2,,,,,,1,20240601
122283,A6,6380,202606,999999,通所型サービス処遇改善加算Ⅳ１,83,3,,,,,,,2,2,2,,,,,,1,20260601
122283,A6,6381,202406,202503,通所型サービス処遇改善加算Ⅴ１,81,3,,,,,,,2,2,2,,,,,,1,20240601
122283,A6,6382,202406,202503,通所型サービス処遇改善加算Ⅴ２,76,3,,,,,,,2,2,2,,,,,,1,20240601
122283,A6,6383,202406,202503,通所型サービス処遇改善加算Ⅴ３,79,3,,,,,,,2,2,2,,,,,,1,20240601
122283,A6,6384,202406,202503,通所型サービス処遇改善加算Ⅴ４,74,3,,,,,,,2,2,2,,,,,,1,20240601
122283,A6,6385,202406,202503,通所型サービス処遇改善加算Ⅴ５,65,3,,,,,,,2,2,2,,,,,,1,20240601
122283,A6,6386,202406,202503,通所型サービス処遇改善加算Ⅴ６,63,3,,,,,,,2,2,2,,,,,,1,20240601
122283,A6,6387,202406,202503,通所型サービス処遇改善加算Ⅴ７,56,3,,,,,,,2,2,2,,,,,,1,20240601
122283,A6,6388,202406,202503,通所型サービス処遇改善加算Ⅴ８,69,3,,,,,,,2,2,2,,,,,,1,20240601
122283,A6,6389,202406,202503,通所型サービス処遇改善加算Ⅴ９,54,3,,,,,,,2,2,2,,,,,,1,20240601
122283,A6,6390,202406,202503,通所型サービス処遇改善加算Ⅴ１０,45,3,,,,,,,2,2,2,,,,,,1,20240601
122283,A6,6391,202406,202503,通所型サービス処遇改善加算Ⅴ１１,53,3,,,,,,,2,2,2,,,,,,1,20240601
122283,A6,6392,202406,202503,通所型サービス処遇改善加算Ⅴ１２,43,3,,,,,,,2,2,2,,,,,,1,20240601
122283,A6,6393,202406,202503,通所型サービス処遇改善加算Ⅴ１３,44,3,,,,,,,2,2,2,,,,,,1,20240601
122283,A6,6394,202406,202503,通所型サービス処遇改善加算Ⅴ１４,33,3,,,,,,,2,2,2,,,,,,1,20240601
122283,A6,8310,202104,202109,通所型独自サービス令和３年９月３０日までの上乗せ分,1,3,,,3,,,,2,2,2,,,,,,1,20210401
122283,A6,8001,201704,201909,通所型独自サービス１・定超,1153,3,,,3,,,,2,2,1,,,,,,1,20170317
122283,A6,8001,201910,202103,通所型独自サービス１・定超,1159,3,,,3,,,,2,2,1,,,,,,1,20191001
122283,A6,8001,202104,202403,通所型独自サービス１・定超,1170,3,,,3,,,,2,2,1,,,,,,1,20210401
122283,A6,8001,202404,999999,通所型サービス１・定超,1259,3,,,3,,,,2,2,1,,,,,,1,20240401
122283,A6,8002,201704,202103,通所型独自サービス１日割・定超,38,2,,,3,,,,2,2,1,,,,,,1,20170317
122283,A6,8002,202104,202403,通所型独自サービス１日割・定超,39,2,,,3,,,,2,2,1,,,,,,1,20210401
122283,A6,8002,202404,999999,通所型サービス１日割・定超,41,2,,,3,,,,2,2,1,,,,,,1,20240401
122283,A6,8014,201704,201909,通所型独自サービス２２・定超,1153,3,,,3,,,,2,1,2,,,,,,1,20170317
122283,A6,8014,201910,202103,通所型独自サービス２２・定超,1159,3,,,3,,,,2,1,2,,,,,,1,20191001
122283,A6,8014,202104,202403,通所型独自サービス２２・定超,1170,3,,,3,,,,2,1,2,,,,,,1,20210401
122283,A6,8014,202404,999999,通所型サービス２２・定超,1259,3,,,3,,,,2,1,2,,,,,,1,20240401
122283,A6,8015,201704,202103,通所型独自サービス２２日割・定超,38,2,,,3,,,,2,1,2,,,,,,1,20170317
122283,A6,8015,202104,202403,通所型独自サービス２２日割・定超,39,2,,,3,,,,2,1,2,,,,,,1,20210401
122283,A6,8015,202404,999999,通所型サービス２２日割・定超,41,2,,,3,,,,2,1,2,,,,,,1,20240401
122283,A6,8011,201704,201909,通所型独自サービス２定超,2364,3,,,3,,,,2,1,2,,,,,,1,20170317
122283,A6,8011,201910,202103,通所型独自サービス２定超,2375,3,,,3,,,,2,1,2,,,,,,1,20191001
122283,A6,8011,202104,202403,通所型独自サービス２定超,2400,3,,,3,,,,2,1,2,,,,,,1,20210401
122283,A6,8011,202404,999999,通所型サービス２定超,2535,3,,,3,,,,2,1,2,,,,,,1,20240401
122283,A6,8012,201704,202103,通所型独自サービス２日割・定超,78,2,,,3,,,,2,1,2,,,,,,1,20170317
122283,A6,8012,202104,202403,通所型独自サービス２日割・定超,79,2,,,3,,,,2,1,2,,,,,,1,20210401
122283,A6,8012,202404,999999,通所型サービス２日割・定超,83,2,,,3,,,,2,1,2,,,,,,1,20240401
122283,A6,9001,201704,201909,通所型独自サービス１・人欠,1153,3,,,3,,,,2,2,1,,,,,,1,20170317
122283,A6,9001,201910,202103,通所型独自サービス１・人欠,1159,3,,,3,,,,2,2,1,,,,,,1,20191001
122283,A6,9001,202104,202403,通所型独自サービス１・人欠,1170,3,,,3,,,,2,2,1,,,,,,1,20210401
122283,A6,9001,202404,999999,通所型サービス１・人欠,1259,3,,,3,,,,2,2,1,,,,,,1,20240401
122283,A6,9002,201910,202103,通所型独自サービス１日割・人欠,38,2,,,3,,,,2,2,1,,,,,,1,20170317
122283,A6,9002,202104,202403,通所型独自サービス１日割・人欠,39,2,,,3,,,,2,2,1,,,,,,1,20210401
122283,A6,9002,202404,999999,通所型サービス１日割・人欠,41,2,,,3,,,,2,2,1,,,,,,1,20240401
122283,A6,9014,201704,201909,通所型独自サービス２２・人欠,1153,3,,,3,,,,2,1,2,,,,,,1,20170317
122283,A6,9014,201910,202103,通所型独自サービス２２・人欠,1159,3,,,3,,,,2,1,2,,,,,,1,20191001
122283,A6,9014,202104,202403,通所型独自サービス２２・人欠,1170,3,,,3,,,,2,1,2,,,,,,1,20210401
122283,A6,9014,202404,999999,通所型サービス２２・人欠,1259,3,,,3,,,,2,1,2,,,,,,1,20240401
122283,A6,9015,201910,202103,通所型独自サービス２２日割・人欠,38,2,,,3,,,,2,1,2,,,,,,1,20170317
122283,A6,9015,202104,202403,通所型独自サービス２２日割・人欠,39,2,,,3,,,,2,1,2,,,,,,1,20210401
122283,A6,9015,202404,999999,通所型サービス２２日割・人欠,41,2,,,3,,,,2,1,2,,,,,,1,20240401
122283,A6,9011,201704,201909,通所型独自サービス２人欠,2364,3,,,3,,,,2,1,2,,,,,,1,20170317
122283,A6,9011,201910,202103,通所型独自サービス２人欠,2375,3,,,3,,,,2,1,2,,,,,,1,20191001
122283,A6,9011,202104,202403,通所型独自サービス２人欠,2400,3,,,3,,,,2,1,2,,,,,,1,20210401
122283,A6,9011,202404,999999,通所型サービス２人欠,2535,3,,,3,,,,2,1,2,,,,,,1,20240401
122283,A6,9012,201910,202103,通所型独自サービス２日割・人欠,78,2,,,3,,,,2,1,2,,,,,,1,20170317
122283,A6,9012,202104,202403,通所型独自サービス２日割・人欠,79,2,,,3,,,,2,1,2,,,,,,1,20210401
122283,A6,9012,202404,999999,通所型サービス２日割・人欠,83,2,,,3,,,,2,1,2,,,,,,1,20240401
122283,A7,1001,201704,201909,通所型サービス週１,268,1,,,3,,90,,2,2,1,,,,,,1,20170317
122283,A7,1001,201910,202103,通所型サービス週１,270,1,,,3,,90,,2,2,1,,,,,,1,20191001
122283,A7,1001,202104,202403,通所型サービス週１,272,1,,,3,,90,,2,2,1,,,,,,1,20210401
122283,A7,1001,202404,202605,通所型サービスA週１,293,1,,,3,,90,,2,2,1,,,,,,1,20240401
122283,A7,1001,202606,999999,通所型サービスA週１,293,1,,,3,,90,,2,2,1,2,2,2,2,2,1,20260601
122283,A7,1002,201704,201909,通所型サービス週１・定超,180,1,,,3,,90,,2,2,1,,,,,,1,20170317
122283,A7,1002,201910,202103,通所型サービス週１・定超,189,1,,,3,,90,,2,2,1,,,,,,1,20191001
122283,A7,1002,202104,202403,通所型サービス週１・定超,190,1,,,3,,90,,2,2,1,,,,,,1,20210401
122283,A7,1002,202404,202605,通所型サービスA週１・定超,205,1,,,3,,90,,2,2,1,,,,,,1,20240401
122283,A7,1002,202606,999999,通所型サービスA週１・定超,205,1,,,3,,90,,2,2,1,2,2,2,2,2,1,20260601
122283,A7,1003,201704,201909,通所型サービス週１・同一,207,1,,,3,,90,,2,2,1,,,,,,1,20170317
122283,A7,1003,201910,202103,通所型サービス週１・同一,209,1,,,3,,90,,2,2,1,,,,,,1,20191001
122283,A7,1003,202104,202403,通所型サービス週１・同一,211,1,,,3,,90,,2,2,1,,,,,,1,20210401
122283,A7,1003,202404,202605,通所型サービスA週１・同一,232,1,,,3,,90,,2,2,1,,,,,,1,20240401
122283,A7,1003,202606,999999,通所型サービスA週１・同一,232,1,,,3,,90,,2,2,1,2,2,2,2,2,1,20260601
122283,A7,1004,201704,201909,通所型サービス週１・同一・定超,188,1,,,3,,90,,2,2,1,,,,,,1,20170317
122283,A7,1004,201910,202103,通所型サービス週１・同一・定超,128,1,,,3,,90,,2,2,1,,,,,,1,20191001
122283,A7,1004,202104,202403,通所型サービス週１・同一・定超,129,1,,,3,,90,,2,2,1,,,,,,1,20210401
122283,A7,1004,202404,202605,通所型サービスA週１・同一・定超,162,1,,,3,,90,,2,2,1,,,,,,1,20240401
122283,A7,1004,202606,999999,通所型サービスA週１・同一・定超,162,1,,,3,,90,,2,2,1,2,2,2,2,2,1,20260601
122283,A7,1005,201704,201909,通所型サービス週２,268,1,,,3,,90,,2,1,2,,,,,,1,20170317
122283,A7,1005,201910,202103,通所型サービス週２,270,1,,,3,,90,,2,1,2,,,,,,1,20191001
122283,A7,1005,202104,202403,通所型サービス週２,272,1,,,3,,90,,2,1,2,,,,,,1,20210401
122283,A7,1005,202404,202605,通所型サービスA週２,293,1,,,3,,90,,2,1,2,,,,,,1,20240401
122283,A7,1005,202606,999999,通所型サービスA週２,293,1,,,3,,90,,2,1,2,2,2,2,2,2,1,20260601
122283,A7,1006,201704,201909,通所型サービス週２・定超,180,1,,,3,,90,,2,1,2,,,,,,1,20170317
122283,A7,1006,201910,202103,通所型サービス週２・定超,189,1,,,3,,90,,2,1,2,,,,,,1,20191001
122283,A7,1006,202104,202403,通所型サービス週２・定超,190,1,,,3,,90,,2,1,2,,,,,,1,20210401
122283,A7,1006,202404,202605,通所型サービスA週２・定超,205,1,,,3,,90,,2,1,2,,,,,,1,20240401
122283,A7,1006,202606,999999,通所型サービスA週２・定超,205,1,,,3,,90,,2,1,2,2,2,2,2,2,1,20260601
122283,A7,1007,201704,201909,通所型サービス週２・同一,207,1,,,3,,90,,2,1,2,,,,,,1,20170317
122283,A7,1007,201910,202103,通所型サービス週２・同一,209,1,,,3,,90,,2,1,2,,,,,,1,20191001
122283,A7,1007,202104,202403,通所型サービス週２・同一,211,1,,,3,,90,,2,1,2,,,,,,1,20210401
122283,A7,1007,202404,202605,通所型サービスA週２・同一,232,1,,,3,,90,,2,1,2,,,,,,1,20240401
122283,A7,1007,202606,999999,通所型サービスA週２・同一,232,1,,,3,,90,,2,1,2,2,2,2,2,2,1,20260601
122283,A7,1008,201704,201909,通所型サービス週２・同一・定超,188,1,,,3,,90,,2,1,2,,,,,,1,20170317
122283,A7,1008,201910,202103,通所型サービス週２・同一・定超,128,1,,,3,,90,,2,1,2,,,,,,1,20191001
122283,A7,1008,202104,202403,通所型サービス週２・同一・定超,129,1,,,3,,90,,2,1,2,,,,,,1,20210401
122283,A7,1008,202404,202605,通所型サービスA週２・同一・定超,162,1,,,3,,90,,2,1,2,,,,,,1,20240401
122283,A7,1008,202606,999999,通所型サービスA週２・同一・定超,162,1,,,3,,90,,2,1,2,2,2,2,2,2,1,20260601
122283,A7,1201,201704,201909,通所型サービス週１１,268,1,,,3,,80,,2,2,1,,,,,,1,20170317
122283,A7,1201,201910,202103,通所型サービス週１１,270,1,,,3,,80,,2,2,1,,,,,,1,20191001
122283,A7,1201,202104,202403,通所型サービス週１１,272,1,,,3,,80,,2,2,1,,,,,,1,20210401
122283,A7,1201,202404,202605,通所型サービスA週１１,293,1,,,3,,80,,2,2,1,,,,,,1,20240401
122283,A7,1201,202606,999999,通所型サービスA週１１,293,1,,,3,,80,,2,2,1,2,2,2,2,2,1,20260601
122283,A7,1202,201704,201909,通所型サービス週１１・定超,180,1,,,3,,80,,2,2,1,,,,,,1,20170317
122283,A7,1202,201910,202103,通所型サービス週１１・定超,189,1,,,3,,80,,2,2,1,,,,,,1,20191001
122283,A7,1202,202104,202403,通所型サービス週１１・定超,190,1,,,3,,80,,2,2,1,,,,,,1,20210401
122283,A7,1202,202404,202605,通所型サービスA週１１・定超,205,1,,,3,,80,,2,2,1,,,,,,1,20240401
122283,A7,1202,202606,999999,通所型サービスA週１１・定超,205,1,,,3,,80,,2,2,1,2,2,2,2,2,1,20260601
122283,A7,1203,201704,201909,通所型サービス週１１・同一,207,1,,,3,,80,,2,2,1,,,,,,1,20170317
122283,A7,1203,201910,202103,通所型サービス週１１・同一,209,1,,,3,,80,,2,2,1,,,,,,1,20191001
122283,A7,1203,202104,202403,通所型サービス週１１・同一,211,1,,,3,,80,,2,2,1,,,,,,1,20210401
122283,A7,1203,202404,202605,通所型サービスA週１１・同一,232,1,,,3,,80,,2,2,1,,,,,,1,20240401
122283,A7,1203,202606,999999,通所型サービスA週１１・同一,232,1,,,3,,80,,2,2,1,2,2,2,2,2,1,20260601
122283,A7,1204,201704,201909,通所型サービス週１１・同一・定超,188,1,,,3,,80,,2,2,1,,,,,,1,20170317
122283,A7,1204,201910,202103,通所型サービス週１１・同一・定超,128,1,,,3,,80,,2,2,1,,,,,,1,20191001
122283,A7,1204,202104,202403,通所型サービス週１１・同一・定超,129,1,,,3,,80,,2,2,1,,,,,,1,20210401
122283,A7,1204,202404,202605,通所型サービスA週１１・同一・定超,162,1,,,3,,80,,2,2,1,,,,,,1,20240401
122283,A7,1204,202606,999999,通所型サービスA週１１・同一・定超,162,1,,,3,,80,,2,2,1,2,2,2,2,2,1,20260601
122283,A7,1205,201704,201909,通所型サービス週２２,268,1,,,3,,80,,2,1,2,,,,,,1,20170317
122283,A7,1205,201910,202103,通所型サービス週２２,270,1,,,3,,80,,2,1,2,,,,,,1,20191001
122283,A7,1205,202104,202403,通所型サービス週２２,272,1,,,3,,80,,2,1,2,,,,,,1,20210401
122283,A7,1205,202404,202605,通所型サービスA週２２,293,1,,,3,,80,,2,1,2,,,,,,1,20240401
122283,A7,1205,202606,999999,通所型サービスA週２２,293,1,,,3,,80,,2,1,2,2,2,2,2,2,1,20260601
122283,A7,1206,201704,201909,通所型サービス週２２・定超,180,1,,,3,,80,,2,1,2,,,,,,1,20170317
122283,A7,1206,201910,202103,通所型サービス週２２・定超,189,1,,,3,,80,,2,1,2,,,,,,1,20191001
122283,A7,1206,202104,202403,通所型サービス週２２・定超,190,1,,,3,,80,,2,1,2,,,,,,1,20210401
122283,A7,1206,202404,202605,通所型サービスA週２２・定超,205,1,,,3,,80,,2,1,2,,,,,,1,20240401
122283,A7,1206,202606,999999,通所型サービスA週２２・定超,205,1,,,3,,80,,2,1,2,2,2,2,2,2,1,20260601
122283,A7,1207,201704,201909,通所型サービス週２２・同一,207,1,,,3,,80,,2,1,2,,,,,,1,20170317
122283,A7,1207,201910,202103,通所型サービス週２２・同一,209,1,,,3,,80,,2,1,2,,,,,,1,20191001
122283,A7,1207,202104,202403,通所型サービス週２２・同一,211,1,,,3,,80,,2,1,2,,,,,,1,20210401
122283,A7,1207,202404,202605,通所型サービスA週２２・同一,232,1,,,3,,80,,2,1,2,,,,,,1,20240401
122283,A7,1207,202606,999999,通所型サービスA週２２・同一,232,1,,,3,,80,,2,1,2,2,2,2,2,2,1,20260601
122283,A7,1208,201704,201909,通所型サービス週２２・同一・定超,188,1,,,3,,80,,2,1,2,,,,,,1,20170317
122283,A7,1208,201910,202103,通所型サービス週２２・同一・定超,128,1,,,3,,80,,2,1,2,,,,,,1,20191001
122283,A7,1208,202104,202403,通所型サービス週２２・同一・定超,129,1,,,3,,80,,2,1,2,,,,,,1,20210401
122283,A7,1208,202404,202605,通所型サービスA週２２・同一・定超,162,1,,,3,,80,,2,1,2,,,,,,1,20240401
122283,A7,1208,202606,999999,通所型サービスA週２２・同一・定超,162,1,,,3,,80,,2,1,2,2,2,2,2,2,1,20260601
122283,A7,1301,201704,201909,通所型サービス週１１１,268,1,,,3,,70,,2,2,1,,,,,,1,20180801
122283,A7,1301,201910,202103,通所型サービス週１１１,270,1,,,3,,70,,2,2,1,,,,,,1,20191001
122283,A7,1301,202104,202403,通所型サービス週１１１,272,1,,,3,,70,,2,2,1,,,,,,1,20210401
122283,A7,1301,202404,202605,通所型サービスA週１１１,293,1,,,3,,70,,2,2,1,,,,,,1,20240401
122283,A7,1301,202606,999999,通所型サービスA週１１１,293,1,,,3,,70,,2,2,1,2,2,2,2,2,1,20260601
122283,A7,1302,201704,201909,通所型サービス週１１１・定超,180,1,,,3,,70,,2,2,1,,,,,,1,20180801
122283,A7,1302,201910,202103,通所型サービス週１１１・定超,189,1,,,3,,70,,2,2,1,,,,,,1,20191001
122283,A7,1302,202104,202403,通所型サービス週１１１・定超,190,1,,,3,,70,,2,2,1,,,,,,1,20210401
122283,A7,1302,202404,202605,通所型サービスA週１１１・定超,205,1,,,3,,70,,2,2,1,,,,,,1,20240401
122283,A7,1302,202606,999999,通所型サービスA週１１１・定超,205,1,,,3,,70,,2,2,1,2,2,2,2,2,1,20260601
122283,A7,1303,201704,201909,通所型サービス週１１１・同一,207,1,,,3,,70,,2,2,1,,,,,,1,20180801
122283,A7,1303,201910,202103,通所型サービス週１１１・同一,209,1,,,3,,70,,2,2,1,,,,,,1,20191001
122283,A7,1303,202104,202403,通所型サービス週１１１・同一,211,1,,,3,,70,,2,2,1,,,,,,1,20210401
122283,A7,1303,202404,202605,通所型サービスA週１１１・同一,232,1,,,3,,70,,2,2,1,,,,,,1,20240401
122283,A7,1303,202606,999999,通所型サービスA週１１１・同一,232,1,,,3,,70,,2,2,1,2,2,2,2,2,1,20260601
122283,A7,1304,201704,201909,通所型サービス週１１１・同一・定超,188,1,,,3,,70,,2,2,1,,,,,,1,20180801
122283,A7,1304,201910,202103,通所型サービス週１１１・同一・定超,128,1,,,3,,70,,2,2,1,,,,,,1,20191001
122283,A7,1304,202104,202403,通所型サービス週１１１・同一・定超,129,1,,,3,,70,,2,2,1,,,,,,1,20210401
122283,A7,1304,202404,202605,通所型サービスA週１１１・同一・定超,162,1,,,3,,70,,2,2,1,,,,,,1,20240401
122283,A7,1304,202606,999999,通所型サービスA週１１１・同一・定超,162,1,,,3,,70,,2,2,1,2,2,2,2,2,1,20260601
122283,A7,1305,201704,201909,通所型サービス週２２２,268,1,,,3,,70,,2,1,2,,,,,,1,20180801
122283,A7,1305,201910,202103,通所型サービス週２２２,270,1,,,3,,70,,2,1,2,,,,,,1,20191001
122283,A7,1305,202104,202403,通所型サービス週２２２,272,1,,,3,,70,,2,1,2,,,,,,1,20210401
122283,A7,1305,202404,202605,通所型サービスA週２２２,293,1,,,3,,70,,2,1,2,,,,,,1,20240401
122283,A7,1305,202606,999999,通所型サービスA週２２２,293,1,,,3,,70,,2,1,2,2,2,2,2,2,1,20260601
122283,A7,1306,201704,201909,通所型サービス週２２２・定超,180,1,,,3,,70,,2,1,2,,,,,,1,20180801
122283,A7,1306,201910,202103,通所型サービス週２２２・定超,189,1,,,3,,70,,2,1,2,,,,,,1,20191001
122283,A7,1306,202104,202403,通所型サービス週２２２・定超,190,1,,,3,,70,,2,1,2,,,,,,1,20210401
122283,A7,1306,202404,202605,通所型サービスA週２２２・定超,205,1,,,3,,70,,2,1,2,,,,,,1,20240401
122283,A7,1306,202606,999999,通所型サービスA週２２２・定超,205,1,,,3,,70,,2,1,2,2,2,2,2,2,1,20260601
122283,A7,1307,201704,201909,通所型サービス週２２２・同一,209,1,,,3,,70,,2,1,2,,,,,,1,20191001
122283,A7,1307,201910,202103,通所型サービス週２２２・同一,207,1,,,3,,70,,2,1,2,,,,,,1,20180801
122283,A7,1307,202104,202403,通所型サービス週２２２・同一,211,1,,,3,,70,,2,1,2,,,,,,1,20210401
122283,A7,1307,202404,202605,通所型サービスA週２２２・同一,232,1,,,3,,70,,2,1,2,,,,,,1,20240401
122283,A7,1307,202606,999999,通所型サービスA週２２２・同一,232,1,,,3,,70,,2,1,2,2,2,2,2,2,1,20260601
122283,A7,1308,201704,201909,通所型サービス週２２２・同一・定超,188,1,,,3,,70,,2,1,2,,,,,,1,20180801
122283,A7,1308,201910,202103,通所型サービス週２２２・同一・定超,128,1,,,3,,70,,2,1,2,,,,,,1,20191001
122283,A7,1308,202104,202403,通所型サービス週２２２・同一・定超,129,1,,,3,,70,,2,1,2,,,,,,1,20210401
122283,A7,1308,202404,202605,通所型サービスA週２２２・同一・定超,162,1,,,3,,70,,2,1,2,,,,,,1,20240401
122283,A7,1308,202606,999999,通所型サービスA週２２２・同一・定超,162,1,,,3,,70,,2,1,2,2,2,2,2,2,1,20260601
122283,AF,1001,201704,201909,介護予防ケアマネジメント,430,3,,,,,,,2,2,2,,,,,,1,20190401
122283,AF,1001,201910,202103,介護予防ケアマネジメント,431,3,,,,,,,2,2,2,,,,,,1,20191001
122283,AF,1001,202104,202403,介護予防ケアマネジメント,438,3,,,,,,,2,2,2,1,1,1,1,1,1,20210401
122283,AF,1001,202404,999999,介護予防ケアマネジメント,442,3,,,,,,,2,2,2,1,1,1,1,1,1,20240401
122283,AF,1006,202404,999999,介護予防ケアマネジメント虐待防止減算,438,3,,,,,,,2,2,2,1,1,1,1,1,1,20240401
122283,AF,1007,202504,999999,介護予防ケアマネジメント虐待防止減算・業務継続計画減算,434,3,,,,,,,2,2,2,1,1,1,1,1,1,20250401
122283,AF,1008,202504,999999,介護予防ケアマネジメント業務継続計画減算,438,3,,,,,,,2,2,2,1,1,1,1,1,1,20250401
122283,AF,1002,201904,999999,介護予防ケアマネジメント初回加算,300,3,,,,,,,2,2,2,,,,,,1,20190401
122283,AF,1003,201904,202103,介護予防ケアマネジメント小規模多機能連携加算,300,3,,,,,,,2,2,2,,,,,,1,20190401
122283,AF,1004,202104,999999,介護予防ケアマネジメント委託連携加算,300,3,,,,,,,2,2,2,1,1,1,1,1,1,20210401
122283,AF,1005,202104,202109,新型コロナウイルス感染症への対応,1,3,,,,,,,2,2,2,1,1,1,1,1,1,20210401
122283,AF,1009,202606,999999,介護予防ケアマネジメント処遇改善加算１,9,3,,,,,,,2,2,2,1,1,1,1,1,1,20260601
122283,AF,1010,202606,999999,介護予防ケアマネジメント処遇改善加算２,15,3,,,,,,,2,2,2,1,1,1,1,1,1,20260601
122283,AF,1011,202606,999999,介護予防ケアマネジメント処遇改善加算３,16,3,,,,,,,2,2,2,1,1,1,1,1,1,20260601
122283,AF,1012,202606,999999,介護予防ケアマネジメント処遇改善加算４,22,3,,,,,,,2,2,2,1,1,1,1,1,1,20260601
