"法人名","施設名","事業所番号","事業所名","提供年月","請求年月","明細書番号","利用者番号","利用者名","被保険者番号","状態","返戻","過誤","再請求区分","月遅","特定介護請求額","保険単位数","保険請求額","利用者負担額","軽減額","公費単位数","公費請求額","公費分本人負担","取下年月","公費1負担者番号","公費1受給者番号","公費2負担者番号","公費2受給者番号","公費3負担者番号","公費3受給者番号","保険者番号","フリガナ","生年月日","性別","要介護状態区分","認定有効期間開始日","認定有効期間終了日","郵便番号","所在地","電話番号","居宅サービス計画作成者区分","居宅サービス計画事業所番号","居宅サービス計画事業所名称","入所(院)(居)年月日","退所(院)(居)年月日","入所(院)(居)実日数","短期入所計画日数","短期入所実日数(H13/12/31以前)","短期入所実日数(H14/1/1以降)","外泊日数","退所(院)(居)後の状況","外部利用型給付上限単位数","外部利用型上限管理対象単位数","外部利用型外単位数","サービス開始年月日","サービス中止年月日","サービス中止理由","サービス種類コード","サービス種類名称","サービス実日数","計画単位数","限度額管理対象単位数","限度額管理対象外単位数","単位数単価(保険分)","給付率(保険分)","単位数合計(公費1分)","給付率(公費1分)","請求額(公費1分)","利用者負担額(公費1分)","単位数合計(公費2分)","給付率(公費2分)","請求額(公費2分)","利用者負担額(公費2分)","単位数合計(公費3分)","給付率(公費3分)","請求額(公費3分)","利用者負担額(公費3分)","軽減サービス種類","軽減率","受領すべき利用者負担の総額(円)","軽減後利用者負担額","備考","旧措置入所者特例","食事費日数(基本)","食事費日数(特別食)","食事費延べ日数","食事費公費１日数","食事費公費２日数","食事費公費３日数","食事費単価(基本)","食事費単価(特別食)","食事費金額(基本)","食事費金額(特別食)","食事費合計","標準負担額(月額)","標準負担額(日額)","保険分食事提供費請求額","公費１分食事提供費請求額","公費２分食事提供費請求額","公費３分食事提供費請求額","単位数合計(保険分出来高医療費)","給付率(保険分出来高医療費)","請求額(保険分出来高医療費)","利用者負担額(保険分出来高医療費)","単位数合計(公費１分出来高医療費)","給付率(公費１分出来高医療費)","請求額(公費１分出来高医療費)","利用者負担額(公費１分出来高医療費)","単位数合計(公費２分出来高医療費)","給付率(公費２分出来高医療費)","請求額(公費２分出来高医療費)","利用者負担額(公費２分出来高医療費)","単位数合計(公費３分出来高医療費)","給付率(公費３分出来高医療費)","請求額(公費３分出来高医療費)","利用者負担額(公費３分出来高医療費)","主傷病","入所(院)(居)前の状況","費用額合計(特定介護)","保険分請求額合計(特定介護)","利用者負担額合計(特定介護)","公費1負担額合計(特定介護)","公費1請求額(特定介護)","公費1本人負担月額(特定介護)","公費2負担額合計(特定介護)","公費2請求額(特定介護)","公費2本人負担月額(特定介護)","公費3負担額合計(特定介護)","公費3請求額(特定介護)","公費3本人負担月額(特定介護)","申請中フラグ","サービス内容","単位数単価","回数","単位数","サービスコード","摘要","公費1分回数及び日数","公費2分回数及び日数","公費3分回数及び日数","公費1対象単位数","公費2対象単位数","公費3対象単位数","傷病名(特定診療・特別療養)","識別番号(特定診療・特別療養)","負担限度額(特定介護)","保険分請求額(特定介護)","利用者負担額(特定介護)","住特","入所・入居施設等所在保険者番号","商品名"
"*株式会社サービスワン","*サービスワン","1270303173","*Hana四街道訪問介護","2026/03","2026/06","660","625000027","下山 みつ子","1003331152","国保対象","","","","月遅","","3672","36517","4058.000000","0","0","0","0","","","","","","","","121038","ｼﾓﾔﾏ ﾐﾂｺ","1950/01/03","女","要介護度４","2026/03/25","2027/03/31","2630003","千葉県千葉市稲毛区小深町32-4","043-309-5911","居宅介護支援事業者作成","1270403007","ケアプラン白樺","","","","","","","","","","","","","","","11","訪問介護","7","3000","3000","672","1105","90","0","0","0","0","0","0","0","0","0","0","0","0","","","","","","","","","","","","","","","","","","","","","","","","","","","","","","","","","","","","","","","","","","","","","","","","","","","","","","","身2","387","4","1548","111211","","0","0","0","0","0","0","","","","","","","",""
"*株式会社サービスワン","*サービスワン","1270303173","*Hana四街道訪問介護","2026/03","2026/06","660","625000027","下山 みつ子","1003331152","国保対象","","","","月遅","","3672","36517","4058.000000","0","0","0","0","","","","","","","","121038","ｼﾓﾔﾏ ﾐﾂｺ","1950/01/03","女","要介護度４","2026/03/25","2027/03/31","2630003","千葉県千葉市稲毛区小深町32-4","043-309-5911","居宅介護支援事業者作成","1270403007","ケアプラン白樺","","","","","","","","","","","","","","","11","訪問介護","7","3000","3000","672","1105","90","0","0","0","0","0","0","0","0","0","0","0","0","","","","","","","","","","","","","","","","","","","","","","","","","","","","","","","","","","","","","","","","","","","","","","","","","","","","","","","身2夜","484","3","1452","111212","","0","0","0","0","0","0","","","","","","","",""
"*株式会社サービスワン","*サービスワン","1270303173","*Hana四街道訪問介護","2026/03","2026/06","660","625000027","下山 みつ子","1003331152","国保対象","","","","月遅","","3672","36517","4058.000000","0","0","0","0","","","","","","","","121038","ｼﾓﾔﾏ ﾐﾂｺ","1950/01/03","女","要介護度４","2026/03/25","2027/03/31","2630003","千葉県千葉市稲毛区小深町32-4","043-309-5911","居宅介護支援事業者作成","1270403007","ケアプラン白樺","","","","","","","","","","","","","","","11","訪問介護","7","3000","3000","672","1105","90","0","0","0","0","0","0","0","0","0","0","0","0","","","","","","","","","","","","","","","","","","","","","","","","","","","","","","","","","","","","","","","","","","","","","","","","","","","","","","","処遇改善加算Ⅱ","672","1","672","116274","","0","0","0","0","0","0","","","","","","","",""
"*株式会社サービスワン","*サービスワン","1270303173","*Hana四街道訪問介護","2026/03","2026/06","661","625000064","宮間 しのぶ","0000288183","国保対象","","","返戻再請求","月遅","","474","4713","524.000000","0","0","0","0","","","","","","","","122283","ﾐﾔﾏ ｼﾉﾌﾞ","1946/12/07","女","要介護度４","2026/03/16","2027/03/31","2630003","千葉県千葉市稲毛区小深町32-4","043-309-5911","居宅介護支援事業者作成","1273300085","あすみの丘在宅介護支援センター","","","","","","","","","","","","","","","11","訪問介護","1","387","387","87","1105","90","0","0","0","0","0","0","0","0","0","0","0","0","","","","","","","","","","","","","","","","","","","","","","","","","","","","","","","","","","","","","","","","","","","","","","","","","","","","","","","身2","387","1","387","111211","","0","0","0","0","0","0","","","","","","","",""
"*株式会社サービスワン","*サービスワン","1270303173","*Hana四街道訪問介護","2026/03","2026/06","661","625000064","宮間 しのぶ","0000288183","国保対象","","","返戻再請求","月遅","","474","4713","524.000000","0","0","0","0","","","","","","","","122283","ﾐﾔﾏ ｼﾉﾌﾞ","1946/12/07","女","要介護度４","2026/03/16","2027/03/31","2630003","千葉県千葉市稲毛区小深町32-4","043-309-5911","居宅介護支援事業者作成","1273300085","あすみの丘在宅介護支援センター","","","","","","","","","","","","","","","11","訪問介護","1","387","387","87","1105","90","0","0","0","0","0","0","0","0","0","0","0","0","","","","","","","","","","","","","","","","","","","","","","","","","","","","","","","","","","","","","","","","","","","","","","","","","","","","","","","処遇改善加算Ⅱ","87","1","87","116274","","0","0","0","0","0","0","","","","","","","",""
"*株式会社サービスワン","*サービスワン","1270303173","*Hana四街道訪問介護","2026/06","2026/06","515","625000008","秋山 久子","1001555364","国保対象","","","","","","4289","42653","4740.000000","0","0","0","0","","","","","","","","121038","ｱｷﾔﾏ ﾋｻｺ","1938/11/28","女","要介護度４","2023/10/01","2027/09/30","2630003","千葉県千葉市稲毛区小深町32-4","043-309-5911","居宅介護支援事業者作成","1270402348","コープみらい千葉介護センター","","","","","","","","","","","","","","","11","訪問介護","7","5324","3388","901","1105","90","0","0","0","0","0","0","0","0","0","0","0","0","","","","","","","","","","","","","","","","","","","","","","","","","","","","","","","","","","","","","","","","","","","","","","","","","","","","","","","身2夜","484","7","3388","111212","","0","0","0","0","0","0","","","","","","","",""
"*株式会社サービスワン","*サービスワン","1270303173","*Hana四街道訪問介護","2026/06","2026/06","515","625000008","秋山 久子","1001555364","国保対象","","","","","","4289","42653","4740.000000","0","0","0","0","","","","","","","","121038","ｱｷﾔﾏ ﾋｻｺ","1938/11/28","女","要介護度４","2023/10/01","2027/09/30","2630003","千葉県千葉市稲毛区小深町32-4","043-309-5911","居宅介護支援事業者作成","1270402348","コープみらい千葉介護センター","","","","","","","","","","","","","","","11","訪問介護","7","5324","3388","901","1105","90","0","0","0","0","0","0","0","0","0","0","0","0","","","","","","","","","","","","","","","","","","","","","","","","","","","","","","","","","","","","","","","","","","","","","","","","","","","","","","","処遇改善加算Ⅱ2","901","1","901","116184","","0","0","0","0","0","0","","","","","","","",""
"*株式会社サービスワン","*サービスワン","1270303173","*Hana四街道訪問介護","2026/06","2026/06","516","625000062","井岡 淑江","0000053751","国保対象","","","","","","1470","14618","1625.000000","0","0","0","0","","","","","","","","122283","ｲｵｶ ﾖｼｴ","1932/10/12","女","要介護度５","2023/04/01","2027/03/31","2630003","千葉県千葉市稲毛区小深町32-4","043-309-5911","居宅介護支援事業者作成","1214410379","潤生堂医院","","","","","","","","","","","","","","","11","訪問介護","2","1161","1161","309","1105","90","0","0","0","0","0","0","0","0","0","0","0","0","","","","","","","","","","","","","","","","","","","","","","","","","","","","","","","","","","","","","","","","","","","","","","","","","","","","","","","身2","387","3","1161","111211","","0","0","0","0","0","0","","","","","","","",""
"*株式会社サービスワン","*サービスワン","1270303173","*Hana四街道訪問介護","2026/06","2026/06","516","625000062","井岡 淑江","0000053751","国保対象","","","","","","1470","14618","1625.000000","0","0","0","0","","","","","","","","122283","ｲｵｶ ﾖｼｴ","1932/10/12","女","要介護度５","2023/04/01","2027/03/31","2630003","千葉県千葉市稲毛区小深町32-4","043-309-5911","居宅介護支援事業者作成","1214410379","潤生堂医院","","","","","","","","","","","","","","","11","訪問介護","2","1161","1161","309","1105","90","0","0","0","0","0","0","0","0","0","0","0","0","","","","","","","","","","","","","","","","","","","","","","","","","","","","","","","","","","","","","","","","","","","","","","","","","","","","","","","処遇改善加算Ⅱ2","309","1","309","116184","","0","0","0","0","0","0","","","","","","","",""
"*株式会社サービスワン","*サービスワン","1270303173","*Hana四街道訪問介護","2026/06","2026/06","517","625000045","石﨑 佐知子","1001726833","国保対象","","","","","","6558","65218","7247.000000","0","0","0","0","","","","","","","","121046","ｲｼｻﾞｷ ｻﾁｺ","1940/02/26","女","要介護度４","2025/07/31","2026/07/31","2630003","千葉県千葉市稲毛区小深町32-4","043-309-5911","居宅介護支援事業者作成","1270400573","シャローム若葉居宅介護支援事業所","","","","","","","","","","","","","","","11","訪問介護","23","5180","5180","1378","1105","90","0","0","0","0","0","0","0","0","0","0","0","0","","","","","","","","","","","","","","","","","","","","","","","","","","","","","","","","","","","","","","","","","","","","","","","","","","","","","","","身1","244","5","1220","111111","","0","0","0","0","0","0","","","","","","","",""
"*株式会社サービスワン","*サービスワン","1270303173","*Hana四街道訪問介護","2026/06","2026/06","517","625000045","石﨑 佐知子","1001726833","国保対象","","","","","","6558","65218","7247.000000","0","0","0","0","","","","","","","","121046","ｲｼｻﾞｷ ｻﾁｺ","1940/02/26","女","要介護度４","2025/07/31","2026/07/31","2630003","千葉県千葉市稲毛区小深町32-4","043-309-5911","居宅介護支援事業者作成","1270400573","シャローム若葉居宅介護支援事業所","","","","","","","","","","","","","","","11","訪問介護","23","5180","5180","1378","1105","90","0","0","0","0","0","0","0","0","0","0","0","0","","","","","","","","","","","","","","","","","","","","","","","","","","","","","","","","","","","","","","","","","","","","","","","","","","","","","","","生3","220","18","3960","117311","","0","0","0","0","0","0","","","","","","","",""
"*株式会社サービスワン","*サービスワン","1270303173","*Hana四街道訪問介護","2026/06","2026/06","517","625000045","石﨑 佐知子","1001726833","国保対象","","","","","","6558","65218","7247.000000","0","0","0","0","","","","","","","","121046","ｲｼｻﾞｷ ｻﾁｺ","1940/02/26","女","要介護度４","2025/07/31","2026/07/31","2630003","千葉県千葉市稲毛区小深町32-4","043-309-5911","居宅介護支援事業者作成","1270400573","シャローム若葉居宅介護支援事業所","","","","","","","","","","","","","","","11","訪問介護","23","5180","5180","1378","1105","90","0","0","0","0","0","0","0","0","0","0","0","0","","","","","","","","","","","","","","","","","","","","","","","","","","","","","","","","","","","","","","","","","","","","","","","","","","","","","","","処遇改善加算Ⅱ2","1378","1","1378","116184","","0","0","0","0","0","0","","","","","","","",""
"*株式会社サービスワン","*サービスワン","1270303173","*Hana四街道訪問介護","2026/06","2026/06","518","625000060","石橋 之子","0000065433","国保対象","","","","","","1114","11078","1231.000000","0","0","0","0","","","","","","","","122283","ｲｼﾊﾞｼ ﾕｷｺ","1932/07/31","女","要介護度３","2026/01/01","2028/12/31","2630003","千葉県千葉市稲毛区小深町32-4","043-309-5911","居宅介護支援事業者作成","1270300047","双樹苑在宅介護センター","","","","","","","","","","","","","","","11","訪問介護","4","880","880","234","1105","90","0","0","0","0","0","0","0","0","0","0","0","0","","","","","","","","","","","","","","","","","","","","","","","","","","","","","","","","","","","","","","","","","","","","","","","","","","","","","","","生3","220","4","880","117311","","0","0","0","0","0","0","","","","","","","",""
"*株式会社サービスワン","*サービスワン","1270303173","*Hana四街道訪問介護","2026/06","2026/06","518","625000060","石橋 之子","0000065433","国保対象","","","","","","1114","11078","1231.000000","0","0","0","0","","","","","","","","122283","ｲｼﾊﾞｼ ﾕｷｺ","1932/07/31","女","要介護度３","2026/01/01","2028/12/31","2630003","千葉県千葉市稲毛区小深町32-4","043-309-5911","居宅介護支援事業者作成","1270300047","双樹苑在宅介護センター","","","","","","","","","","","","","","","11","訪問介護","4","880","880","234","1105","90","0","0","0","0","0","0","0","0","0","0","0","0","","","","","","","","","","","","","","","","","","","","","","","","","","","","","","","","","","","","","","","","","","","","","","","","","","","","","","","処遇改善加算Ⅱ2","234","1","234","116184","","0","0","0","0","0","0","","","","","","","",""
"*株式会社サービスワン","*サービスワン","1270303173","*Hana四街道訪問介護","2026/06","2026/06","519","625000001","伊藤 紀子","0000426346","国保対象","","","","","","17176","170814","18980.000000","0","0","0","0","","","","","","","","122283","ｲﾄｳ ﾄｼｺ","1955/06/22","女","要介護度３","2024/05/01","2027/04/30","2630003","千葉県千葉市稲毛区小深町32-4","043-309-5911","居宅介護支援事業者作成","1273300838","NPO法人ひとあいカルテット介護サービス","","","","","","","","","","","","","","","11","訪問介護","21","13567","13567","3609","1105","90","0","0","0","0","0","0","0","0","0","0","0","0","","","","","","","","","","","","","","","","","","","","","","","","","","","","","","","","","","","","","","","","","","","","","","","","","","","","","","","身1","244","4","976","111111","","0","0","0","0","0","0","","","","","","","",""
"*株式会社サービスワン","*サービスワン","1270303173","*Hana四街道訪問介護","2026/06","2026/06","519","625000001","伊藤 紀子","0000426346","国保対象","","","","","","17176","170814","18980.000000","0","0","0","0","","","","","","","","122283","ｲﾄｳ ﾄｼｺ","1955/06/22","女","要介護度３","2024/05/01","2027/04/30","2630003","千葉県千葉市稲毛区小深町32-4","043-309-5911","居宅介護支援事業者作成","1273300838","NPO法人ひとあいカルテット介護サービス","","","","","","","","","","","","","","","11","訪問介護","21","13567","13567","3609","1105","90","0","0","0","0","0","0","0","0","0","0","0","0","","","","","","","","","","","","","","","","","","","","","","","","","","","","","","","","","","","","","","","","","","","","","","","","","","","","","","","身2生1","452","27","12204","115111","","0","0","0","0","0","0","","","","","","","",""
"*株式会社サービスワン","*サービスワン","1270303173","*Hana四街道訪問介護","2026/06","2026/06","519","625000001","伊藤 紀子","0000426346","国保対象","","","","","","17176","170814","18980.000000","0","0","0","0","","","","","","","","122283","ｲﾄｳ ﾄｼｺ","1955/06/22","女","要介護度３","2024/05/01","2027/04/30","2630003","千葉県千葉市稲毛区小深町32-4","043-309-5911","居宅介護支援事業者作成","1273300838","NPO法人ひとあいカルテット介護サービス","","","","","","","","","","","","","","","11","訪問介護","21","13567","13567","3609","1105","90","0","0","0","0","0","0","0","0","0","0","0","0","","","","","","","","","","","","","","","","","","","","","","","","","","","","","","","","","","","","","","","","","","","","","","","","","","","","","","","処遇改善加算Ⅱ2","3609","1","3609","116184","","0","0","0","0","0","0","","","","","","","",""
"*株式会社サービスワン","*サービスワン","1270303173","*Hana四街道訪問介護","2026/06","2026/06","519","625000001","伊藤 紀子","0000426346","国保対象","","","","","","17176","170814","18980.000000","0","0","0","0","","","","","","","","122283","ｲﾄｳ ﾄｼｺ","1955/06/22","女","要介護度３","2024/05/01","2027/04/30","2630003","千葉県千葉市稲毛区小深町32-4","043-309-5911","居宅介護支援事業者作成","1273300838","NPO法人ひとあいカルテット介護サービス","","","","","","","","","","","","","","","11","訪問介護","21","13567","13567","3609","1105","90","0","0","0","0","0","0","0","0","0","0","0","0","","","","","","","","","","","","","","","","","","","","","","","","","","","","","","","","","","","","","","","","","","","","","","","","","","","","","","","身2","387","1","387","111211","","0","0","0","0","0","0","","","","","","","",""
"*株式会社サービスワン","*サービスワン","1270303173","*Hana四街道訪問介護","2026/06","2026/06","520","625000029","伊藤 幸子","1001166493","国保対象","","","","","","1393","13852","1540.000000","0","0","0","0","","","","","","","","121046","ｲﾄｳ ﾄｼｺ","1935/11/09","女","要介護度１","2026/03/01","2030/02/28","2630003","千葉県千葉市稲毛区小深町32-4","043-309-5911","居宅介護支援事業者作成","1270403007","ケアプラン白樺","","","","","","","","","","","","","","","11","訪問介護","5","1100","1100","293","1105","90","0","0","0","0","0","0","0","0","0","0","0","0","","","","","","","","","","","","","","","","","","","","","","","","","","","","","","","","","","","","","","","","","","","","","","","","","","","","","","","生3","220","5","1100","117311","","0","0","0","0","0","0","","","","","","","",""
"*株式会社サービスワン","*サービスワン","1270303173","*Hana四街道訪問介護","2026/06","2026/06","520","625000029","伊藤 幸子","1001166493","国保対象","","","","","","1393","13852","1540.000000","0","0","0","0","","","","","","","","121046","ｲﾄｳ ﾄｼｺ","1935/11/09","女","要介護度１","2026/03/01","2030/02/28","2630003","千葉県千葉市稲毛区小深町32-4","043-309-5911","居宅介護支援事業者作成","1270403007","ケアプラン白樺","","","","","","","","","","","","","","","11","訪問介護","5","1100","1100","293","1105","90","0","0","0","0","0","0","0","0","0","0","0","0","","","","","","","","","","","","","","","","","","","","","","","","","","","","","","","","","","","","","","","","","","","","","","","","","","","","","","","処遇改善加算Ⅱ2","293","1","293","116184","","0","0","0","0","0","0","","","","","","","",""
"*株式会社サービスワン","*サービスワン","1270303173","*Hana四街道訪問介護","2026/06","2026/06","521","625000053","岩田 僖一郎","0000127175","国保対象","","","","","","4668","41264","10317.000000","0","0","0","0","","","","","","","","122283","ｲﾜﾀ ｷｲﾁﾛｳ","1937/01/23","男","要介護度１","2025/08/12","2026/08/31","2630003","千葉県千葉市稲毛区小深町32-4","043-309-5911","居宅介護支援事業者作成","1273301547","ケアプラン夢","","","","","","","","","","","","","","","11","訪問介護","18","3687","3687","981","1105","80","0","0","0","0","0","0","0","0","0","0","0","0","","","","","","","","","","","","","","","","","","","","","","","","","","","","","","","","","","","","","","","","","","","","","","","","","","","","","","","身1","244","4","976","111111","","0","0","0","0","0","0","","","","","","","",""
"*株式会社サービスワン","*サービスワン","1270303173","*Hana四街道訪問介護","2026/06","2026/06","521","625000053","岩田 僖一郎","0000127175","国保対象","","","","","","4668","41264","10317.000000","0","0","0","0","","","","","","","","122283","ｲﾜﾀ ｷｲﾁﾛｳ","1937/01/23","男","要介護度１","2025/08/12","2026/08/31","2630003","千葉県千葉市稲毛区小深町32-4","043-309-5911","居宅介護支援事業者作成","1273301547","ケアプラン夢","","","","","","","","","","","","","","","11","訪問介護","18","3687","3687","981","1105","80","0","0","0","0","0","0","0","0","0","0","0","0","","","","","","","","","","","","","","","","","","","","","","","","","","","","","","","","","","","","","","","","","","","","","","","","","","","","","","","生2","179","9","1611","117211","","0","0","0","0","0","0","","","","","","","",""
"*株式会社サービスワン","*サービスワン","1270303173","*Hana四街道訪問介護","2026/06","2026/06","521","625000053","岩田 僖一郎","0000127175","国保対象","","","","","","4668","41264","10317.000000","0","0","0","0","","","","","","","","122283","ｲﾜﾀ ｷｲﾁﾛｳ","1937/01/23","男","要介護度１","2025/08/12","2026/08/31","2630003","千葉県千葉市稲毛区小深町32-4","043-309-5911","居宅介護支援事業者作成","1273301547","ケアプラン夢","","","","","","","","","","","","","","","11","訪問介護","18","3687","3687","981","1105","80","0","0","0","0","0","0","0","0","0","0","0","0","","","","","","","","","","","","","","","","","","","","","","","","","","","","","","","","","","","","","","","","","","","","","","","","","","","","","","","生3","220","5","1100","117311","","0","0","0","0","0","0","","","","","","","",""
"*株式会社サービスワン","*サービスワン","1270303173","*Hana四街道訪問介護","2026/06","2026/06","521","625000053","岩田 僖一郎","0000127175","国保対象","","","","","","4668","41264","10317.000000","0","0","0","0","","","","","","","","122283","ｲﾜﾀ ｷｲﾁﾛｳ","1937/01/23","男","要介護度１","2025/08/12","2026/08/31","2630003","千葉県千葉市稲毛区小深町32-4","043-309-5911","居宅介護支援事業者作成","1273301547","ケアプラン夢","","","","","","","","","","","","","","","11","訪問介護","18","3687","3687","981","1105","80","0","0","0","0","0","0","0","0","0","0","0","0","","","","","","","","","","","","","","","","","","","","","","","","","","","","","","","","","","","","","","","","","","","","","","","","","","","","","","","処遇改善加算Ⅱ2","981","1","981","116184","","0","0","0","0","0","0","","","","","","","",""
"*株式会社サービスワン","*サービスワン","1270303173","*Hana四街道訪問介護","2026/06","2026/06","522","625000054","岩田 啓子","0000164384","国保対象","","","","","","5478","54477","6054.000000","0","0","0","0","","","","","","","","122283","ｲﾜﾀ ｹｲｺ","1939/09/20","女","要介護度１","2024/08/01","2028/07/31","2630003","千葉県千葉市稲毛区小深町32-4","043-309-5911","居宅介護支援事業者作成","1273301547","ケアプラン夢","","","","","","","","","","","","","","","11","訪問介護","18","4327","4327","1151","1105","90","0","0","0","0","0","0","0","0","0","0","0","0","","","","","","","","","","","","","","","","","","","","","","","","","","","","","","","","","","","","","","","","","","","","","","","","","","","","","","","生2","179","5","895","117211","","0","0","0","0","0","0","","","","","","","",""
"*株式会社サービスワン","*サービスワン","1270303173","*Hana四街道訪問介護","2026/06","2026/06","522","625000054","岩田 啓子","0000164384","国保対象","","","","","","5478","54477","6054.000000","0","0","0","0","","","","","","","","122283","ｲﾜﾀ ｹｲｺ","1939/09/20","女","要介護度１","2024/08/01","2028/07/31","2630003","千葉県千葉市稲毛区小深町32-4","043-309-5911","居宅介護支援事業者作成","1273301547","ケアプラン夢","","","","","","","","","","","","","","","11","訪問介護","18","4327","4327","1151","1105","90","0","0","0","0","0","0","0","0","0","0","0","0","","","","","","","","","","","","","","","","","","","","","","","","","","","","","","","","","","","","","","","","","","","","","","","","","","","","","","","処遇改善加算Ⅱ2","1151","1","1151","116184","","0","0","0","0","0","0","","","","","","","",""
"*株式会社サービスワン","*サービスワン","1270303173","*Hana四街道訪問介護","2026/06","2026/06","522","625000054","岩田 啓子","0000164384","国保対象","","","","","","5478","54477","6054.000000","0","0","0","0","","","","","","","","122283","ｲﾜﾀ ｹｲｺ","1939/09/20","女","要介護度１","2024/08/01","2028/07/31","2630003","千葉県千葉市稲毛区小深町32-4","043-309-5911","居宅介護支援事業者作成","1273301547","ケアプラン夢","","","","","","","","","","","","","","","11","訪問介護","18","4327","4327","1151","1105","90","0","0","0","0","0","0","0","0","0","0","0","0","","","","","","","","","","","","","","","","","","","","","","","","","","","","","","","","","","","","","","","","","","","","","","","","","","","","","","","身1","244","9","2196","111111","","0","0","0","0","0","0","","","","","","","",""
"*株式会社サービスワン","*サービスワン","1270303173","*Hana四街道訪問介護","2026/06","2026/06","522","625000054","岩田 啓子","0000164384","国保対象","","","","","","5478","54477","6054.000000","0","0","0","0","","","","","","","","122283","ｲﾜﾀ ｹｲｺ","1939/09/20","女","要介護度１","2024/08/01","2028/07/31","2630003","千葉県千葉市稲毛区小深町32-4","043-309-5911","居宅介護支援事業者作成","1273301547","ケアプラン夢","","","","","","","","","","","","","","","11","訪問介護","18","4327","4327","1151","1105","90","0","0","0","0","0","0","0","0","0","0","0","0","","","","","","","","","","","","","","","","","","","","","","","","","","","","","","","","","","","","","","","","","","","","","","","","","","","","","","","身1生1","309","4","1236","114111","","0","0","0","0","0","0","","","","","","","",""
"*株式会社サービスワン","*サービスワン","1270303173","*Hana四街道訪問介護","2026/06","2026/06","523","625000016","岩田 裕子","0000385070","国保対象","","","","","","680","6762","752.000000","0","0","0","0","","","","","","","","122283","ｲﾜﾀ ﾋﾛｺ","1952/04/24","女","要介護度１","2024/05/01","2028/04/30","2630003","千葉県千葉市稲毛区小深町32-4","043-309-5911","居宅介護支援事業者作成","1214410379","潤生堂医院","","","","","","","","","","","","","","","11","訪問介護","3","537","537","143","1105","90","0","0","0","0","0","0","0","0","0","0","0","0","","","","","","","","","","","","","","","","","","","","","","","","","","","","","","","","","","","","","","","","","","","","","","","","","","","","","","","生2","179","3","537","117211","","0","0","0","0","0","0","","","","","","","",""
"*株式会社サービスワン","*サービスワン","1270303173","*Hana四街道訪問介護","2026/06","2026/06","523","625000016","岩田 裕子","0000385070","国保対象","","","","","","680","6762","752.000000","0","0","0","0","","","","","","","","122283","ｲﾜﾀ ﾋﾛｺ","1952/04/24","女","要介護度１","2024/05/01","2028/04/30","2630003","千葉県千葉市稲毛区小深町32-4","043-309-5911","居宅介護支援事業者作成","1214410379","潤生堂医院","","","","","","","","","","","","","","","11","訪問介護","3","537","537","143","1105","90","0","0","0","0","0","0","0","0","0","0","0","0","","","","","","","","","","","","","","","","","","","","","","","","","","","","","","","","","","","","","","","","","","","","","","","","","","","","","","","処遇改善加算Ⅱ2","143","1","143","116184","","0","0","0","0","0","0","","","","","","","",""
"*株式会社サービスワン","*サービスワン","1270303173","*Hana四街道訪問介護","2026/06","2026/06","524","625000065","上野 京子","0000310565","国保対象","","","","","","4578","45527","5059.000000","0","0","0","0","","","","","","","","122283","ｳｴﾉ ｷｮｳｺ","1948/01/14","女","要介護度２","2026/01/23","2027/01/31","2630003","千葉県千葉市稲毛区小深町32-4","043-309-5911","居宅介護支援事業者作成","1270303272","Ｈａｎａ居宅支援センター四街道","","","","","","","","","","","","","","","11","訪問介護","8","3616","3616","962","1105","90","0","0","0","0","0","0","0","0","0","0","0","0","","","","","","","","","","","","","","","","","","","","","","","","","","","","","","","","","","","","","","","","","","","","","","","","","","","","","","","身2生1","452","8","3616","115111","","0","0","0","0","0","0","","","","","","","",""
"*株式会社サービスワン","*サービスワン","1270303173","*Hana四街道訪問介護","2026/06","2026/06","524","625000065","上野 京子","0000310565","国保対象","","","","","","4578","45527","5059.000000","0","0","0","0","","","","","","","","122283","ｳｴﾉ ｷｮｳｺ","1948/01/14","女","要介護度２","2026/01/23","2027/01/31","2630003","千葉県千葉市稲毛区小深町32-4","043-309-5911","居宅介護支援事業者作成","1270303272","Ｈａｎａ居宅支援センター四街道","","","","","","","","","","","","","","","11","訪問介護","8","3616","3616","962","1105","90","0","0","0","0","0","0","0","0","0","0","0","0","","","","","","","","","","","","","","","","","","","","","","","","","","","","","","","","","","","","","","","","","","","","","","","","","","","","","","","処遇改善加算Ⅱ2","962","1","962","116184","","0","0","0","0","0","0","","","","","","","",""
"*株式会社サービスワン","*サービスワン","1270303173","*Hana四街道訪問介護","2026/06","2026/06","525","625000063","内沢 嘉代","0000452862","国保対象","","","","","","4409","43847","4872.000000","0","0","0","0","","","","","","","","122283","ｳﾁｻﾜ ｶﾖ","1934/06/10","女","要介護度１","2026/05/01","2030/04/30","2630003","千葉県千葉市稲毛区小深町32-4","043-309-5911","居宅介護支援事業者作成","1273301620","ケアプランセンターしあわせうさぎ","","","","","","","","","","","","","","","11","訪問介護","9","3483","3483","926","1105","90","0","0","0","0","0","0","0","0","0","0","0","0","","","","","","","","","","","","","","","","","","","","","","","","","","","","","","","","","","","","","","","","","","","","","","","","","","","","","","","身2","387","9","3483","111211","","0","0","0","0","0","0","","","","","","","",""
"*株式会社サービスワン","*サービスワン","1270303173","*Hana四街道訪問介護","2026/06","2026/06","525","625000063","内沢 嘉代","0000452862","国保対象","","","","","","4409","43847","4872.000000","0","0","0","0","","","","","","","","122283","ｳﾁｻﾜ ｶﾖ","1934/06/10","女","要介護度１","2026/05/01","2030/04/30","2630003","千葉県千葉市稲毛区小深町32-4","043-309-5911","居宅介護支援事業者作成","1273301620","ケアプランセンターしあわせうさぎ","","","","","","","","","","","","","","","11","訪問介護","9","3483","3483","926","1105","90","0","0","0","0","0","0","0","0","0","0","0","0","","","","","","","","","","","","","","","","","","","","","","","","","","","","","","","","","","","","","","","","","","","","","","","","","","","","","","","処遇改善加算Ⅱ2","926","1","926","116184","","0","0","0","0","0","0","","","","","","","",""
"*株式会社サービスワン","*サービスワン","1270303173","*Hana四街道訪問介護","2026/06","2026/06","526","625000057","大塚 秀敏","0000310771","国保対象","","","","","","1960","19492","2166.000000","0","0","0","0","","","","","","","","122283","ｵｵﾂｶ ﾋﾃﾞﾄｼ","1948/01/16","男","要介護度３","2025/11/01","2029/10/31","2630003","千葉県千葉市稲毛区小深町32-4","043-309-5911","居宅介護支援事業者作成","1273300838","NPO法人ひとあいカルテット介護サービス","","","","","","","","","","","","","","","11","訪問介護","4","1548","1548","412","1105","90","0","0","0","0","0","0","0","0","0","0","0","0","","","","","","","","","","","","","","","","","","","","","","","","","","","","","","","","","","","","","","","","","","","","","","","","","","","","","","","身2","387","4","1548","111211","","0","0","0","0","0","0","","","","","","","",""
"*株式会社サービスワン","*サービスワン","1270303173","*Hana四街道訪問介護","2026/06","2026/06","526","625000057","大塚 秀敏","0000310771","国保対象","","","","","","1960","19492","2166.000000","0","0","0","0","","","","","","","","122283","ｵｵﾂｶ ﾋﾃﾞﾄｼ","1948/01/16","男","要介護度３","2025/11/01","2029/10/31","2630003","千葉県千葉市稲毛区小深町32-4","043-309-5911","居宅介護支援事業者作成","1273300838","NPO法人ひとあいカルテット介護サービス","","","","","","","","","","","","","","","11","訪問介護","4","1548","1548","412","1105","90","0","0","0","0","0","0","0","0","0","0","0","0","","","","","","","","","","","","","","","","","","","","","","","","","","","","","","","","","","","","","","","","","","","","","","","","","","","","","","","処遇改善加算Ⅱ2","412","1","412","116184","","0","0","0","0","0","0","","","","","","","",""
"*株式会社サービスワン","*サービスワン","1270303173","*Hana四街道訪問介護","2026/06","2026/06","527","2140000341","荻原 初枝","1000656874","国保対象","","","","","","2507","24931","2771.000000","0","0","0","0","","","","","","","","121038","ｵｷﾞﾊﾗ ﾊﾂｴ","1928/07/10","女","要介護度１","2023/09/01","2027/08/31","2630003","千葉県千葉市稲毛区小深町32-4","043-309-5911","居宅介護支援事業者作成","1270300047","双樹苑在宅介護センター","","","","","","","","","","","","","","","11","訪問介護","9","1980","1980","527","1105","90","0","0","0","0","0","0","0","0","0","0","0","0","","","","","","","","","","","","","","","","","","","","","","","","","","","","","","","","","","","","","","","","","","","","","","","","","","","","","","","生3","220","9","1980","117311","","0","0","0","0","0","0","","","","","","","",""
"*株式会社サービスワン","*サービスワン","1270303173","*Hana四街道訪問介護","2026/06","2026/06","527","2140000341","荻原 初枝","1000656874","国保対象","","","","","","2507","24931","2771.000000","0","0","0","0","","","","","","","","121038","ｵｷﾞﾊﾗ ﾊﾂｴ","1928/07/10","女","要介護度１","2023/09/01","2027/08/31","2630003","千葉県千葉市稲毛区小深町32-4","043-309-5911","居宅介護支援事業者作成","1270300047","双樹苑在宅介護センター","","","","","","","","","","","","","","","11","訪問介護","9","1980","1980","527","1105","90","0","0","0","0","0","0","0","0","0","0","0","0","","","","","","","","","","","","","","","","","","","","","","","","","","","","","","","","","","","","","","","","","","","","","","","","","","","","","","","処遇改善加算Ⅱ2","527","1","527","116184","","0","0","0","0","0","0","","","","","","","",""
"*株式会社サービスワン","*サービスワン","1270303173","*Hana四街道訪問介護","2026/06","2026/06","528","625000085","小澤 とよ","1004015507","国保対象","","","","","","3342","33236","0","0","3342","3693","0","","12121042","0120907","","","","","121046","ｵｻﾞﾜ ﾄﾖ","1935/03/08","女","要介護度３","2026/05/01","2029/04/30","2630003","千葉県千葉市稲毛区小深町32-4","043-309-5911","居宅介護支援事業者作成","1270403007","ケアプラン白樺","","","","","","","","","","","","2026/06/01","","","11","訪問介護","5","2640","2640","702","1105","90","3342","100","3693","0","0","0","0","0","0","0","0","0","","","","","","","","","","","","","","","","","","","","","","","","","","","","","","","","","","","","","","","","","","","","","","","","","","","","","","","身1","244","10","2440","111111","","10","0","0","2440","0","0","","","","","","","",""
"*株式会社サービスワン","*サービスワン","1270303173","*Hana四街道訪問介護","2026/06","2026/06","528","625000085","小澤 とよ","1004015507","国保対象","","","","","","3342","33236","0","0","3342","3693","0","","12121042","0120907","","","","","121046","ｵｻﾞﾜ ﾄﾖ","1935/03/08","女","要介護度３","2026/05/01","2029/04/30","2630003","千葉県千葉市稲毛区小深町32-4","043-309-5911","居宅介護支援事業者作成","1270403007","ケアプラン白樺","","","","","","","","","","","","2026/06/01","","","11","訪問介護","5","2640","2640","702","1105","90","3342","100","3693","0","0","0","0","0","0","0","0","0","","","","","","","","","","","","","","","","","","","","","","","","","","","","","","","","","","","","","","","","","","","","","","","","","","","","","","","初回加算","200","1","200","114001","","1","0","0","200","0","0","","","","","","","",""
"*株式会社サービスワン","*サービスワン","1270303173","*Hana四街道訪問介護","2026/06","2026/06","528","625000085","小澤 とよ","1004015507","国保対象","","","","","","3342","33236","0","0","3342","3693","0","","12121042","0120907","","","","","121046","ｵｻﾞﾜ ﾄﾖ","1935/03/08","女","要介護度３","2026/05/01","2029/04/30","2630003","千葉県千葉市稲毛区小深町32-4","043-309-5911","居宅介護支援事業者作成","1270403007","ケアプラン白樺","","","","","","","","","","","","2026/06/01","","","11","訪問介護","5","2640","2640","702","1105","90","3342","100","3693","0","0","0","0","0","0","0","0","0","","","","","","","","","","","","","","","","","","","","","","","","","","","","","","","","","","","","","","","","","","","","","","","","","","","","","","","処遇改善加算Ⅱ2","702","1","702","116184","","1","0","0","702","0","0","","","","","","","",""
"*株式会社サービスワン","*サービスワン","1270303173","*Hana四街道訪問介護","2026/06","2026/06","529","625000080","北村 キヨ子","0015215601","国保対象","","","","","","1114","11078","1231.000000","0","0","0","0","","","","","","","","141127","ｷﾀﾑﾗ ｷﾖｺ","1926/01/04","女","要介護度１","2024/05/01","2027/04/30","2630003","千葉県千葉市稲毛区小深町32-4","043-309-5911","居宅介護支援事業者作成","1270403585","SOMPOケア千葉都賀","","","","","","","","","","","","","","","11","訪問介護","4","880","880","234","1105","90","0","0","0","0","0","0","0","0","0","0","0","0","","","","","","","","","","","","","","","","","","","","","","","","","","","","","","","","","","","","","","","","","","","","","","","","","","","","","","","生3","220","4","880","117311","","0","0","0","0","0","0","","","","","","","",""
"*株式会社サービスワン","*サービスワン","1270303173","*Hana四街道訪問介護","2026/06","2026/06","529","625000080","北村 キヨ子","0015215601","国保対象","","","","","","1114","11078","1231.000000","0","0","0","0","","","","","","","","141127","ｷﾀﾑﾗ ｷﾖｺ","1926/01/04","女","要介護度１","2024/05/01","2027/04/30","2630003","千葉県千葉市稲毛区小深町32-4","043-309-5911","居宅介護支援事業者作成","1270403585","SOMPOケア千葉都賀","","","","","","","","","","","","","","","11","訪問介護","4","880","880","234","1105","90","0","0","0","0","0","0","0","0","0","0","0","0","","","","","","","","","","","","","","","","","","","","","","","","","","","","","","","","","","","","","","","","","","","","","","","","","","","","","","","処遇改善加算Ⅱ2","234","1","234","116184","","0","0","0","0","0","0","","","","","","","",""
"*株式会社サービスワン","*サービスワン","1270303173","*Hana四街道訪問介護","2026/06","2026/06","530","625000082","小林 みのり","1001643566","国保対象","","","","","","4125","41022","4559.000000","0","0","0","0","","","","","","","","121046","ｺﾊﾞﾔｼ ﾐﾉﾘ","1939/07/12","女","要介護度１","2026/04/24","2027/04/30","2630003","千葉県千葉市稲毛区小深町32-4","043-309-5911","居宅介護支援事業者作成","1271702670","ケアプラン優の和","","","","","","","","","","","","2026/06/01","","","11","訪問介護","9","3258","3258","867","1105","90","0","0","0","0","0","0","0","0","0","0","0","0","","","","","","","","","","","","","","","","","","","","","","","","","","","","","","","","","","","","","","","","","","","","","","","","","","","","","","","身1生2","374","7","2618","114211","","0","0","0","0","0","0","","","","","","","",""
"*株式会社サービスワン","*サービスワン","1270303173","*Hana四街道訪問介護","2026/06","2026/06","530","625000082","小林 みのり","1001643566","国保対象","","","","","","4125","41022","4559.000000","0","0","0","0","","","","","","","","121046","ｺﾊﾞﾔｼ ﾐﾉﾘ","1939/07/12","女","要介護度１","2026/04/24","2027/04/30","2630003","千葉県千葉市稲毛区小深町32-4","043-309-5911","居宅介護支援事業者作成","1271702670","ケアプラン優の和","","","","","","","","","","","","2026/06/01","","","11","訪問介護","9","3258","3258","867","1105","90","0","0","0","0","0","0","0","0","0","0","0","0","","","","","","","","","","","","","","","","","","","","","","","","","","","","","","","","","","","","","","","","","","","","","","","","","","","","","","","生3","220","2","440","117311","","0","0","0","0","0","0","","","","","","","",""
"*株式会社サービスワン","*サービスワン","1270303173","*Hana四街道訪問介護","2026/06","2026/06","530","625000082","小林 みのり","1001643566","国保対象","","","","","","4125","41022","4559.000000","0","0","0","0","","","","","","","","121046","ｺﾊﾞﾔｼ ﾐﾉﾘ","1939/07/12","女","要介護度１","2026/04/24","2027/04/30","2630003","千葉県千葉市稲毛区小深町32-4","043-309-5911","居宅介護支援事業者作成","1271702670","ケアプラン優の和","","","","","","","","","","","","2026/06/01","","","11","訪問介護","9","3258","3258","867","1105","90","0","0","0","0","0","0","0","0","0","0","0","0","","","","","","","","","","","","","","","","","","","","","","","","","","","","","","","","","","","","","","","","","","","","","","","","","","","","","","","初回加算","200","1","200","114001","","0","0","0","0","0","0","","","","","","","",""
"*株式会社サービスワン","*サービスワン","1270303173","*Hana四街道訪問介護","2026/06","2026/06","530","625000082","小林 みのり","1001643566","国保対象","","","","","","4125","41022","4559.000000","0","0","0","0","","","","","","","","121046","ｺﾊﾞﾔｼ ﾐﾉﾘ","1939/07/12","女","要介護度１","2026/04/24","2027/04/30","2630003","千葉県千葉市稲毛区小深町32-4","043-309-5911","居宅介護支援事業者作成","1271702670","ケアプラン優の和","","","","","","","","","","","","2026/06/01","","","11","訪問介護","9","3258","3258","867","1105","90","0","0","0","0","0","0","0","0","0","0","0","0","","","","","","","","","","","","","","","","","","","","","","","","","","","","","","","","","","","","","","","","","","","","","","","","","","","","","","","処遇改善加算Ⅱ2","867","1","867","116184","","0","0","0","0","0","0","","","","","","","",""
"*株式会社サービスワン","*サービスワン","1270303173","*Hana四街道訪問介護","2026/06","2026/06","531","625000026","齋藤 澄子","1002258950","国保対象","","","","","","5251","52220","5803.000000","0","0","0","0","","","","","","","","121038","ｻｲﾄｳ ｽﾐｺ","1943/07/29","女","要介護度５","2026/06/01","2030/05/31","2630003","千葉県千葉市稲毛区小深町32-4","043-309-5911","居宅介護支援事業者作成","1270301847","カタオカ企画","","","","","","","","","","","","","","","11","訪問介護","17","4148","4148","1103","1105","90","0","0","0","0","0","0","0","0","0","0","0","0","","","","","","","","","","","","","","","","","","","","","","","","","","","","","","","","","","","","","","","","","","","","","","","","","","","","","","","身1","244","17","4148","111111","","0","0","0","0","0","0","","","","","","","",""
"*株式会社サービスワン","*サービスワン","1270303173","*Hana四街道訪問介護","2026/06","2026/06","531","625000026","齋藤 澄子","1002258950","国保対象","","","","","","5251","52220","5803.000000","0","0","0","0","","","","","","","","121038","ｻｲﾄｳ ｽﾐｺ","1943/07/29","女","要介護度５","2026/06/01","2030/05/31","2630003","千葉県千葉市稲毛区小深町32-4","043-309-5911","居宅介護支援事業者作成","1270301847","カタオカ企画","","","","","","","","","","","","","","","11","訪問介護","17","4148","4148","1103","1105","90","0","0","0","0","0","0","0","0","0","0","0","0","","","","","","","","","","","","","","","","","","","","","","","","","","","","","","","","","","","","","","","","","","","","","","","","","","","","","","","処遇改善加算Ⅱ2","1103","1","1103","116184","","0","0","0","0","0","0","","","","","","","",""
"*株式会社サービスワン","*サービスワン","1270303173","*Hana四街道訪問介護","2026/06","2026/06","532","2140000339","櫻井 かず子","0000567339","国保対象","","","","","","1114","11078","1231.000000","0","0","0","0","","","","","","","","122127","ｻｸﾗｲ ｶｽﾞｺ","1935/01/15","女","要介護度１","2025/03/01","2028/02/29","2630003","千葉県千葉市稲毛区小深町32-4","043-309-5911","居宅介護支援事業者作成","1270300047","双樹苑在宅介護センター","","","","","","","","","","","","","","","11","訪問介護","4","880","880","234","1105","90","0","0","0","0","0","0","0","0","0","0","0","0","","","","","","","","","","","","","","","","","","","","","","","","","","","","","","","","","","","","","","","","","","","","","","","","","","","","","","","生3","220","4","880","117311","","0","0","0","0","0","0","","","","","","","",""
"*株式会社サービスワン","*サービスワン","1270303173","*Hana四街道訪問介護","2026/06","2026/06","532","2140000339","櫻井 かず子","0000567339","国保対象","","","","","","1114","11078","1231.000000","0","0","0","0","","","","","","","","122127","ｻｸﾗｲ ｶｽﾞｺ","1935/01/15","女","要介護度１","2025/03/01","2028/02/29","2630003","千葉県千葉市稲毛区小深町32-4","043-309-5911","居宅介護支援事業者作成","1270300047","双樹苑在宅介護センター","","","","","","","","","","","","","","","11","訪問介護","4","880","880","234","1105","90","0","0","0","0","0","0","0","0","0","0","0","0","","","","","","","","","","","","","","","","","","","","","","","","","","","","","","","","","","","","","","","","","","","","","","","","","","","","","","","処遇改善加算Ⅱ2","234","1","234","116184","","0","0","0","0","0","0","","","","","","","",""
"*株式会社サービスワン","*サービスワン","1270303173","*Hana四街道訪問介護","2026/06","2026/06","533","2113112725","佐藤 清子","1002064564","国保対象","","","","","","2040","20287","2255.000000","0","0","0","0","","","","","","","","121038","ｻﾄｳ ｷﾖｺ","1942/04/05","女","要介護度２","2023/10/01","2027/09/30","2630003","千葉県千葉市稲毛区小深町32-4","043-309-5911","居宅介護支援事業者作成","1270300047","双樹苑在宅介護センター","","","","","","","","","","","","","","","11","訪問介護","9","1611","1611","429","1105","90","0","0","0","0","0","0","0","0","0","0","0","0","","","","","","","","","","","","","","","","","","","","","","","","","","","","","","","","","","","","","","","","","","","","","","","","","","","","","","","生2","179","9","1611","117211","","0","0","0","0","0","0","","","","","","","",""
"*株式会社サービスワン","*サービスワン","1270303173","*Hana四街道訪問介護","2026/06","2026/06","533","2113112725","佐藤 清子","1002064564","国保対象","","","","","","2040","20287","2255.000000","0","0","0","0","","","","","","","","121038","ｻﾄｳ ｷﾖｺ","1942/04/05","女","要介護度２","2023/10/01","2027/09/30","2630003","千葉県千葉市稲毛区小深町32-4","043-309-5911","居宅介護支援事業者作成","1270300047","双樹苑在宅介護センター","","","","","","","","","","","","","","","11","訪問介護","9","1611","1611","429","1105","90","0","0","0","0","0","0","0","0","0","0","0","0","","","","","","","","","","","","","","","","","","","","","","","","","","","","","","","","","","","","","","","","","","","","","","","","","","","","","","","処遇改善加算Ⅱ2","429","1","429","116184","","0","0","0","0","0","0","","","","","","","",""
"*株式会社サービスワン","*サービスワン","1270303173","*Hana四街道訪問介護","2026/06","2026/06","534","625000078","佐藤 弥榮子","1001819299","国保対象","","","","","","2450","24364","2708.000000","0","0","0","0","","","","","","","","121046","ｻﾄｳ ﾔｴｺ","1940/10/15","女","要介護度１","2025/10/01","2029/09/30","2630003","千葉県千葉市稲毛区小深町32-4","043-309-5911","居宅介護支援事業者作成","1270403007","ケアプラン白樺","","","","","","","","","","","","","","","11","訪問介護","5","1935","1935","515","1105","90","0","0","0","0","0","0","0","0","0","0","0","0","","","","","","","","","","","","","","","","","","","","","","","","","","","","","","","","","","","","","","","","","","","","","","","","","","","","","","","身2","387","5","1935","111211","","0","0","0","0","0","0","","","","","","","",""
"*株式会社サービスワン","*サービスワン","1270303173","*Hana四街道訪問介護","2026/06","2026/06","534","625000078","佐藤 弥榮子","1001819299","国保対象","","","","","","2450","24364","2708.000000","0","0","0","0","","","","","","","","121046","ｻﾄｳ ﾔｴｺ","1940/10/15","女","要介護度１","2025/10/01","2029/09/30","2630003","千葉県千葉市稲毛区小深町32-4","043-309-5911","居宅介護支援事業者作成","1270403007","ケアプラン白樺","","","","","","","","","","","","","","","11","訪問介護","5","1935","1935","515","1105","90","0","0","0","0","0","0","0","0","0","0","0","0","","","","","","","","","","","","","","","","","","","","","","","","","","","","","","","","","","","","","","","","","","","","","","","","","","","","","","","処遇改善加算Ⅱ2","515","1","515","116184","","0","0","0","0","0","0","","","","","","","",""
"*株式会社サービスワン","*サービスワン","1270303173","*Hana四街道訪問介護","2026/06","2026/06","535","625000018","三宮 功","1002362208","国保対象","","","","","","2507","24931","2771.000000","0","0","0","0","","","","","","","","121038","ｻﾝｸﾞｳ ｲｻｵ","1944/02/05","男","要介護度１","2026/03/01","2027/02/28","2630003","千葉県千葉市稲毛区小深町32-4","043-309-5911","居宅介護支援事業者作成","1270400011","セイワ若松ケアプランセンター","","","","","","","","","","","","","","","11","訪問介護","9","1980","1980","527","1105","90","0","0","0","0","0","0","0","0","0","0","0","0","","","","","","","","","","","","","","","","","","","","","","","","","","","","","","","","","","","","","","","","","","","","","","","","","","","","","","","生3","220","9","1980","117311","","0","0","0","0","0","0","","","","","","","",""
"*株式会社サービスワン","*サービスワン","1270303173","*Hana四街道訪問介護","2026/06","2026/06","535","625000018","三宮 功","1002362208","国保対象","","","","","","2507","24931","2771.000000","0","0","0","0","","","","","","","","121038","ｻﾝｸﾞｳ ｲｻｵ","1944/02/05","男","要介護度１","2026/03/01","2027/02/28","2630003","千葉県千葉市稲毛区小深町32-4","043-309-5911","居宅介護支援事業者作成","1270400011","セイワ若松ケアプランセンター","","","","","","","","","","","","","","","11","訪問介護","9","1980","1980","527","1105","90","0","0","0","0","0","0","0","0","0","0","0","0","","","","","","","","","","","","","","","","","","","","","","","","","","","","","","","","","","","","","","","","","","","","","","","","","","","","","","","処遇改善加算Ⅱ2","527","1","527","116184","","0","0","0","0","0","0","","","","","","","",""
"*株式会社サービスワン","*サービスワン","1270303173","*Hana四街道訪問介護","2026/06","2026/06","536","625000032","椎名 玲子","0000456723","国保対象","","","","","","3430","34110","3791.000000","0","0","0","0","","","","","","","","122283","ｼｲﾅ ﾚｲｺ","1933/12/07","女","要介護度５","2025/09/30","2026/09/30","2630003","千葉県千葉市稲毛区小深町32-4","043-309-5911","居宅介護支援事業者作成","1271702118","生活クラブ風の村ケアプランセンターさくら","","","","","","","","","","","","","","","11","訪問介護","6","2709","2709","721","1105","90","0","0","0","0","0","0","0","0","0","0","0","0","","","","","","","","","","","","","","","","","","","","","","","","","","","","","","","","","","","","","","","","","","","","","","","","","","","","","","","身2","387","7","2709","111211","","0","0","0","0","0","0","","","","","","","",""
"*株式会社サービスワン","*サービスワン","1270303173","*Hana四街道訪問介護","2026/06","2026/06","536","625000032","椎名 玲子","0000456723","国保対象","","","","","","3430","34110","3791.000000","0","0","0","0","","","","","","","","122283","ｼｲﾅ ﾚｲｺ","1933/12/07","女","要介護度５","2025/09/30","2026/09/30","2630003","千葉県千葉市稲毛区小深町32-4","043-309-5911","居宅介護支援事業者作成","1271702118","生活クラブ風の村ケアプランセンターさくら","","","","","","","","","","","","","","","11","訪問介護","6","2709","2709","721","1105","90","0","0","0","0","0","0","0","0","0","0","0","0","","","","","","","","","","","","","","","","","","","","","","","","","","","","","","","","","","","","","","","","","","","","","","","","","","","","","","","処遇改善加算Ⅱ2","721","1","721","116184","","0","0","0","0","0","0","","","","","","","",""
"*株式会社サービスワン","*サービスワン","1270303173","*Hana四街道訪問介護","2026/06","2026/06","537","625000074","白石 史子","0000223370","国保対象","","","","","","1853","18427","2048.000000","0","0","0","0","","","","","","","","122283","ｼﾗｲｼ ﾌﾐｺ","1943/02/21","女","要介護度５","2026/03/02","2027/03/31","2630003","千葉県千葉市稲毛区小深町32-4","043-309-5911","居宅介護支援事業者作成","1273300085","あすみの丘在宅介護支援センター","","","","","","","","","","","","","","","11","訪問介護","6","1464","1464","389","1105","90","0","0","0","0","0","0","0","0","0","0","0","0","","","","","","","","","","","","","","","","","","","","","","","","","","","","","","","","","","","","","","","","","","","","","","","","","","","","","","","処遇改善加算Ⅱ2","389","1","389","116184","","0","0","0","0","0","0","","","","","","","",""
"*株式会社サービスワン","*サービスワン","1270303173","*Hana四街道訪問介護","2026/06","2026/06","537","625000074","白石 史子","0000223370","国保対象","","","","","","1853","18427","2048.000000","0","0","0","0","","","","","","","","122283","ｼﾗｲｼ ﾌﾐｺ","1943/02/21","女","要介護度５","2026/03/02","2027/03/31","2630003","千葉県千葉市稲毛区小深町32-4","043-309-5911","居宅介護支援事業者作成","1273300085","あすみの丘在宅介護支援センター","","","","","","","","","","","","","","","11","訪問介護","6","1464","1464","389","1105","90","0","0","0","0","0","0","0","0","0","0","0","0","","","","","","","","","","","","","","","","","","","","","","","","","","","","","","","","","","","","","","","","","","","","","","","","","","","","","","","身1","244","6","1464","111111","","0","0","0","0","0","0","","","","","","","",""
"*株式会社サービスワン","*サービスワン","1270303173","*Hana四街道訪問介護","2026/06","2026/06","538","2113006273","杉山 春代","1002876025","国保対象","","","","","","906","9009","0","0","906","1002","0","","12121042","0007369","","","","","121046","ｽｷﾞﾔﾏ ﾊﾙﾖ","1948/03/18","女","要介護度２","2022/10/01","2026/09/30","2630003","千葉県千葉市稲毛区小深町32-4","043-309-5911","居宅介護支援事業者作成","1270403007","ケアプラン白樺","","","","","","","","","","","","","","","11","訪問介護","4","716","716","190","1105","90","906","100","1002","0","0","0","0","0","0","0","0","0","","","","","","","","","","","","","","","","","","","","","","","","","","","","","","","","","","","","","","","","","","","","","","","","","","","","","","","生2","179","4","716","117211","","4","0","0","716","0","0","","","","","","","",""
"*株式会社サービスワン","*サービスワン","1270303173","*Hana四街道訪問介護","2026/06","2026/06","538","2113006273","杉山 春代","1002876025","国保対象","","","","","","906","9009","0","0","906","1002","0","","12121042","0007369","","","","","121046","ｽｷﾞﾔﾏ ﾊﾙﾖ","1948/03/18","女","要介護度２","2022/10/01","2026/09/30","2630003","千葉県千葉市稲毛区小深町32-4","043-309-5911","居宅介護支援事業者作成","1270403007","ケアプラン白樺","","","","","","","","","","","","","","","11","訪問介護","4","716","716","190","1105","90","906","100","1002","0","0","0","0","0","0","0","0","0","","","","","","","","","","","","","","","","","","","","","","","","","","","","","","","","","","","","","","","","","","","","","","","","","","","","","","","処遇改善加算Ⅱ2","190","1","190","116184","","1","0","0","190","0","0","","","","","","","",""
"*株式会社サービスワン","*サービスワン","1270303173","*Hana四街道訪問介護","2026/06","2026/06","539","747364","鈴木 智津子","1002200770","国保対象","","","","","","3521","35016","0","0","3521","3891","0","","12121034","0003525","","","","","121038","ｽｽﾞｷ ﾁﾂﾞｺ","1942/11/18","女","要介護度４","2025/08/01","2026/07/31","2630003","千葉県千葉市稲毛区小深町32-4","043-309-5911","居宅介護支援事業者作成","1273301026","ケアプラン楽いき","","","","","","","","","","","","","","","11","訪問介護","9","2781","2781","740","1105","90","3521","100","3891","0","0","0","0","0","0","0","0","0","","","","","","","","","","","","","","","","","","","","","","","","","","","","","","","","","","","","","","","","","","","","","","","","","","","","","","","身1生1","309","9","2781","114111","","9","0","0","2781","0","0","","","","","","","",""
"*株式会社サービスワン","*サービスワン","1270303173","*Hana四街道訪問介護","2026/06","2026/06","539","747364","鈴木 智津子","1002200770","国保対象","","","","","","3521","35016","0","0","3521","3891","0","","12121034","0003525","","","","","121038","ｽｽﾞｷ ﾁﾂﾞｺ","1942/11/18","女","要介護度４","2025/08/01","2026/07/31","2630003","千葉県千葉市稲毛区小深町32-4","043-309-5911","居宅介護支援事業者作成","1273301026","ケアプラン楽いき","","","","","","","","","","","","","","","11","訪問介護","9","2781","2781","740","1105","90","3521","100","3891","0","0","0","0","0","0","0","0","0","","","","","","","","","","","","","","","","","","","","","","","","","","","","","","","","","","","","","","","","","","","","","","","","","","","","","","","処遇改善加算Ⅱ2","740","1","740","116184","","1","0","0","740","0","0","","","","","","","",""
"*株式会社サービスワン","*サービスワン","1270303173","*Hana四街道訪問介護","2026/06","2026/06","540","625000050","鈴木 光好","1003934484","国保対象","","","","","","7569","58545","25092.000000","0","0","0","0","","","","","","","","121038","ｽｽﾞｷ ﾐﾂﾖｼ","1958/08/30","男","要介護度１","2025/09/01","2026/08/31","2630003","千葉県千葉市稲毛区小深町32-4","043-309-5911","居宅介護支援事業者作成","1270203480","千葉西CM事務所","","","","","","","","","","","","","","","11","訪問介護","13","5979","5979","1590","1105","70","0","0","0","0","0","0","0","0","0","0","0","0","","","","","","","","","","","","","","","","","","","","","","","","","","","","","","","","","","","","","","","","","","","","","","","","","","","","","","","身2","387","2","774","111211","","0","0","0","0","0","0","","","","","","","",""
"*株式会社サービスワン","*サービスワン","1270303173","*Hana四街道訪問介護","2026/06","2026/06","540","625000050","鈴木 光好","1003934484","国保対象","","","","","","7569","58545","25092.000000","0","0","0","0","","","","","","","","121038","ｽｽﾞｷ ﾐﾂﾖｼ","1958/08/30","男","要介護度１","2025/09/01","2026/08/31","2630003","千葉県千葉市稲毛区小深町32-4","043-309-5911","居宅介護支援事業者作成","1270203480","千葉西CM事務所","","","","","","","","","","","","","","","11","訪問介護","13","5979","5979","1590","1105","70","0","0","0","0","0","0","0","0","0","0","0","0","","","","","","","","","","","","","","","","","","","","","","","","","","","","","","","","","","","","","","","","","","","","","","","","","","","","","","","身3","567","7","3969","111311","","0","0","0","0","0","0","","","","","","","",""
"*株式会社サービスワン","*サービスワン","1270303173","*Hana四街道訪問介護","2026/06","2026/06","540","625000050","鈴木 光好","1003934484","国保対象","","","","","","7569","58545","25092.000000","0","0","0","0","","","","","","","","121038","ｽｽﾞｷ ﾐﾂﾖｼ","1958/08/30","男","要介護度１","2025/09/01","2026/08/31","2630003","千葉県千葉市稲毛区小深町32-4","043-309-5911","居宅介護支援事業者作成","1270203480","千葉西CM事務所","","","","","","","","","","","","","","","11","訪問介護","13","5979","5979","1590","1105","70","0","0","0","0","0","0","0","0","0","0","0","0","","","","","","","","","","","","","","","","","","","","","","","","","","","","","","","","","","","","","","","","","","","","","","","","","","","","","","","身1生1","309","4","1236","114111","","0","0","0","0","0","0","","","","","","","",""
"*株式会社サービスワン","*サービスワン","1270303173","*Hana四街道訪問介護","2026/06","2026/06","540","625000050","鈴木 光好","1003934484","国保対象","","","","","","7569","58545","25092.000000","0","0","0","0","","","","","","","","121038","ｽｽﾞｷ ﾐﾂﾖｼ","1958/08/30","男","要介護度１","2025/09/01","2026/08/31","2630003","千葉県千葉市稲毛区小深町32-4","043-309-5911","居宅介護支援事業者作成","1270203480","千葉西CM事務所","","","","","","","","","","","","","","","11","訪問介護","13","5979","5979","1590","1105","70","0","0","0","0","0","0","0","0","0","0","0","0","","","","","","","","","","","","","","","","","","","","","","","","","","","","","","","","","","","","","","","","","","","","","","","","","","","","","","","処遇改善加算Ⅱ2","1590","1","1590","116184","","0","0","0","0","0","0","","","","","","","",""
"*株式会社サービスワン","*サービスワン","1270303173","*Hana四街道訪問介護","2026/06","2026/06","541","625000071","田中 榮","0000161372","国保対象","","","","","","7291","64452","16113.000000","0","0","0","0","","","","","","","","122283","ﾀﾅｶ ｻｶｴ","1939/06/05","男","要介護度２","2024/08/01","2027/07/31","2630003","千葉県千葉市稲毛区小深町32-4","043-309-5911","居宅介護支援事業者作成","1273300838","NPO法人ひとあいカルテット介護サービス","","","","","","","","","","","","","","","11","訪問介護","13","5759","5759","1532","1105","80","0","0","0","0","0","0","0","0","0","0","0","0","","","","","","","","","","","","","","","","","","","","","","","","","","","","","","","","","","","","","","","","","","","","","","","","","","","","","","","身2","387","1","387","111211","","0","0","0","0","0","0","","","","","","","",""
"*株式会社サービスワン","*サービスワン","1270303173","*Hana四街道訪問介護","2026/06","2026/06","541","625000071","田中 榮","0000161372","国保対象","","","","","","7291","64452","16113.000000","0","0","0","0","","","","","","","","122283","ﾀﾅｶ ｻｶｴ","1939/06/05","男","要介護度２","2024/08/01","2027/07/31","2630003","千葉県千葉市稲毛区小深町32-4","043-309-5911","居宅介護支援事業者作成","1273300838","NPO法人ひとあいカルテット介護サービス","","","","","","","","","","","","","","","11","訪問介護","13","5759","5759","1532","1105","80","0","0","0","0","0","0","0","0","0","0","0","0","","","","","","","","","","","","","","","","","","","","","","","","","","","","","","","","","","","","","","","","","","","","","","","","","","","","","","","身1生1","309","4","1236","114111","","0","0","0","0","0","0","","","","","","","",""
"*株式会社サービスワン","*サービスワン","1270303173","*Hana四街道訪問介護","2026/06","2026/06","541","625000071","田中 榮","0000161372","国保対象","","","","","","7291","64452","16113.000000","0","0","0","0","","","","","","","","122283","ﾀﾅｶ ｻｶｴ","1939/06/05","男","要介護度２","2024/08/01","2027/07/31","2630003","千葉県千葉市稲毛区小深町32-4","043-309-5911","居宅介護支援事業者作成","1273300838","NPO法人ひとあいカルテット介護サービス","","","","","","","","","","","","","","","11","訪問介護","13","5759","5759","1532","1105","80","0","0","0","0","0","0","0","0","0","0","0","0","","","","","","","","","","","","","","","","","","","","","","","","","","","","","","","","","","","","","","","","","","","","","","","","","","","","","","","身2生2","517","8","4136","115211","","0","0","0","0","0","0","","","","","","","",""
"*株式会社サービスワン","*サービスワン","1270303173","*Hana四街道訪問介護","2026/06","2026/06","541","625000071","田中 榮","0000161372","国保対象","","","","","","7291","64452","16113.000000","0","0","0","0","","","","","","","","122283","ﾀﾅｶ ｻｶｴ","1939/06/05","男","要介護度２","2024/08/01","2027/07/31","2630003","千葉県千葉市稲毛区小深町32-4","043-309-5911","居宅介護支援事業者作成","1273300838","NPO法人ひとあいカルテット介護サービス","","","","","","","","","","","","","","","11","訪問介護","13","5759","5759","1532","1105","80","0","0","0","0","0","0","0","0","0","0","0","0","","","","","","","","","","","","","","","","","","","","","","","","","","","","","","","","","","","","","","","","","","","","","","","","","","","","","","","処遇改善加算Ⅱ2","1532","1","1532","116184","","0","0","0","0","0","0","","","","","","","",""
"*株式会社サービスワン","*サービスワン","1270303173","*Hana四街道訪問介護","2026/06","2026/06","542","625000041","丹治 カヨ","1000850485","国保対象","","","","","","453","4504","0","0","453","501","0","","12121042","0028225","","","","","121046","ﾀﾝｼﾞ ｶﾖ","1935/04/01","女","要介護度１","2025/04/01","2029/03/31","2630003","千葉県千葉市稲毛区小深町32-4","043-309-5911","居宅介護支援事業者作成","1270400573","シャローム若葉居宅介護支援事業所","","","","","","","","","","","","","","","11","訪問介護","2","358","358","95","1105","90","453","100","501","0","0","0","0","0","0","0","0","0","","","","","","","","","","","","","","","","","","","","","","","","","","","","","","","","","","","","","","","","","","","","","","","","","","","","","","","生2","179","2","358","117211","","2","0","0","358","0","0","","","","","","","",""
"*株式会社サービスワン","*サービスワン","1270303173","*Hana四街道訪問介護","2026/06","2026/06","542","625000041","丹治 カヨ","1000850485","国保対象","","","","","","453","4504","0","0","453","501","0","","12121042","0028225","","","","","121046","ﾀﾝｼﾞ ｶﾖ","1935/04/01","女","要介護度１","2025/04/01","2029/03/31","2630003","千葉県千葉市稲毛区小深町32-4","043-309-5911","居宅介護支援事業者作成","1270400573","シャローム若葉居宅介護支援事業所","","","","","","","","","","","","","","","11","訪問介護","2","358","358","95","1105","90","453","100","501","0","0","0","0","0","0","0","0","0","","","","","","","","","","","","","","","","","","","","","","","","","","","","","","","","","","","","","","","","","","","","","","","","","","","","","","","処遇改善加算Ⅱ2","95","1","95","116184","","1","0","0","95","0","0","","","","","","","",""
"*株式会社サービスワン","*サービスワン","1270303173","*Hana四街道訪問介護","2026/06","2026/06","543","625000038","椿 喜美子","1002296232","国保対象","","","","","","1393","13852","1540.000000","0","0","0","0","","","","","","","","121038","ﾂﾊﾞｷ ｷﾐｺ","1943/10/03","女","要介護度２","2024/07/01","2027/06/30","2630003","千葉県千葉市稲毛区小深町32-4","043-309-5911","居宅介護支援事業者作成","1273301620","ケアプランセンターしあわせうさぎ","","","","","","","","","","","","","","","11","訪問介護","5","1100","1100","293","1105","90","0","0","0","0","0","0","0","0","0","0","0","0","","","","","","","","","","","","","","","","","","","","","","","","","","","","","","","","","","","","","","","","","","","","","","","","","","","","","","","生3","220","5","1100","117311","","0","0","0","0","0","0","","","","","","","",""
"*株式会社サービスワン","*サービスワン","1270303173","*Hana四街道訪問介護","2026/06","2026/06","543","625000038","椿 喜美子","1002296232","国保対象","","","","","","1393","13852","1540.000000","0","0","0","0","","","","","","","","121038","ﾂﾊﾞｷ ｷﾐｺ","1943/10/03","女","要介護度２","2024/07/01","2027/06/30","2630003","千葉県千葉市稲毛区小深町32-4","043-309-5911","居宅介護支援事業者作成","1273301620","ケアプランセンターしあわせうさぎ","","","","","","","","","","","","","","","11","訪問介護","5","1100","1100","293","1105","90","0","0","0","0","0","0","0","0","0","0","0","0","","","","","","","","","","","","","","","","","","","","","","","","","","","","","","","","","","","","","","","","","","","","","","","","","","","","","","","処遇改善加算Ⅱ2","293","1","293","116184","","0","0","0","0","0","0","","","","","","","",""
"*株式会社サービスワン","*サービスワン","1270303173","*Hana四街道訪問介護","2026/06","2026/06","544","625000081","土井 誠","1002177929","国保対象","","","","","","2450","21657","5415.000000","0","0","0","0","","","","","","","","121038","ﾄﾞｲ ﾏｺﾄ","1943/01/18","男","要介護度５","2025/07/16","2026/07/31","2630003","千葉県千葉市稲毛区小深町32-4","043-309-5911","居宅介護支援事業者作成","1271702670","ケアプラン優の和","","","","","","","","","","","","","","","11","訪問介護","5","1935","1935","515","1105","80","0","0","0","0","0","0","0","0","0","0","0","0","","","","","","","","","","","","","","","","","","","","","","","","","","","","","","","","","","","","","","","","","","","","","","","","","","","","","","","身2","387","5","1935","111211","","0","0","0","0","0","0","","","","","","","",""
"*株式会社サービスワン","*サービスワン","1270303173","*Hana四街道訪問介護","2026/06","2026/06","544","625000081","土井 誠","1002177929","国保対象","","","","","","2450","21657","5415.000000","0","0","0","0","","","","","","","","121038","ﾄﾞｲ ﾏｺﾄ","1943/01/18","男","要介護度５","2025/07/16","2026/07/31","2630003","千葉県千葉市稲毛区小深町32-4","043-309-5911","居宅介護支援事業者作成","1271702670","ケアプラン優の和","","","","","","","","","","","","","","","11","訪問介護","5","1935","1935","515","1105","80","0","0","0","0","0","0","0","0","0","0","0","0","","","","","","","","","","","","","","","","","","","","","","","","","","","","","","","","","","","","","","","","","","","","","","","","","","","","","","","処遇改善加算Ⅱ2","515","1","515","116184","","0","0","0","0","0","0","","","","","","","",""
"*株式会社サービスワン","*サービスワン","1270303173","*Hana四街道訪問介護","2026/06","2026/06","545","627000108","遠山 弘美","0000273649","国保対象","","","","","","618","6145","683.000000","0","0","0","0","","","","","","","","122283","ﾄｵﾔﾏ ﾋﾛﾐ","1946/01/07","女","要介護度２","2025/08/01","2028/07/31","2630003","千葉県千葉市稲毛区小深町32-4","043-309-5911","居宅介護支援事業者作成","1270303272","Ｈａｎａ居宅支援センター四街道","","","","","","","","","","","","","","","11","訪問介護","2","2196","488","130","1105","90","0","0","0","0","0","0","0","0","0","0","0","0","","","","","","","","","","","","","","","","","","","","","","","","","","","","","","","","","","","","","","","","","","","","","","","","","","","","","","","身1","244","2","488","111111","","0","0","0","0","0","0","","","","","","","",""
"*株式会社サービスワン","*サービスワン","1270303173","*Hana四街道訪問介護","2026/06","2026/06","545","627000108","遠山 弘美","0000273649","国保対象","","","","","","618","6145","683.000000","0","0","0","0","","","","","","","","122283","ﾄｵﾔﾏ ﾋﾛﾐ","1946/01/07","女","要介護度２","2025/08/01","2028/07/31","2630003","千葉県千葉市稲毛区小深町32-4","043-309-5911","居宅介護支援事業者作成","1270303272","Ｈａｎａ居宅支援センター四街道","","","","","","","","","","","","","","","11","訪問介護","2","2196","488","130","1105","90","0","0","0","0","0","0","0","0","0","0","0","0","","","","","","","","","","","","","","","","","","","","","","","","","","","","","","","","","","","","","","","","","","","","","","","","","","","","","","","処遇改善加算Ⅱ2","130","1","130","116184","","0","0","0","0","0","0","","","","","","","",""
"*株式会社サービスワン","*サービスワン","1270303173","*Hana四街道訪問介護","2026/06","2026/06","546","625000076","戸﨑 榮子","1001263506","国保対象","","","","","","1894","18835","2093.000000","0","0","0","0","","","","","","","","121046","ﾄｻｷ ｴｲｺ","1936/08/26","女","要介護度１","2025/04/01","2029/03/31","2630003","千葉県千葉市稲毛区小深町32-4","043-309-5911","居宅介護支援事業者作成","1270400011","セイワ若松ケアプランセンター","","","","","","","","","","","","","","","11","訪問介護","4","1496","1496","398","1105","90","0","0","0","0","0","0","0","0","0","0","0","0","","","","","","","","","","","","","","","","","","","","","","","","","","","","","","","","","","","","","","","","","","","","","","","","","","","","","","","身1生2","374","4","1496","114211","","0","0","0","0","0","0","","","","","","","",""
"*株式会社サービスワン","*サービスワン","1270303173","*Hana四街道訪問介護","2026/06","2026/06","546","625000076","戸﨑 榮子","1001263506","国保対象","","","","","","1894","18835","2093.000000","0","0","0","0","","","","","","","","121046","ﾄｻｷ ｴｲｺ","1936/08/26","女","要介護度１","2025/04/01","2029/03/31","2630003","千葉県千葉市稲毛区小深町32-4","043-309-5911","居宅介護支援事業者作成","1270400011","セイワ若松ケアプランセンター","","","","","","","","","","","","","","","11","訪問介護","4","1496","1496","398","1105","90","0","0","0","0","0","0","0","0","0","0","0","0","","","","","","","","","","","","","","","","","","","","","","","","","","","","","","","","","","","","","","","","","","","","","","","","","","","","","","","処遇改善加算Ⅱ2","398","1","398","116184","","0","0","0","0","0","0","","","","","","","",""
"*株式会社サービスワン","*サービスワン","1270303173","*Hana四街道訪問介護","2026/06","2026/06","547","625000067","長岡 千代子","0000276410","国保対象","","","","","","1417","14091","1566.000000","0","0","0","0","","","","","","","","122283","ﾅｶﾞｵｶ ﾁﾖｺ","1928/07/21","女","要介護度４","2026/01/01","2028/12/31","2630003","千葉県千葉市稲毛区小深町32-4","043-309-5911","居宅介護支援事業者作成","1273300838","NPO法人ひとあいカルテット介護サービス","","","","","","","","","","","","","","","11","訪問介護","2","1119","1119","298","1105","90","0","0","0","0","0","0","0","0","0","0","0","0","","","","","","","","","","","","","","","","","","","","","","","","","","","","","","","","","","","","","","","","","","","","","","","","","","","","","","","身1","244","3","732","111111","","0","0","0","0","0","0","","","","","","","",""
"*株式会社サービスワン","*サービスワン","1270303173","*Hana四街道訪問介護","2026/06","2026/06","547","625000067","長岡 千代子","0000276410","国保対象","","","","","","1417","14091","1566.000000","0","0","0","0","","","","","","","","122283","ﾅｶﾞｵｶ ﾁﾖｺ","1928/07/21","女","要介護度４","2026/01/01","2028/12/31","2630003","千葉県千葉市稲毛区小深町32-4","043-309-5911","居宅介護支援事業者作成","1273300838","NPO法人ひとあいカルテット介護サービス","","","","","","","","","","","","","","","11","訪問介護","2","1119","1119","298","1105","90","0","0","0","0","0","0","0","0","0","0","0","0","","","","","","","","","","","","","","","","","","","","","","","","","","","","","","","","","","","","","","","","","","","","","","","","","","","","","","","身2","387","1","387","111211","","0","0","0","0","0","0","","","","","","","",""
"*株式会社サービスワン","*サービスワン","1270303173","*Hana四街道訪問介護","2026/06","2026/06","547","625000067","長岡 千代子","0000276410","国保対象","","","","","","1417","14091","1566.000000","0","0","0","0","","","","","","","","122283","ﾅｶﾞｵｶ ﾁﾖｺ","1928/07/21","女","要介護度４","2026/01/01","2028/12/31","2630003","千葉県千葉市稲毛区小深町32-4","043-309-5911","居宅介護支援事業者作成","1273300838","NPO法人ひとあいカルテット介護サービス","","","","","","","","","","","","","","","11","訪問介護","2","1119","1119","298","1105","90","0","0","0","0","0","0","0","0","0","0","0","0","","","","","","","","","","","","","","","","","","","","","","","","","","","","","","","","","","","","","","","","","","","","","","","","","","","","","","","処遇改善加算Ⅱ2","298","1","298","116184","","0","0","0","0","0","0","","","","","","","",""
"*株式会社サービスワン","*サービスワン","1270303173","*Hana四街道訪問介護","2026/06","2026/06","548","625000005","永野 温子","0000377002","国保対象","","","","","","1470","14618","1625.000000","0","0","0","0","","","","","","","","122283","ﾅｶﾞﾉ ｱﾂｺ","1951/10/03","女","要介護度５","2026/04/01","2030/03/31","2630003","千葉県千葉市稲毛区小深町32-4","043-309-5911","居宅介護支援事業者作成","1273301547","ケアプラン夢","","","","","","","","","","","","","","","11","訪問介護","3","1161","1161","309","1105","90","0","0","0","0","0","0","0","0","0","0","0","0","","","","","","","","","","","","","","","","","","","","","","","","","","","","","","","","","","","","","","","","","","","","","","","","","","","","","","","身2","387","3","1161","111211","","0","0","0","0","0","0","","","","","","","",""
"*株式会社サービスワン","*サービスワン","1270303173","*Hana四街道訪問介護","2026/06","2026/06","548","625000005","永野 温子","0000377002","国保対象","","","","","","1470","14618","1625.000000","0","0","0","0","","","","","","","","122283","ﾅｶﾞﾉ ｱﾂｺ","1951/10/03","女","要介護度５","2026/04/01","2030/03/31","2630003","千葉県千葉市稲毛区小深町32-4","043-309-5911","居宅介護支援事業者作成","1273301547","ケアプラン夢","","","","","","","","","","","","","","","11","訪問介護","3","1161","1161","309","1105","90","0","0","0","0","0","0","0","0","0","0","0","0","","","","","","","","","","","","","","","","","","","","","","","","","","","","","","","","","","","","","","","","","","","","","","","","","","","","","","","処遇改善加算Ⅱ2","309","1","309","116184","","0","0","0","0","0","0","","","","","","","",""
"*株式会社サービスワン","*サービスワン","1270303173","*Hana四街道訪問介護","2026/06","2026/06","549","625000052","鍋川 良一","1003533906","国保対象","","","","","","1114","11078","1231.000000","0","0","0","0","","","","","","","","121038","ﾅﾍﾞｶﾜ ﾘｮｳｲﾁ","1951/04/02","男","要介護度１","2023/02/01","2027/01/31","2630003","千葉県千葉市稲毛区小深町32-4","043-309-5911","居宅介護支援事業者作成","1270203944","careplan kukka","","","","","","","","","","","","","","","11","訪問介護","4","880","880","234","1105","90","0","0","0","0","0","0","0","0","0","0","0","0","","","","","","","","","","","","","","","","","","","","","","","","","","","","","","","","","","","","","","","","","","","","","","","","","","","","","","","生3","220","4","880","117311","","0","0","0","0","0","0","","","","","","","",""
"*株式会社サービスワン","*サービスワン","1270303173","*Hana四街道訪問介護","2026/06","2026/06","549","625000052","鍋川 良一","1003533906","国保対象","","","","","","1114","11078","1231.000000","0","0","0","0","","","","","","","","121038","ﾅﾍﾞｶﾜ ﾘｮｳｲﾁ","1951/04/02","男","要介護度１","2023/02/01","2027/01/31","2630003","千葉県千葉市稲毛区小深町32-4","043-309-5911","居宅介護支援事業者作成","1270203944","careplan kukka","","","","","","","","","","","","","","","11","訪問介護","4","880","880","234","1105","90","0","0","0","0","0","0","0","0","0","0","0","0","","","","","","","","","","","","","","","","","","","","","","","","","","","","","","","","","","","","","","","","","","","","","","","","","","","","","","","処遇改善加算Ⅱ2","234","1","234","116184","","0","0","0","0","0","0","","","","","","","",""
"*株式会社サービスワン","*サービスワン","1270303173","*Hana四街道訪問介護","2026/06","2026/06","550","625000025","野木村 とみ子","1002968889","国保対象","","","","","","2507","24931","2771.000000","0","0","0","0","","","","","","","","121046","ﾉｷﾞﾑﾗ ﾄﾐｺ","1948/01/20","女","要介護度１","2026/04/01","2029/03/31","2630003","千葉県千葉市稲毛区小深町32-4","043-309-5911","居宅介護支援事業者作成","1270403007","ケアプラン白樺","","","","","","","","","","","","","","","11","訪問介護","9","1980","1980","527","1105","90","0","0","0","0","0","0","0","0","0","0","0","0","","","","","","","","","","","","","","","","","","","","","","","","","","","","","","","","","","","","","","","","","","","","","","","","","","","","","","","生3","220","9","1980","117311","","0","0","0","0","0","0","","","","","","","",""
"*株式会社サービスワン","*サービスワン","1270303173","*Hana四街道訪問介護","2026/06","2026/06","550","625000025","野木村 とみ子","1002968889","国保対象","","","","","","2507","24931","2771.000000","0","0","0","0","","","","","","","","121046","ﾉｷﾞﾑﾗ ﾄﾐｺ","1948/01/20","女","要介護度１","2026/04/01","2029/03/31","2630003","千葉県千葉市稲毛区小深町32-4","043-309-5911","居宅介護支援事業者作成","1270403007","ケアプラン白樺","","","","","","","","","","","","","","","11","訪問介護","9","1980","1980","527","1105","90","0","0","0","0","0","0","0","0","0","0","0","0","","","","","","","","","","","","","","","","","","","","","","","","","","","","","","","","","","","","","","","","","","","","","","","","","","","","","","","処遇改善加算Ⅱ2","527","1","527","116184","","0","0","0","0","0","0","","","","","","","",""
"*株式会社サービスワン","*サービスワン","1270303173","*Hana四街道訪問介護","2026/06","2026/06","551","625000002","野村 由美子","1004421465","国保対象","","","","","","1619","16100","0","0","1619","1789","0","","12121042","0099234","","","","","121046","ﾉﾑﾗ ﾕﾐｺ","1958/03/12","女","要介護度１","2026/03/01","2027/02/28","2630003","千葉県千葉市稲毛区小深町32-4","043-309-5911","居宅介護支援事業者作成","1270400573","シャローム若葉居宅介護支援事業所","","","","","","","","","","","","","","","11","訪問介護","6","1279","1279","340","1105","90","1619","100","1789","0","0","0","0","0","0","0","0","0","","","","","","","","","","","","","","","","","","","","","","","","","","","","","","","","","","","","","","","","","","","","","","","","","","","","","","","生2","179","1","179","117211","","1","0","0","179","0","0","","","","","","","",""
"*株式会社サービスワン","*サービスワン","1270303173","*Hana四街道訪問介護","2026/06","2026/06","551","625000002","野村 由美子","1004421465","国保対象","","","","","","1619","16100","0","0","1619","1789","0","","12121042","0099234","","","","","121046","ﾉﾑﾗ ﾕﾐｺ","1958/03/12","女","要介護度１","2026/03/01","2027/02/28","2630003","千葉県千葉市稲毛区小深町32-4","043-309-5911","居宅介護支援事業者作成","1270400573","シャローム若葉居宅介護支援事業所","","","","","","","","","","","","","","","11","訪問介護","6","1279","1279","340","1105","90","1619","100","1789","0","0","0","0","0","0","0","0","0","","","","","","","","","","","","","","","","","","","","","","","","","","","","","","","","","","","","","","","","","","","","","","","","","","","","","","","生3","220","5","1100","117311","","5","0","0","1100","0","0","","","","","","","",""
"*株式会社サービスワン","*サービスワン","1270303173","*Hana四街道訪問介護","2026/06","2026/06","551","625000002","野村 由美子","1004421465","国保対象","","","","","","1619","16100","0","0","1619","1789","0","","12121042","0099234","","","","","121046","ﾉﾑﾗ ﾕﾐｺ","1958/03/12","女","要介護度１","2026/03/01","2027/02/28","2630003","千葉県千葉市稲毛区小深町32-4","043-309-5911","居宅介護支援事業者作成","1270400573","シャローム若葉居宅介護支援事業所","","","","","","","","","","","","","","","11","訪問介護","6","1279","1279","340","1105","90","1619","100","1789","0","0","0","0","0","0","0","0","0","","","","","","","","","","","","","","","","","","","","","","","","","","","","","","","","","","","","","","","","","","","","","","","","","","","","","","","処遇改善加算Ⅱ2","340","1","340","116184","","1","0","0","340","0","0","","","","","","","",""
"*株式会社サービスワン","*サービスワン","1270303173","*Hana四街道訪問介護","2026/06","2026/06","552","625000079","林 秋正","0000111823","国保対象","","","","","","5869","51881","12971.000000","0","0","0","0","","","","","","","","122283","ﾊﾔｼ ｱｷﾏｻ","1935/11/26","男","要介護度３","2025/03/01","2028/02/29","2630003","千葉県千葉市稲毛区小深町32-4","043-309-5911","居宅介護支援事業者作成","1270402348","コープみらい千葉介護センター","","","","","","","","","","","","","","","11","訪問介護","19","4636","4636","1233","1105","80","0","0","0","0","0","0","0","0","0","0","0","0","","","","","","","","","","","","","","","","","","","","","","","","","","","","","","","","","","","","","","","","","","","","","","","","","","","","","","","身1","244","19","4636","111111","","0","0","0","0","0","0","","","","","","","",""
"*株式会社サービスワン","*サービスワン","1270303173","*Hana四街道訪問介護","2026/06","2026/06","552","625000079","林 秋正","0000111823","国保対象","","","","","","5869","51881","12971.000000","0","0","0","0","","","","","","","","122283","ﾊﾔｼ ｱｷﾏｻ","1935/11/26","男","要介護度３","2025/03/01","2028/02/29","2630003","千葉県千葉市稲毛区小深町32-4","043-309-5911","居宅介護支援事業者作成","1270402348","コープみらい千葉介護センター","","","","","","","","","","","","","","","11","訪問介護","19","4636","4636","1233","1105","80","0","0","0","0","0","0","0","0","0","0","0","0","","","","","","","","","","","","","","","","","","","","","","","","","","","","","","","","","","","","","","","","","","","","","","","","","","","","","","","処遇改善加算Ⅱ2","1233","1","1233","116184","","0","0","0","0","0","0","","","","","","","",""
"*株式会社サービスワン","*サービスワン","1270303173","*Hana四街道訪問介護","2026/06","2026/06","553","625000046","藤野 榮","0000107128","国保対象","","","","","","1565","15563","1730.000000","0","0","0","0","","","","","","","","122283","ﾌｼﾞﾉ ｻｶｴ","1935/07/10","女","要介護度１","2026/01/01","2028/12/31","2630003","千葉県千葉市稲毛区小深町32-4","043-309-5911","居宅介護支援事業者作成","1273301547","ケアプラン夢","","","","","","","","","","","","","","","11","訪問介護","4","1236","1236","329","1105","90","0","0","0","0","0","0","0","0","0","0","0","0","","","","","","","","","","","","","","","","","","","","","","","","","","","","","","","","","","","","","","","","","","","","","","","","","","","","","","","身1生1","309","4","1236","114111","","0","0","0","0","0","0","","","","","","","",""
"*株式会社サービスワン","*サービスワン","1270303173","*Hana四街道訪問介護","2026/06","2026/06","553","625000046","藤野 榮","0000107128","国保対象","","","","","","1565","15563","1730.000000","0","0","0","0","","","","","","","","122283","ﾌｼﾞﾉ ｻｶｴ","1935/07/10","女","要介護度１","2026/01/01","2028/12/31","2630003","千葉県千葉市稲毛区小深町32-4","043-309-5911","居宅介護支援事業者作成","1273301547","ケアプラン夢","","","","","","","","","","","","","","","11","訪問介護","4","1236","1236","329","1105","90","0","0","0","0","0","0","0","0","0","0","0","0","","","","","","","","","","","","","","","","","","","","","","","","","","","","","","","","","","","","","","","","","","","","","","","","","","","","","","","処遇改善加算Ⅱ2","329","1","329","116184","","0","0","0","0","0","0","","","","","","","",""
"*株式会社サービスワン","*サービスワン","1270303173","*Hana四街道訪問介護","2026/06","2026/06","554","625000070","松井 守之助","0000169284","国保対象","","","","","","1956","17290","4323.000000","0","0","0","0","","","","","","","","122283","ﾏﾂｲ ﾓﾘﾉｽｹ","1940/01/05","男","要介護度１","2025/09/01","2028/08/31","2630003","千葉県千葉市稲毛区小深町32-4","043-309-5911","居宅介護支援事業者作成","1273300838","NPO法人ひとあいカルテット介護サービス","","","","","","","","","","","","","","","11","訪問介護","5","1545","1545","411","1105","80","0","0","0","0","0","0","0","0","0","0","0","0","","","","","","","","","","","","","","","","","","","","","","","","","","","","","","","","","","","","","","","","","","","","","","","","","","","","","","","身1生1","309","5","1545","114111","","0","0","0","0","0","0","","","","","","","",""
"*株式会社サービスワン","*サービスワン","1270303173","*Hana四街道訪問介護","2026/06","2026/06","554","625000070","松井 守之助","0000169284","国保対象","","","","","","1956","17290","4323.000000","0","0","0","0","","","","","","","","122283","ﾏﾂｲ ﾓﾘﾉｽｹ","1940/01/05","男","要介護度１","2025/09/01","2028/08/31","2630003","千葉県千葉市稲毛区小深町32-4","043-309-5911","居宅介護支援事業者作成","1273300838","NPO法人ひとあいカルテット介護サービス","","","","","","","","","","","","","","","11","訪問介護","5","1545","1545","411","1105","80","0","0","0","0","0","0","0","0","0","0","0","0","","","","","","","","","","","","","","","","","","","","","","","","","","","","","","","","","","","","","","","","","","","","","","","","","","","","","","","処遇改善加算Ⅱ2","411","1","411","116184","","0","0","0","0","0","0","","","","","","","",""
"*株式会社サービスワン","*サービスワン","1270303173","*Hana四街道訪問介護","2026/06","2026/06","555","625000066","三石 鈴子","0000418640","国保対象","","","","","","1545","15364","1708.000000","0","0","0","0","","","","","","","","122283","ﾐﾂｲｼ ｽｽﾞｺ","1937/01/23","女","要介護度２","2025/03/01","2028/02/29","2630003","千葉県千葉市稲毛区小深町32-4","043-309-5911","居宅介護支援事業者作成","1273301547","ケアプラン夢","","","","","","","","","","","","","","","11","訪問介護","5","1220","1220","325","1105","90","0","0","0","0","0","0","0","0","0","0","0","0","","","","","","","","","","","","","","","","","","","","","","","","","","","","","","","","","","","","","","","","","","","","","","","","","","","","","","","身1","244","5","1220","111111","","0","0","0","0","0","0","","","","","","","",""
"*株式会社サービスワン","*サービスワン","1270303173","*Hana四街道訪問介護","2026/06","2026/06","555","625000066","三石 鈴子","0000418640","国保対象","","","","","","1545","15364","1708.000000","0","0","0","0","","","","","","","","122283","ﾐﾂｲｼ ｽｽﾞｺ","1937/01/23","女","要介護度２","2025/03/01","2028/02/29","2630003","千葉県千葉市稲毛区小深町32-4","043-309-5911","居宅介護支援事業者作成","1273301547","ケアプラン夢","","","","","","","","","","","","","","","11","訪問介護","5","1220","1220","325","1105","90","0","0","0","0","0","0","0","0","0","0","0","0","","","","","","","","","","","","","","","","","","","","","","","","","","","","","","","","","","","","","","","","","","","","","","","","","","","","","","","処遇改善加算Ⅱ2","325","1","325","116184","","0","0","0","0","0","0","","","","","","","",""
"*株式会社サービスワン","*サービスワン","1270303173","*Hana四街道訪問介護","2026/06","2026/06","556","625000036","宮本 裕巳","1003769765","国保対象","","","","","","4409","43847","4872.000000","0","0","0","0","","","","","","","","121046","ﾐﾔﾓﾄ ﾋﾛﾐ","1937/08/01","女","要介護度１","2025/07/01","2029/06/30","2630003","千葉県千葉市稲毛区小深町32-4","043-309-5911","居宅介護支援事業者作成","1270403007","ケアプラン白樺","","","","","","","","","","","","","","","11","訪問介護","9","3483","3483","926","1105","90","0","0","0","0","0","0","0","0","0","0","0","0","","","","","","","","","","","","","","","","","","","","","","","","","","","","","","","","","","","","","","","","","","","","","","","","","","","","","","","身2","387","9","3483","111211","","0","0","0","0","0","0","","","","","","","",""
"*株式会社サービスワン","*サービスワン","1270303173","*Hana四街道訪問介護","2026/06","2026/06","556","625000036","宮本 裕巳","1003769765","国保対象","","","","","","4409","43847","4872.000000","0","0","0","0","","","","","","","","121046","ﾐﾔﾓﾄ ﾋﾛﾐ","1937/08/01","女","要介護度１","2025/07/01","2029/06/30","2630003","千葉県千葉市稲毛区小深町32-4","043-309-5911","居宅介護支援事業者作成","1270403007","ケアプラン白樺","","","","","","","","","","","","","","","11","訪問介護","9","3483","3483","926","1105","90","0","0","0","0","0","0","0","0","0","0","0","0","","","","","","","","","","","","","","","","","","","","","","","","","","","","","","","","","","","","","","","","","","","","","","","","","","","","","","","処遇改善加算Ⅱ2","926","1","926","116184","","0","0","0","0","0","0","","","","","","","",""
"*株式会社サービスワン","*サービスワン","1270303173","*Hana四街道訪問介護","2026/06","2026/06","557","625000017","三代川 勝枝","0000413344","国保対象","","","","","","6796","67585","7510.000000","0","0","0","0","","","","","","","","122283","ﾐﾖｶﾜ ｶﾂｴ","1944/01/18","女","要介護度５","2026/03/01","2030/02/28","2630003","千葉県千葉市稲毛区小深町32-4","043-309-5911","居宅介護支援事業者作成","1273300085","あすみの丘在宅介護支援センター","","","","","","","","","","","","","","","11","訪問介護","22","5368","5368","1428","1105","90","0","0","0","0","0","0","0","0","0","0","0","0","","","","","","","","","","","","","","","","","","","","","","","","","","","","","","","","","","","","","","","","","","","","","","","","","","","","","","","身1","244","22","5368","111111","","0","0","0","0","0","0","","","","","","","",""
"*株式会社サービスワン","*サービスワン","1270303173","*Hana四街道訪問介護","2026/06","2026/06","557","625000017","三代川 勝枝","0000413344","国保対象","","","","","","6796","67585","7510.000000","0","0","0","0","","","","","","","","122283","ﾐﾖｶﾜ ｶﾂｴ","1944/01/18","女","要介護度５","2026/03/01","2030/02/28","2630003","千葉県千葉市稲毛区小深町32-4","043-309-5911","居宅介護支援事業者作成","1273300085","あすみの丘在宅介護支援センター","","","","","","","","","","","","","","","11","訪問介護","22","5368","5368","1428","1105","90","0","0","0","0","0","0","0","0","0","0","0","0","","","","","","","","","","","","","","","","","","","","","","","","","","","","","","","","","","","","","","","","","","","","","","","","","","","","","","","処遇改善加算Ⅱ2","1428","1","1428","116184","","0","0","0","0","0","0","","","","","","","",""
"*株式会社サービスワン","*サービスワン","1270303173","*Hana四街道訪問介護","2026/06","2026/06","558","625000024","室 富子","1001899697","国保対象","","","","","","1393","13852","1540.000000","0","0","0","0","","","","","","","","121046","ﾑﾛ ﾄﾐｺ","1941/04/05","女","要介護度２","2026/06/01","2029/05/31","2630003","千葉県千葉市稲毛区小深町32-4","043-309-5911","居宅介護支援事業者作成","1270400128","居宅介護支援事業所かがやき","","","","","","","","","","","","","","","11","訪問介護","5","1100","1100","293","1105","90","0","0","0","0","0","0","0","0","0","0","0","0","","","","","","","","","","","","","","","","","","","","","","","","","","","","","","","","","","","","","","","","","","","","","","","","","","","","","","","生3","220","5","1100","117311","","0","0","0","0","0","0","","","","","","","",""
"*株式会社サービスワン","*サービスワン","1270303173","*Hana四街道訪問介護","2026/06","2026/06","558","625000024","室 富子","1001899697","国保対象","","","","","","1393","13852","1540.000000","0","0","0","0","","","","","","","","121046","ﾑﾛ ﾄﾐｺ","1941/04/05","女","要介護度２","2026/06/01","2029/05/31","2630003","千葉県千葉市稲毛区小深町32-4","043-309-5911","居宅介護支援事業者作成","1270400128","居宅介護支援事業所かがやき","","","","","","","","","","","","","","","11","訪問介護","5","1100","1100","293","1105","90","0","0","0","0","0","0","0","0","0","0","0","0","","","","","","","","","","","","","","","","","","","","","","","","","","","","","","","","","","","","","","","","","","","","","","","","","","","","","","","処遇改善加算Ⅱ2","293","1","293","116184","","0","0","0","0","0","0","","","","","","","",""
"*株式会社サービスワン","*サービスワン","1270303173","*Hana四街道訪問介護","2026/06","2026/06","559","625000061","罍 武男","1001153608","国保対象","","","","","","1114","9847","2462.000000","0","0","0","0","","","","","","","","121038","ﾓﾀｲ ﾀｹｵ","1935/10/06","男","要介護度１","2025/11/06","2026/11/30","2630003","千葉県千葉市稲毛区小深町32-4","043-309-5911","居宅介護支援事業者作成","1270300047","双樹苑在宅介護センター","","","","","","","","","","","","","","","11","訪問介護","4","880","880","234","1105","80","0","0","0","0","0","0","0","0","0","0","0","0","","","","","","","","","","","","","","","","","","","","","","","","","","","","","","","","","","","","","","","","","","","","","","","","","","","","","","","生3","220","4","880","117311","","0","0","0","0","0","0","","","","","","","",""
"*株式会社サービスワン","*サービスワン","1270303173","*Hana四街道訪問介護","2026/06","2026/06","559","625000061","罍 武男","1001153608","国保対象","","","","","","1114","9847","2462.000000","0","0","0","0","","","","","","","","121038","ﾓﾀｲ ﾀｹｵ","1935/10/06","男","要介護度１","2025/11/06","2026/11/30","2630003","千葉県千葉市稲毛区小深町32-4","043-309-5911","居宅介護支援事業者作成","1270300047","双樹苑在宅介護センター","","","","","","","","","","","","","","","11","訪問介護","4","880","880","234","1105","80","0","0","0","0","0","0","0","0","0","0","0","0","","","","","","","","","","","","","","","","","","","","","","","","","","","","","","","","","","","","","","","","","","","","","","","","","","","","","","","処遇改善加算Ⅱ2","234","1","234","116184","","0","0","0","0","0","0","","","","","","","",""
"*株式会社サービスワン","*サービスワン","1270303173","*Hana四街道訪問介護","2026/06","2026/06","560","625000083","横瀬 喜久代","1000789139","国保対象","","","","","","1367","13594","1511.000000","0","0","0","0","","","","","","","","121046","ﾖｺｾ ｷｸﾖ","1934/11/23","女","要介護度１","2026/05/01","2030/04/30","2630003","千葉県千葉市稲毛区小深町32-4","043-309-5911","居宅介護支援事業者作成","1270403007","ケアプラン白樺","","","","","","","","","","","","2026/06/01","","","11","訪問介護","4","1080","1080","287","1105","90","0","0","0","0","0","0","0","0","0","0","0","0","","","","","","","","","","","","","","","","","","","","","","","","","","","","","","","","","","","","","","","","","","","","","","","","","","","","","","","生3","220","4","880","117311","","0","0","0","0","0","0","","","","","","","",""
"*株式会社サービスワン","*サービスワン","1270303173","*Hana四街道訪問介護","2026/06","2026/06","560","625000083","横瀬 喜久代","1000789139","国保対象","","","","","","1367","13594","1511.000000","0","0","0","0","","","","","","","","121046","ﾖｺｾ ｷｸﾖ","1934/11/23","女","要介護度１","2026/05/01","2030/04/30","2630003","千葉県千葉市稲毛区小深町32-4","043-309-5911","居宅介護支援事業者作成","1270403007","ケアプラン白樺","","","","","","","","","","","","2026/06/01","","","11","訪問介護","4","1080","1080","287","1105","90","0","0","0","0","0","0","0","0","0","0","0","0","","","","","","","","","","","","","","","","","","","","","","","","","","","","","","","","","","","","","","","","","","","","","","","","","","","","","","","初回加算","200","1","200","114001","","0","0","0","0","0","0","","","","","","","",""
"*株式会社サービスワン","*サービスワン","1270303173","*Hana四街道訪問介護","2026/06","2026/06","560","625000083","横瀬 喜久代","1000789139","国保対象","","","","","","1367","13594","1511.000000","0","0","0","0","","","","","","","","121046","ﾖｺｾ ｷｸﾖ","1934/11/23","女","要介護度１","2026/05/01","2030/04/30","2630003","千葉県千葉市稲毛区小深町32-4","043-309-5911","居宅介護支援事業者作成","1270403007","ケアプラン白樺","","","","","","","","","","","","2026/06/01","","","11","訪問介護","4","1080","1080","287","1105","90","0","0","0","0","0","0","0","0","0","0","0","0","","","","","","","","","","","","","","","","","","","","","","","","","","","","","","","","","","","","","","","","","","","","","","","","","","","","","","","処遇改善加算Ⅱ2","287","1","287","116184","","0","0","0","0","0","0","","","","","","","",""
"*株式会社サービスワン","*サービスワン","1270303173","*Hana四街道訪問介護","2026/06","2026/06","561","625000037","若名 重信","1000787281","国保対象","","","","","","6155","61210","6802.000000","0","0","0","0","","","","","","","","121046","ﾜｶﾅ ｼｹﾞﾉﾌﾞ","1934/04/22","男","要介護度３","2025/07/03","2026/07/31","2630003","千葉県千葉市稲毛区小深町32-4","043-309-5911","居宅介護支援事業者作成","1270400771","ニチイケアセンター千城台","","","","","","","","","","","","","","","11","訪問介護","13","4862","4862","1293","1105","90","0","0","0","0","0","0","0","0","0","0","0","0","","","","","","","","","","","","","","","","","","","","","","","","","","","","","","","","","","","","","","","","","","","","","","","","","","","","","","","身1生2","374","13","4862","114211","","0","0","0","0","0","0","","","","","","","",""
"*株式会社サービスワン","*サービスワン","1270303173","*Hana四街道訪問介護","2026/06","2026/06","561","625000037","若名 重信","1000787281","国保対象","","","","","","6155","61210","6802.000000","0","0","0","0","","","","","","","","121046","ﾜｶﾅ ｼｹﾞﾉﾌﾞ","1934/04/22","男","要介護度３","2025/07/03","2026/07/31","2630003","千葉県千葉市稲毛区小深町32-4","043-309-5911","居宅介護支援事業者作成","1270400771","ニチイケアセンター千城台","","","","","","","","","","","","","","","11","訪問介護","13","4862","4862","1293","1105","90","0","0","0","0","0","0","0","0","0","0","0","0","","","","","","","","","","","","","","","","","","","","","","","","","","","","","","","","","","","","","","","","","","","","","","","","","","","","","","","処遇改善加算Ⅱ2","1293","1","1293","116184","","0","0","0","0","0","0","","","","","","","",""
"*株式会社サービスワン","*サービスワン","1270303173","*Hana四街道訪問介護","2026/06","","562","2140000301","友田 淑子","1001978467","未発行","","","","月遅","","1114","11078","1231.000000","0","0","0","0","","","","","","","","121046","ﾄﾓﾀﾞ ﾄｼｺ","1941/10/23","女","要介護度１","2024/05/01","2028/04/30","2630003","千葉県千葉市稲毛区小深町32-4","043-309-5911","居宅介護支援事業者作成","1270400573","シャローム若葉居宅介護支援事業所","","","","","","","","","","","","","","","11","訪問介護","4","880","880","234","1105","90","0","0","0","0","0","0","0","0","0","0","0","0","","","","","","","","","","","","","","","","","","","","","","","","","","","","","","","","","","","","","","","","","","","","","","","","","","","","","","","生3","220","4","880","117311","","0","0","0","0","0","0","","","","","","","",""
"*株式会社サービスワン","*サービスワン","1270303173","*Hana四街道訪問介護","2026/06","","562","2140000301","友田 淑子","1001978467","未発行","","","","月遅","","1114","11078","1231.000000","0","0","0","0","","","","","","","","121046","ﾄﾓﾀﾞ ﾄｼｺ","1941/10/23","女","要介護度１","2024/05/01","2028/04/30","2630003","千葉県千葉市稲毛区小深町32-4","043-309-5911","居宅介護支援事業者作成","1270400573","シャローム若葉居宅介護支援事業所","","","","","","","","","","","","","","","11","訪問介護","4","880","880","234","1105","90","0","0","0","0","0","0","0","0","0","0","0","0","","","","","","","","","","","","","","","","","","","","","","","","","","","","","","","","","","","","","","","","","","","","","","","","","","","","","","","処遇改善加算Ⅱ2","234","1","234","116184","","0","0","0","0","0","0","","","","","","","",""
"*株式会社サービスワン","*サービスワン","1270303173","*Hana四街道（四街道","2026/06","2026/06","27","625000042","髙橋 昇","0000197780","国保対象","","","","","","1114","8343","3576.000000","0","0","0","0","","","","","","","","122283","ﾀｶﾊｼ ﾉﾎﾞﾙ","1941/09/27","男","要支援２","2026/06/01","2029/05/31","2630003","千葉県千葉市稲毛区小深町32-4","043-309-5911","介護予防支援事業者作成","1203300023","四街道市みなみ地域包括支援センター","","","","","","","","","","","","","","","A2","訪問型","4","880","880","234","1070","70","0","","0","0","0","","0","0","0","","0","0","","","","","","","","","","","","","","","","","","","","","","","","","","","","","","","","","","","","","","","","","","","","","","","","","","","","","","","訪サ23","220","4","880","A22621","","0","0","0","0","0","0","","","","","","","",""
"*株式会社サービスワン","*サービスワン","1270303173","*Hana四街道（四街道","2026/06","2026/06","27","625000042","髙橋 昇","0000197780","国保対象","","","","","","1114","8343","3576.000000","0","0","0","0","","","","","","","","122283","ﾀｶﾊｼ ﾉﾎﾞﾙ","1941/09/27","男","要支援２","2026/06/01","2029/05/31","2630003","千葉県千葉市稲毛区小深町32-4","043-309-5911","介護予防支援事業者作成","1203300023","四街道市みなみ地域包括支援センター","","","","","","","","","","","","","","","A2","訪問型","4","880","880","234","1070","70","0","","0","0","0","","0","0","0","","0","0","","","","","","","","","","","","","","","","","","","","","","","","","","","","","","","","","","","","","","","","","","","","","","","","","","","","","","","訪サ処遇加算Ⅱ2","0","1","234","A26184","","0","0","0","0","0","0","","","","","","","",""
"*株式会社サービスワン","*サービスワン","1270303173","*Hana四街道（四街道","2026/06","2026/06","28","627000102","田丸 秀雄","0000313577","国保対象","","","","","","836","8050","895.000000","0","0","0","0","","","","","","","","122283","ﾀﾏﾙ ﾋﾃﾞｵ","1948/02/29","男","要支援１","2025/11/01","2029/10/31","2630003","千葉県千葉市稲毛区小深町32-4","043-309-5911","介護予防支援事業者作成","1203300015","Ｈａｎａ居宅四街道（四街道包括）","","","","","","","","","","","","","","","A2","訪問型","3","880","660","176","1070","90","0","","0","0","0","","0","0","0","","0","0","","","","","","","","","","","","","","","","","","","","","","","","","","","","","","","","","","","","","","","","","","","","","","","","","","","","","","","訪サ23","220","3","660","A22621","","0","0","0","0","0","0","","","","","","","",""
"*株式会社サービスワン","*サービスワン","1270303173","*Hana四街道（四街道","2026/06","2026/06","28","627000102","田丸 秀雄","0000313577","国保対象","","","","","","836","8050","895.000000","0","0","0","0","","","","","","","","122283","ﾀﾏﾙ ﾋﾃﾞｵ","1948/02/29","男","要支援１","2025/11/01","2029/10/31","2630003","千葉県千葉市稲毛区小深町32-4","043-309-5911","介護予防支援事業者作成","1203300015","Ｈａｎａ居宅四街道（四街道包括）","","","","","","","","","","","","","","","A2","訪問型","3","880","660","176","1070","90","0","","0","0","0","","0","0","0","","0","0","","","","","","","","","","","","","","","","","","","","","","","","","","","","","","","","","","","","","","","","","","","","","","","","","","","","","","","訪サ処遇加算Ⅱ2","0","1","176","A26184","","0","0","0","0","0","0","","","","","","","",""
