1,1,0,330,711,0,0,1270201930,0,7,202607,1
2,2,7111,202606,1270201930,1,0,01,74,303985,3359002,2995536,4321,359145,,,,,,
2,3,7111,202606,1270201930,2,12,01,2,3910,43205,0,4321,0,,,,,,
2,4,7131,01,202606,1270201930,00121061,1001365657,,,,,,,19370518,2,21,,20251029,20261031,1,1270203860,,,,,,,,,90,,,,1236,12291,1366,,,,,,,,,,,,,,,,,,,,,
2,5,7131,02,202606,1270201930,00121061,1001365657,11,1111,244,4,,,,976,,,,
2,6,7131,02,202606,1270201930,00121061,1001365657,11,6184,260,1,,,,260,,,,
2,7,7131,10,202606,1270201930,00121061,1001365657,11,4,976,976,260,,,1236,1105,12291,1366,,,,,,,,,,,,,,,,,,,,,
2,8,7131,01,202606,1270201930,00121020,1000390250,,,,,,,19271220,2,24,,20250901,20260831,1,1270201831,,,,,,,,,90,,,,6369,63339,7038,,,,,,,,,,,,,,,,,,,,,
2,9,7131,02,202606,1270201930,00121020,1000390250,11,1211,387,13,,,,5031,,,,
2,10,7131,02,202606,1270201930,00121020,1000390250,11,6184,1338,1,,,,1338,,,,
2,11,7131,10,202606,1270201930,00121020,1000390250,11,13,5031,5031,1338,,,6369,1105,63339,7038,,,,,,,,,,,,,,,,,,,,,
2,12,7131,01,202606,1270201930,00121020,1000400612,,,,,,,19340301,2,24,,20260301,20300228,1,1270202227,,,,,,,,,90,,,,5196,51673,5742,,,,,,,,,,,,,,,,,,,,,
2,13,7131,02,202606,1270201930,00121020,1000400612,11,1111,244,16,,,,3904,,,,
2,14,7131,02,202606,1270201930,00121020,1000400612,11,4001,200,1,,,,200,,,,
2,15,7131,02,202606,1270201930,00121020,1000400612,11,6184,1092,1,,,,1092,,,,
2,16,7131,10,202606,1270201930,00121020,1000400612,11,16,4104,4104,1092,,,5196,1105,51673,5742,,,,,,,,,,,,,,,,,,,,,
2,17,7131,01,202606,1270201930,00121020,1001552890,,,,,,,19381127,2,21,,20240801,20280731,1,1270202227,,,,,,,,,90,,,,2566,25518,2836,,,,,,,,,,,,,,,,,,,,,
2,18,7131,02,202606,1270201930,00121020,1001552890,11,7311,220,5,,,,1100,,,,
2,19,7131,02,202606,1270201930,00121020,1001552890,11,4111,309,3,,,,927,,,,
2,20,7131,02,202606,1270201930,00121020,1001552890,11,6184,539,1,,,,539,,,,
2,21,7131,10,202606,1270201930,00121020,1001552890,11,8,2027,2027,539,,,2566,1105,25518,2836,,,,,,,,,,,,,,,,,,,,,
2,22,7131,01,202606,1270201930,00122168,0000386151,,,,,,,19430731,1,21,,20231201,20261130,1,1270203860,,,,,,,,,90,,,,5524,54936,6104,,,,,,,,,,,,,,,,,,,,,
2,23,7131,02,202606,1270201930,00122168,0000386151,11,1211,387,9,,,,3483,,,,
2,24,7131,02,202606,1270201930,00122168,0000386151,11,7311,220,4,,,,880,,,,
2,25,7131,02,202606,1270201930,00122168,0000386151,11,6184,1161,1,,,,1161,,,,
2,26,7131,10,202606,1270201930,00122168,0000386151,11,13,4363,4363,1161,,,5524,1105,54936,6104,,,,,,,,,,,,,,,,,,,,,
2,27,7131,01,202606,1270201930,00121020,1002371373,,,,,,,19460515,1,25,,20251001,20280930,1,1270201922,,,,,,,,,80,,,,3707,32769,8193,,,,,,,,,,,,,,,,,,,,,
2,28,7131,02,202606,1270201930,00121020,1002371373,11,1111,244,12,,,,2928,,,,
2,29,7131,02,202606,1270201930,00121020,1002371373,11,6184,779,1,,,,779,,,,
2,30,7131,10,202606,1270201930,00121020,1002371373,11,12,2928,2928,779,,,3707,1105,32769,8193,,,,,,,,,,,,,,,,,,,,,
2,31,7131,01,202606,1270201930,00121061,1003953823,,,,,,,19540530,2,21,,20260316,20270331,1,1270204066,,,,,,,,,90,,,,5910,58774,6531,,,,,,,,,,,,,,,,,,,,,
2,32,7131,02,202606,1270201930,00121061,1003953823,11,4111,309,8,,,,2472,,,,
2,33,7131,02,202606,1270201930,00121061,1003953823,11,1111,244,9,,,,2196,,,,
2,34,7131,02,202606,1270201930,00121061,1003953823,11,6184,1242,1,,,,1242,,,,
2,35,7131,10,202606,1270201930,00121061,1003953823,11,13,4668,4668,1242,,,5910,1105,58774,6531,,,,,,,,,,,,,,,,,,,,,
2,36,7131,01,202606,1270201930,00121020,1000397354,,,,,,,19331210,2,24,,20241201,20271130,1,1270203639,,,,,,,,,90,,,,927,9218,1025,,,,,,,,,,,,,,,,,,,,,
2,37,7131,02,202606,1270201930,00121020,1000397354,11,1111,244,3,,,,732,,,,
2,38,7131,02,202606,1270201930,00121020,1000397354,11,6184,195,1,,,,195,,,,
2,39,7131,10,202606,1270201930,00121020,1000397354,11,3,732,732,195,,,927,1105,9218,1025,,,,,,,,,,,,,,,,,,,,,
2,40,7131,01,202606,1270201930,00121020,1000413128,,,,,,,19320910,2,21,,20230801,20270731,1,1270201294,,,,,,,,,90,,,,1114,11078,1231,,,,,,,,,,,,,,,,,,,,,
2,41,7131,02,202606,1270201930,00121020,1000413128,11,7311,220,4,,,,880,,,,
2,42,7131,02,202606,1270201930,00121020,1000413128,11,6184,234,1,,,,234,,,,
2,43,7131,10,202606,1270201930,00121020,1000413128,11,4,880,880,234,,,1114,1105,11078,1231,,,,,,,,,,,,,,,,,,,,,
2,44,7131,01,202606,1270201930,00121020,1001423381,,,,,,,19371123,2,21,,20230701,20270630,1,1272102417,,,,,,,,,90,,,,1114,11078,1231,,,,,,,,,,,,,,,,,,,,,
2,45,7131,02,202606,1270201930,00121020,1001423381,11,7311,220,4,,,,880,,,,
2,46,7131,02,202606,1270201930,00121020,1001423381,11,6184,234,1,,,,234,,,,
2,47,7131,10,202606,1270201930,00121020,1001423381,11,4,880,880,234,,,1114,1105,11078,1231,,,,,,,,,,,,,,,,,,,,,
2,48,7131,01,202606,1270201930,00121061,1002571550,,,,,,,19450715,2,21,,20251218,20261231,1,1270201922,,,,,,,,,90,,,,1955,19441,2161,,,,,,,,,,,,,,,,,,,,,
2,49,7131,02,202606,1270201930,00121061,1002571550,11,4112,386,4,,,,1544,,,,
2,50,7131,02,202606,1270201930,00121061,1002571550,11,6184,411,1,,,,411,,,,
2,51,7131,10,202606,1270201930,00121061,1002571550,11,4,1544,1544,411,,,1955,1105,19441,2161,,,,,,,,,,,,,,,,,,,,,
2,52,7131,01,202606,1270201930,00121061,1003291380,,,,,,,19491023,2,22,,20221101,20261031,1,1270104878,,,,,,,,,90,,,,9971,99161,11018,,,,,,,,,,,,,,,,,,,,,
2,53,7131,02,202606,1270201930,00121061,1003291380,11,4111,309,15,,,,4635,,,,
2,54,7131,02,202606,1270201930,00121061,1003291380,11,1211,387,9,,,,3483,,,,
2,55,7131,02,202606,1270201930,00121061,1003291380,11,1111,244,4,,,,976,,,,
2,56,7131,02,202606,1270201930,00121061,1003291380,11,6184,2095,1,,,,2095,,,,
2,57,7131,10,202606,1270201930,00121061,1003291380,11,28,7876,9094,2095,,,9971,1105,99161,11018,,,,,,,,,,,,,,,,,,,,,
2,58,7131,01,202606,1270201930,00121020,1003055538,,,,,,,19480719,2,22,,20260101,20291231,1,1270201922,,,,,,,,,90,,,,9267,92160,10240,,,,,,,,,,,,,,,,,,,,,
2,59,7131,02,202606,1270201930,00121020,1003055538,11,1111,244,30,,,,7320,,,,
2,60,7131,02,202606,1270201930,00121020,1003055538,11,6184,1947,1,,,,1947,,,,
2,61,7131,10,202606,1270201930,00121020,1003055538,11,30,7320,7320,1947,,,9267,1105,92160,10240,,,,,,,,,,,,,,,,,,,,,
2,62,7131,01,202606,1270201930,00121020,1001746856,,,,,,,19400410,2,24,,20230801,20260731,1,1270203860,,,,,,,,,90,,,,5251,52220,5803,,,,,,,,,,,,,,,,,,,,,
2,63,7131,02,202606,1270201930,00121020,1001746856,11,1111,244,17,,,,4148,,,,
2,64,7131,02,202606,1270201930,00121020,1001746856,11,6184,1103,1,,,,1103,,,,
2,65,7131,10,202606,1270201930,00121020,1001746856,11,17,4148,4148,1103,,,5251,1105,52220,5803,,,,,,,,,,,,,,,,,,,,,
2,66,7131,01,202606,1270201930,00121020,1000324655,,,,,,,19331105,2,23,,20241001,20280930,1,1270204066,,,,,,,,,90,,,,6460,64244,7139,,,,,,,,,,,,,,,,,,,,,
2,67,7131,02,202606,1270201930,00121020,1000324655,11,1311,567,9,,,,5103,,,,
2,68,7131,02,202606,1270201930,00121020,1000324655,11,6184,1357,1,,,,1357,,,,
2,69,7131,10,202606,1270201930,00121020,1000324655,11,9,5103,5103,1357,,,6460,1105,64244,7139,,,,,,,,,,,,,,,,,,,,,
2,70,7131,01,202606,1270201930,00121020,1002880209,12121026,0016915,,,,,19470813,2,21,,20231001,20270930,1,1270401167,,,,,,,,,90,100,,,1950,19392,0,,,,1950,2155,0,,,,,,,,,,,,,,,
2,71,7131,02,202606,1270201930,00121020,1002880209,11,7311,220,7,7,,,1540,1540,,,
2,72,7131,02,202606,1270201930,00121020,1002880209,11,6184,410,1,1,,,410,410,,,
2,73,7131,10,202606,1270201930,00121020,1002880209,11,7,1540,1540,410,,,1950,1105,19392,0,1950,2155,0,,,,,,,,,,,,,,,,,,
2,74,7131,01,202606,1270201930,00121061,1003437462,,,,,,,19500915,2,25,,20260604,20270630,1,1270202128,20260603,,,,,,,,90,,,,1089,10829,1204,,,,,,,,,,,,,,,,,,,,,
2,75,7131,02,202606,1270201930,00121061,1003437462,11,7311,220,3,,,,660,,,,
2,76,7131,02,202606,1270201930,00121061,1003437462,11,4001,200,1,,,,200,,,,
2,77,7131,02,202606,1270201930,00121061,1003437462,11,6184,229,1,,,,229,,,,
2,78,7131,10,202606,1270201930,00121061,1003437462,11,3,860,860,229,,,1089,1105,10829,1204,,,,,,,,,,,,,,,,,,,,,
2,79,7131,01,202606,1270201930,00121020,1004016240,,,,,,,19601006,1,22,,20240201,20280131,1,1272102417,,,,,,,,,90,,,,8329,82831,9204,,,,,,,,,,,,,,,,,,,,,
2,80,7131,02,202606,1270201930,00121020,1004016240,11,1211,387,17,,,,6579,,,,
2,81,7131,02,202606,1270201930,00121020,1004016240,11,6184,1750,1,,,,1750,,,,
2,82,7131,10,202606,1270201930,00121020,1004016240,11,17,6579,6579,1750,,,8329,1105,82831,9204,,,,,,,,,,,,,,,,,,,,,
2,83,7131,01,202606,1270201930,00121061,1001491008,,,,,,,19380415,2,21,,20251101,20291031,1,1272102417,,,,,,,,,90,,,,1133,11267,1252,,,,,,,,,,,,,,,,,,,,,
2,84,7131,02,202606,1270201930,00121061,1001491008,11,7211,179,5,,,,895,,,,
2,85,7131,02,202606,1270201930,00121061,1001491008,11,6184,238,1,,,,238,,,,
2,86,7131,10,202606,1270201930,00121061,1001491008,11,5,895,895,238,,,1133,1105,11267,1252,,,,,,,,,,,,,,,,,,,,,
2,87,7131,01,202606,1270201930,00121061,1001616844,,,,,,,19390408,2,21,,20250201,20290131,1,1270201831,20260605,,,,,,,,90,,,,2107,20953,2329,,,,,,,,,,,,,,,,,,,,,
2,88,7131,02,202606,1270201930,00121061,1001616844,11,1111,244,6,,,,1464,,,,
2,89,7131,02,202606,1270201930,00121061,1001616844,11,4001,200,1,,,,200,,,,
2,90,7131,02,202606,1270201930,00121061,1001616844,11,6184,443,1,,,,443,,,,
2,91,7131,10,202606,1270201930,00121061,1001616844,11,6,1664,1664,443,,,2107,1105,20953,2329,,,,,,,,,,,,,,,,,,,,,
2,92,7131,01,202606,1270201930,00121020,1001758620,,,,,,,19400601,1,21,,20260415,20270430,1,1270200031,20260615,,,,,,,,90,,,,532,5290,588,,,,,,,,,,,,,,,,,,,,,
2,93,7131,02,202606,1270201930,00121020,1001758620,11,7311,220,1,,,,220,,,,
2,94,7131,02,202606,1270201930,00121020,1001758620,11,4001,200,1,,,,200,,,,
2,95,7131,02,202606,1270201930,00121020,1001758620,11,6184,112,1,,,,112,,,,
2,96,7131,10,202606,1270201930,00121020,1001758620,11,1,420,420,112,,,532,1105,5290,588,,,,,,,,,,,,,,,,,,,,,
2,97,7131,01,202606,1270201930,00122168,0000797076,,,,,,,19800523,2,24,,20251203,20261231,1,1272102417,,,,,,,,,90,,,,5560,55294,6144,,,,,,,,,,,,,,,,,,,,,
2,98,7131,02,202606,1270201930,00122168,0000797076,11,1111,244,18,,,,4392,,,,
2,99,7131,02,202606,1270201930,00122168,0000797076,11,6184,1168,1,,,,1168,,,,
2,100,7131,10,202606,1270201930,00122168,0000797076,11,17,4392,4392,1168,,,5560,1105,55294,6144,,,,,,,,,,,,,,,,,,,,,
2,101,7131,01,202606,1270201930,00121020,1001447828,,,,,,,19380102,2,21,,20231101,20261031,1,1270201294,,,,,,,,,90,,,,1114,11078,1231,,,,,,,,,,,,,,,,,,,,,
2,102,7131,02,202606,1270201930,00121020,1001447828,11,7311,220,4,,,,880,,,,
2,103,7131,02,202606,1270201930,00121020,1001447828,11,6184,234,1,,,,234,,,,
2,104,7131,10,202606,1270201930,00121020,1001447828,11,4,880,880,234,,,1114,1105,11078,1231,,,,,,,,,,,,,,,,,,,,,
2,105,7131,01,202606,1270201930,00121061,1001995909,,,,,,,19411110,2,21,,20250801,20290731,1,1270601360,,,,,,,,,90,,,,2507,24931,2771,,,,,,,,,,,,,,,,,,,,,
2,106,7131,02,202606,1270201930,00121061,1001995909,11,7311,220,9,,,,1980,,,,
2,107,7131,02,202606,1270201930,00121061,1001995909,11,6184,527,1,,,,527,,,,
2,108,7131,10,202606,1270201930,00121061,1001995909,11,9,1980,1980,527,,,2507,1105,24931,2771,,,,,,,,,,,,,,,,,,,,,
2,109,7131,01,202606,1270201930,00122168,0000194027,,,,,,,19350622,1,21,,20250801,20290731,1,1272102151,,,,,,,,,80,,,,3130,27668,6918,,,,,,,,,,,,,,,,,,,,,
2,110,7131,02,202606,1270201930,00122168,0000194027,11,4111,309,8,,,,2472,,,,
2,111,7131,02,202606,1270201930,00122168,0000194027,11,6184,658,1,,,,658,,,,
2,112,7131,10,202606,1270201930,00122168,0000194027,11,8,2472,2472,658,,,3130,1105,27668,6918,,,,,,,,,,,,,,,,,,,,,
2,113,7131,01,202606,1270201930,00122168,0000302653,,,,,,,19420622,2,24,,20250729,20260731,1,1272102151,,,,,,,,,90,,,,13761,136853,15206,,,,,,,,,,,,,,,,,,,,,
2,114,7131,02,202606,1270201930,00122168,0000302653,11,1211,387,18,,,,6966,,,,
2,115,7131,02,202606,1270201930,00122168,0000302653,11,1111,244,16,,,,3904,,,,
2,116,7131,02,202606,1270201930,00122168,0000302653,11,6184,2891,1,,,,2891,,,,
2,117,7131,10,202606,1270201930,00122168,0000302653,11,17,10870,10870,2891,,,13761,1105,136853,15206,,,,,,,,,,,,,,,,,,,,,
2,118,7131,01,202606,1270201930,00122168,0000219519,,,,,,,19360806,2,21,,20250701,20290630,1,1272100213,,,,,,,,,90,,,,4694,46681,5187,,,,,,,,,,,,,,,,,,,,,
2,119,7131,02,202606,1270201930,00122168,0000219519,11,4111,309,12,,,,3708,,,,
2,120,7131,02,202606,1270201930,00122168,0000219519,11,6184,986,1,,,,986,,,,
2,121,7131,10,202606,1270201930,00122168,0000219519,11,12,3708,3708,986,,,4694,1105,46681,5187,,,,,,,,,,,,,,,,,,,,,
2,122,7131,01,202606,1270201930,00121020,1001600038,,,,,,,19390322,2,25,,20240401,20270331,1,1270202920,,,,,,,,,90,,,,23206,230783,25643,,,,,,,,,,,,,,,,,,,,,
2,123,7131,02,202606,1270201930,00121020,1001600038,11,4112,386,26,,,,10036,,,,
2,124,7131,02,202606,1270201930,00121020,1001600038,11,4111,309,22,,,,6798,,,,
2,125,7131,02,202606,1270201930,00121020,1001600038,11,4211,374,4,,,,1496,,,,
2,126,7131,02,202606,1270201930,00121020,1001600038,11,6184,4876,1,,,,4876,,,,
2,127,7131,10,202606,1270201930,00121020,1001600038,11,26,18330,18330,4876,,,23206,1105,230783,25643,,,,,,,,,,,,,,,,,,,,,
2,128,7131,01,202606,1270201930,00121038,1002416517,,,,,,,19440604,1,22,,20250701,20260630,1,1270302779,,,,,,,,,90,,,,3454,34349,3817,,,,,,,,,,,,,,,,,,,,,
2,129,7131,02,202606,1270201930,00121038,1002416517,11,5211,517,4,,,,2068,,,,
2,130,7131,02,202606,1270201930,00121038,1002416517,11,7311,220,3,,,,660,,,,
2,131,7131,02,202606,1270201930,00121038,1002416517,11,6184,726,1,,,,726,,,,
2,132,7131,10,202606,1270201930,00121038,1002416517,11,7,2728,2728,726,,,3454,1105,34349,3817,,,,,,,,,,,,,,,,,,,,,
2,133,7131,01,202606,1270201930,00121061,1002156048,,,,,,,19421122,2,22,,20250701,20290630,1,1272102417,,,,,,,,,90,,,,1114,11078,1231,,,,,,,,,,,,,,,,,,,,,
2,134,7131,02,202606,1270201930,00121061,1002156048,11,7311,220,4,,,,880,,,,
2,135,7131,02,202606,1270201930,00121061,1002156048,11,6184,234,1,,,,234,,,,
2,136,7131,10,202606,1270201930,00121061,1002156048,11,4,880,880,234,,,1114,1105,11078,1231,,,,,,,,,,,,,,,,,,,,,
2,137,7131,01,202606,1270201930,00121020,1001497468,,,,,,,19380510,2,22,,20251201,20261130,1,1270202227,,,,,,,,,90,,,,4250,42265,4697,,,,,,,,,,,,,,,,,,,,,
2,138,7131,02,202606,1270201930,00121020,1001497468,11,1111,244,9,,,,2196,,,,
2,139,7131,02,202606,1270201930,00121020,1001497468,11,1211,387,3,,,,1161,,,,
2,140,7131,02,202606,1270201930,00121020,1001497468,11,6184,893,1,,,,893,,,,
2,141,7131,10,202606,1270201930,00121020,1001497468,11,12,3357,3357,893,,,4250,1105,42265,4697,,,,,,,,,,,,,,,,,,,,,
2,142,7131,01,202606,1270201930,00121020,1001290632,,,,,,,19361116,2,25,,20250401,20280331,1,1270203662,,,,,,,,,80,,,,3920,34652,8664,,,,,,,,,,,,,,,,,,,,,
2,143,7131,02,202606,1270201930,00121020,1001290632,11,1211,387,8,,,,3096,,,,
2,144,7131,02,202606,1270201930,00121020,1001290632,11,6184,824,1,,,,824,,,,
2,145,7131,10,202606,1270201930,00121020,1001290632,11,8,3096,3096,824,,,3920,1105,34652,8664,,,,,,,,,,,,,,,,,,,,,
2,146,7131,01,202606,1270201930,00121020,1002123675,,,,,,,19420929,2,24,,20260216,20270228,1,1270203860,20260618,,,,,,,,90,,,,1233,12261,1363,,,,,,,,,,,,,,,,,,,,,
2,147,7131,02,202606,1270201930,00121020,1002123675,11,1211,387,2,,,,774,,,,
2,148,7131,02,202606,1270201930,00121020,1002123675,11,4001,200,1,,,,200,,,,
2,149,7131,02,202606,1270201930,00121020,1002123675,11,6184,259,1,,,,259,,,,
2,150,7131,10,202606,1270201930,00121020,1002123675,11,2,974,974,259,,,1233,1105,12261,1363,,,,,,,,,,,,,,,,,,,,,
2,151,7131,01,202606,1270201930,00121020,1001769726,,,,,,,19400617,2,21,,20260501,20290430,1,1270201922,,,,,,,,,90,,,,4409,43847,4872,,,,,,,,,,,,,,,,,,,,,
2,152,7131,02,202606,1270201930,00121020,1001769726,11,1211,387,9,,,,3483,,,,
2,153,7131,02,202606,1270201930,00121020,1001769726,11,6184,926,1,,,,926,,,,
2,154,7131,10,202606,1270201930,00121020,1001769726,11,9,3483,3483,926,,,4409,1105,43847,4872,,,,,,,,,,,,,,,,,,,,,
2,155,7131,01,202606,1270201930,00121038,1003437975,,,,,,,19500920,2,22,,20230701,20270630,1,1270201922,,,,,,,,,90,,,,453,4504,501,,,,,,,,,,,,,,,,,,,,,
2,156,7131,02,202606,1270201930,00121038,1003437975,11,7211,179,2,,,,358,,,,
2,157,7131,02,202606,1270201930,00121038,1003437975,11,6184,95,1,,,,95,,,,
2,158,7131,10,202606,1270201930,00121038,1003437975,11,2,358,358,95,,,453,1105,4504,501,,,,,,,,,,,,,,,,,,,,,
2,159,7131,01,202606,1270201930,00121020,1002487880,,,,,,,19441211,1,21,,20230901,20260831,1,1270203464,,,,,,,,,90,,,,3521,35016,3891,,,,,,,,,,,,,,,,,,,,,
2,160,7131,02,202606,1270201930,00121020,1002487880,11,4111,309,9,,,,2781,,,,
2,161,7131,02,202606,1270201930,00121020,1002487880,11,6184,740,1,,,,740,,,,
2,162,7131,10,202606,1270201930,00121020,1002487880,11,9,2781,2781,740,,,3521,1105,35016,3891,,,,,,,,,,,,,,,,,,,,,
2,163,7131,01,202606,1270201930,00121020,1002272209,,,,,,,19430822,2,21,,20260501,20290430,1,1270601493,,,,,,,,,90,,,,1393,13852,1540,,,,,,,,,,,,,,,,,,,,,
2,164,7131,02,202606,1270201930,00121020,1002272209,11,7311,220,5,,,,1100,,,,
2,165,7131,02,202606,1270201930,00121020,1002272209,11,6184,293,1,,,,293,,,,
2,166,7131,10,202606,1270201930,00121020,1002272209,11,5,1100,1100,293,,,1393,1105,13852,1540,,,,,,,,,,,,,,,,,,,,,
2,167,7131,01,202606,1270201930,00121038,1000568665,,,,,,,19300115,1,25,,20260217,20270228,1,1270302696,,,,,,,,,70,,,,6369,49263,21114,,,,,,,,,,,,,,,,,,,,,
2,168,7131,02,202606,1270201930,00121038,1000568665,11,1211,387,13,,,,5031,,,,
2,169,7131,02,202606,1270201930,00121038,1000568665,11,6184,1338,1,,,,1338,,,,
2,170,7131,10,202606,1270201930,00121038,1000568665,11,13,5031,5031,1338,,,6369,1105,49263,21114,,,,,,,,,,,,,,,,,,,,,
2,171,7131,01,202606,1270201930,00122168,0000732826,,,,,,,19670204,2,22,,20241101,20281031,1,1272100213,,,,,,,,,90,,,,5415,53851,5984,,,,,,,,,,,,,,,,,,,,,
2,172,7131,02,202606,1270201930,00122168,0000732826,11,4111,309,9,,,,2781,,,,
2,173,7131,02,202606,1270201930,00122168,0000732826,11,4211,374,4,,,,1496,,,,
2,174,7131,02,202606,1270201930,00122168,0000732826,11,6184,1138,1,,,,1138,,,,
2,175,7131,10,202606,1270201930,00122168,0000732826,11,13,4277,4277,1138,,,5415,1105,53851,5984,,,,,,,,,,,,,,,,,,,,,
2,176,7131,01,202606,1270201930,00122168,0000192237,,,,,,,19350520,2,21,,20240301,20280229,1,1272102417,,,,,,,,,90,,,,3920,38984,4332,,,,,,,,,,,,,,,,,,,,,
2,177,7131,02,202606,1270201930,00122168,0000192237,11,1211,387,8,,,,3096,,,,
2,178,7131,02,202606,1270201930,00122168,0000192237,11,6184,824,1,,,,824,,,,
2,179,7131,10,202606,1270201930,00122168,0000192237,11,8,3096,3096,824,,,3920,1105,38984,4332,,,,,,,,,,,,,,,,,,,,,
2,180,7131,01,202606,1270201930,00121061,1001540895,,,,,,,19300627,1,23,,20260601,20290531,1,1260190017,,,,,,,,,80,,,,309,2731,683,,,,,,,,,,,,,,,,,,,,,
2,181,7131,02,202606,1270201930,00121061,1001540895,11,1111,244,1,,,,244,,,,
2,182,7131,02,202606,1270201930,00121061,1001540895,11,6184,65,1,,,,65,,,,
2,183,7131,10,202606,1270201930,00121061,1001540895,11,1,244,244,65,,,309,1105,2731,683,,,,,,,,,,,,,,,,,,,,,
2,184,7131,01,202606,1270201930,00121061,1002058012,,,,,,,19370331,2,23,,20260226,20270228,1,1260190017,,,,,,,,,90,,,,5515,54846,6094,,,,,,,,,,,,,,,,,,,,,
2,185,7131,02,202606,1270201930,00121061,1002058012,11,1311,567,7,,,,3969,,,,
2,186,7131,02,202606,1270201930,00121061,1002058012,11,1211,387,1,,,,387,,,,
2,187,7131,02,202606,1270201930,00121061,1002058012,11,6184,1159,1,,,,1159,,,,
2,188,7131,10,202606,1270201930,00121061,1002058012,11,8,4356,4356,1159,,,5515,1105,54846,6094,,,,,,,,,,,,,,,,,,,,,
2,189,7131,01,202606,1270201930,00121020,1002449864,,,,,,,19440925,1,22,,20250101,20271231,1,1270203944,,,,,,,,,90,,,,1726,17164,1908,,,,,,,,,,,,,,,,,,,,,
2,190,7131,02,202606,1270201930,00121020,1002449864,11,1111,244,4,,,,976,,,,
2,191,7131,02,202606,1270201930,00121020,1002449864,11,1211,387,1,,,,387,,,,
2,192,7131,02,202606,1270201930,00121020,1002449864,11,6184,363,1,,,,363,,,,
2,193,7131,10,202606,1270201930,00121020,1002449864,11,5,1363,1363,363,,,1726,1105,17164,1908,,,,,,,,,,,,,,,,,,,,,
2,194,7131,01,202606,1270201930,00122168,0000149294,,,,,,,19290311,2,23,,20231101,20271031,1,1270201922,,,,,,,,,90,,,,927,9218,1025,,,,,,,,,,,,,,,,,,,,,
2,195,7131,02,202606,1270201930,00122168,0000149294,11,1111,244,3,,,,732,,,,
2,196,7131,02,202606,1270201930,00122168,0000149294,11,6184,195,1,,,,195,,,,
2,197,7131,10,202606,1270201930,00122168,0000149294,11,3,732,732,195,,,927,1105,9218,1025,,,,,,,,,,,,,,,,,,,,,
2,198,7131,01,202606,1270201930,00121020,1001349271,,,,,,,19370408,2,23,,20260301,20290228,1,1270201294,,,,,,,,,90,,,,4141,41182,4576,,,,,,,,,,,,,,,,,,,,,
2,199,7131,02,202606,1270201930,00121020,1001349271,11,1111,244,11,,,,2684,,,,
2,200,7131,02,202606,1270201930,00121020,1001349271,11,1211,387,1,,,,387,,,,
2,201,7131,02,202606,1270201930,00121020,1001349271,11,4001,200,1,,,,200,,,,
2,202,7131,02,202606,1270201930,00121020,1001349271,11,6184,870,1,,,,870,,,,
2,203,7131,10,202606,1270201930,00121020,1001349271,11,12,3271,3271,870,,,4141,1105,41182,4576,,,,,,,,,,,,,,,,,,,,,
2,204,7131,01,202606,1270201930,00121020,1002620910,,,,,,,19420708,2,21,,20250918,20260930,1,1270201922,,,,,,,,,90,,,,3920,38984,4332,,,,,,,,,,,,,,,,,,,,,
2,205,7131,02,202606,1270201930,00121020,1002620910,11,1211,387,8,,,,3096,,,,
2,206,7131,02,202606,1270201930,00121020,1002620910,11,6184,824,1,,,,824,,,,
2,207,7131,10,202606,1270201930,00121020,1002620910,11,8,3096,3096,824,,,3920,1105,38984,4332,,,,,,,,,,,,,,,,,,,,,
2,208,7131,01,202606,1270201930,00121061,1000480036,,,,,,,19341207,1,22,,20250401,20280331,1,1272102417,,,,,,,,,90,,,,4942,49148,5461,,,,,,,,,,,,,,,,,,,,,
2,209,7131,02,202606,1270201930,00121061,1000480036,11,1111,244,16,,,,3904,,,,
2,210,7131,02,202606,1270201930,00121061,1000480036,11,6184,1038,1,,,,1038,,,,
2,211,7131,10,202606,1270201930,00121061,1000480036,11,16,3904,3904,1038,,,4942,1105,49148,5461,,,,,,,,,,,,,,,,,,,,,
2,212,7131,01,202606,1270201930,00121020,1002475646,,,,,,,19441126,2,24,,20241101,20281031,1,1270202920,,,,,,,,,90,,,,718,7139,794,,,,,,,,,,,,,,,,,,,,,
2,213,7131,02,202606,1270201930,00121020,1002475646,11,1311,567,1,,,,567,,,,
2,214,7131,02,202606,1270201930,00121020,1002475646,11,6184,151,1,,,,151,,,,
2,215,7131,10,202606,1270201930,00121020,1002475646,11,1,567,567,151,,,718,1105,7139,794,,,,,,,,,,,,,,,,,,,,,
2,216,7131,01,202606,1270201930,00121038,1001413226,,,,,,,19371013,2,24,,20251125,20261130,1,1270404229,,,,,,,,,90,,,,5550,55194,6133,,,,,,,,,,,,,,,,,,,,,
2,217,7131,02,202606,1270201930,00121038,1001413226,11,1312,709,4,,,,2836,,,,
2,218,7131,02,202606,1270201930,00121038,1001413226,11,1211,387,4,,,,1548,,,,
2,219,7131,02,202606,1270201930,00121038,1001413226,11,6184,1166,1,,,,1166,,,,
2,220,7131,10,202606,1270201930,00121038,1001413226,11,4,4384,4384,1166,,,5550,1105,55194,6133,,,,,,,,,,,,,,,,,,,,,
2,221,7131,01,202606,1270201930,00122168,0000296392,,,,,,,19400126,2,21,,20231201,20261130,1,1272100809,,,,,,,,,90,,,,1956,19451,2162,,,,,,,,,,,,,,,,,,,,,
2,222,7131,02,202606,1270201930,00122168,0000296392,11,4111,309,5,,,,1545,,,,
2,223,7131,02,202606,1270201930,00122168,0000296392,11,6184,411,1,,,,411,,,,
2,224,7131,10,202606,1270201930,00122168,0000296392,11,5,1545,1545,411,,,1956,1105,19451,2162,,,,,,,,,,,,,,,,,,,,,
2,225,7131,01,202606,1270201930,00121020,1000351690,,,,,,,19330823,2,21,,20230701,20270630,1,1270201922,,,,,,,,,90,,,,1393,13852,1540,,,,,,,,,,,,,,,,,,,,,
2,226,7131,02,202606,1270201930,00121020,1000351690,11,7311,220,5,,,,1100,,,,
2,227,7131,02,202606,1270201930,00121020,1000351690,11,6184,293,1,,,,293,,,,
2,228,7131,10,202606,1270201930,00121020,1000351690,11,5,1100,1100,293,,,1393,1105,13852,1540,,,,,,,,,,,,,,,,,,,,,
2,229,7131,01,202606,1270201930,00121020,1000349603,,,,,,,19300426,2,21,,20260201,20290131,1,1270200031,,,,,,,,,90,,,,3707,36865,4097,,,,,,,,,,,,,,,,,,,,,
2,230,7131,02,202606,1270201930,00121020,1000349603,11,1111,244,12,,,,2928,,,,
2,231,7131,02,202606,1270201930,00121020,1000349603,11,6184,779,1,,,,779,,,,
2,232,7131,10,202606,1270201930,00121020,1000349603,11,12,2928,2928,779,,,3707,1105,36865,4097,,,,,,,,,,,,,,,,,,,,,
2,233,7131,01,202606,1270201930,00121061,1001117157,,,,,,,19350611,2,21,,20250301,20280229,1,1272102417,,,,,,,,,90,,,,5683,56517,6280,,,,,,,,,,,,,,,,,,,,,
2,234,7131,02,202606,1270201930,00121061,1001117157,11,4111,309,9,,,,2781,,,,
2,235,7131,02,202606,1270201930,00121061,1001117157,11,1111,244,7,,,,1708,,,,
2,236,7131,02,202606,1270201930,00121061,1001117157,11,6184,1194,1,,,,1194,,,,
2,237,7131,10,202606,1270201930,00121061,1001117157,11,16,4489,4489,1194,,,5683,1105,56517,6280,,,,,,,,,,,,,,,,,,,,,
2,238,7131,01,202606,1270201930,00122168,0000750992,,,,,,,19590104,2,24,,20250201,20270131,1,1272102417,,,,,,,,,90,,,,1236,12291,1366,,,,,,,,,,,,,,,,,,,,,
2,239,7131,02,202606,1270201930,00122168,0000750992,11,1111,244,4,,,,976,,,,
2,240,7131,02,202606,1270201930,00122168,0000750992,11,6184,260,1,,,,260,,,,
2,241,7131,10,202606,1270201930,00122168,0000750992,11,4,976,976,260,,,1236,1105,12291,1366,,,,,,,,,,,,,,,,,,,,,
2,242,7131,01,202606,1270201930,00121020,1002846218,,,,,,,19470627,1,21,,20260401,20270331,1,1270300393,,,,,,,,,90,,,,3621,36010,4002,,,,,,,,,,,,,,,,,,,,,
2,243,7131,02,202606,1270201930,00121020,1002846218,11,7311,220,13,,,,2860,,,,
2,244,7131,02,202606,1270201930,00121020,1002846218,11,6184,761,1,,,,761,,,,
2,245,7131,10,202606,1270201930,00121020,1002846218,11,13,2860,2860,761,,,3621,1105,36010,4002,,,,,,,,,,,,,,,,,,,,,
2,246,7131,01,202606,1270201930,00121020,1004787535,12121026,0077933,,,,,19380504,2,21,,20260113,20270131,1,1270600560,,,,,,,,,90,100,,,1960,19492,0,,,,1960,2166,0,,,,,,,,,,,,,,,
2,247,7131,02,202606,1270201930,00121020,1004787535,11,1211,387,4,4,,,1548,1548,,,
2,248,7131,02,202606,1270201930,00121020,1004787535,11,6184,412,1,1,,,412,412,,,
2,249,7131,10,202606,1270201930,00121020,1004787535,11,4,1548,1548,412,,,1960,1105,19492,0,1960,2166,0,,,,,,,,,,,,,,,,,,
2,250,7131,01,202606,1270201930,00121020,1001269594,,,,,,,19360903,1,21,,20251126,20261130,1,1270203621,,,,,,,,,80,,,,1114,9847,2462,,,,,,,,,,,,,,,,,,,,,
2,251,7131,02,202606,1270201930,00121020,1001269594,11,7311,220,4,,,,880,,,,
2,252,7131,02,202606,1270201930,00121020,1001269594,11,4001,200,1,,,,200,,,,
2,253,7131,02,202606,1270201930,00121020,1001269594,11,6184,234,1,,,,234,,,,
2,254,7131,10,202606,1270201930,00121020,1001269594,11,4,880,1080,234,,,1114,1105,9847,2462,,,,,,,,,,,,,,,,,,,,,
2,255,7131,01,202606,1270201930,00121020,1001086675,,,,,,,19410122,1,23,,20240401,20280331,1,1270200064,,,,,,,,,90,,,,13158,130855,14540,,,,,,,,,,,,,,,,,,,,,
2,256,7131,02,202606,1270201930,00121020,1001086675,11,4211,374,12,,,,4488,,,,
2,257,7131,02,202606,1270201930,00121020,1001086675,11,5111,452,8,,,,3616,,,,
2,258,7131,02,202606,1270201930,00121020,1001086675,11,7311,220,9,,,,1980,,,,
2,259,7131,02,202606,1270201930,00121020,1001086675,11,4111,309,1,,,,309,,,,
2,260,7131,02,202606,1270201930,00121020,1001086675,11,6184,2765,1,,,,2765,,,,
2,261,7131,10,202606,1270201930,00121020,1001086675,11,30,10393,10393,2765,,,13158,1105,130855,14540,,,,,,,,,,,,,,,,,,,,,
2,262,7131,01,202606,1270201930,00121061,1003292099,,,,,,,19491101,2,25,,20220701,20260630,1,1270600230,,,,,,,,,90,,,,1545,15364,1708,,,,,,,,,,,,,,,,,,,,,
2,263,7131,02,202606,1270201930,00121061,1003292099,11,1111,244,5,,,,1220,,,,
2,264,7131,02,202606,1270201930,00121061,1003292099,11,6184,325,1,,,,325,,,,
2,265,7131,10,202606,1270201930,00121061,1003292099,11,5,1220,1220,325,,,1545,1105,15364,1708,,,,,,,,,,,,,,,,,,,,,
2,266,7131,01,202606,1270201930,00121020,1002070033,,,,,,,19310405,2,21,,20240101,20271231,1,1270201922,,,,,,,,,90,,,,6148,61141,6794,,,,,,,,,,,,,,,,,,,,,
2,267,7131,02,202606,1270201930,00121020,1002070033,11,1211,387,8,,,,3096,,,,
2,268,7131,02,202606,1270201930,00121020,1002070033,11,7311,220,8,,,,1760,,,,
2,269,7131,02,202606,1270201930,00121020,1002070033,11,6184,1292,1,,,,1292,,,,
2,270,7131,10,202606,1270201930,00121020,1002070033,11,16,4856,4856,1292,,,6148,1105,61141,6794,,,,,,,,,,,,,,,,,,,,,
2,271,7131,01,202606,1270201930,00122168,0000503979,,,,,,,19500620,2,24,,20250101,20271231,1,1272102417,,,,,,,,,90,,,,2780,27647,3072,,,,,,,,,,,,,,,,,,,,,
2,272,7131,02,202606,1270201930,00122168,0000503979,11,1111,244,9,,,,2196,,,,
2,273,7131,02,202606,1270201930,00122168,0000503979,11,6184,584,1,,,,584,,,,
2,274,7131,10,202606,1270201930,00122168,0000503979,11,9,2196,2196,584,,,2780,1105,27647,3072,,,,,,,,,,,,,,,,,,,,,
2,275,7131,01,202606,1270201930,00121020,1001974375,,,,,,,19411009,1,24,,20250201,20290131,1,1270201997,,,,,,,,,90,,,,2780,27647,3072,,,,,,,,,,,,,,,,,,,,,
2,276,7131,02,202606,1270201930,00121020,1001974375,11,1111,244,9,,,,2196,,,,
2,277,7131,02,202606,1270201930,00121020,1001974375,11,6184,584,1,,,,584,,,,
2,278,7131,10,202606,1270201930,00121020,1001974375,11,9,2196,2196,584,,,2780,1105,27647,3072,,,,,,,,,,,,,,,,,,,,,
2,279,7131,01,202606,1270201930,00121020,1000406502,,,,,,,19311109,2,21,,20240701,20280630,1,1270201922,,,,,,,,,90,,,,1114,11078,1231,,,,,,,,,,,,,,,,,,,,,
2,280,7131,02,202606,1270201930,00121020,1000406502,11,7311,220,4,,,,880,,,,
2,281,7131,02,202606,1270201930,00121020,1000406502,11,6184,234,1,,,,234,,,,
2,282,7131,10,202606,1270201930,00121020,1000406502,11,4,880,880,234,,,1114,1105,11078,1231,,,,,,,,,,,,,,,,,,,,,
2,283,7131,01,202606,1270201930,00121061,1004187066,,,,,,,19560413,2,21,,20260109,20270131,1,1270201922,,,,,,,,,90,,,,5086,50580,5620,,,,,,,,,,,,,,,,,,,,,
2,284,7131,02,202606,1270201930,00121061,1004187066,11,4111,309,13,,,,4017,,,,
2,285,7131,02,202606,1270201930,00121061,1004187066,11,6184,1069,1,,,,1069,,,,
2,286,7131,10,202606,1270201930,00121061,1004187066,11,13,4017,4017,1069,,,5086,1105,50580,5620,,,,,,,,,,,,,,,,,,,,,
2,287,7131,01,202606,1270201930,00121061,1001068988,,,,,,,19220506,2,25,,20250801,20260731,1,1270402751,,,,,,,,,90,,,,21400,212823,23647,,,,,,,,,,,,,,,,,,,,,
2,288,7131,02,202606,1270201930,00121061,1001068988,11,1311,567,17,,,,9639,,,,
2,289,7131,02,202606,1270201930,00121061,1001068988,11,1211,387,15,,,,5805,,,,
2,290,7131,02,202606,1270201930,00121061,1001068988,11,1111,244,4,,,,976,,,,
2,291,7131,02,202606,1270201930,00121061,1001068988,11,1212,484,1,,,,484,,,,
2,292,7131,02,202606,1270201930,00121061,1001068988,11,6184,4496,1,,,,4496,,,,
2,293,7131,10,202606,1270201930,00121061,1001068988,11,14,16904,16904,4496,,,21400,1105,212823,23647,,,,,,,,,,,,,,,,,,,,,
2,294,7131,01,202606,1270201930,00121061,1004249403,,,,,,,19360523,2,21,,20250401,20280331,1,1200600029,,,,,,,,,90,,,,1813,18029,2004,,,,,,,,,,,,,,,,,,,,,
2,295,7131,02,202606,1270201930,00121061,1004249403,11,7211,179,8,,,,1432,,,,
2,296,7131,02,202606,1270201930,00121061,1004249403,11,6184,381,1,,,,381,,,,
2,297,7131,10,202606,1270201930,00121061,1004249403,11,8,1432,1432,381,,,1813,1105,18029,2004,,,,,,,,,,,,,,,,,,,,,
2,298,7131,01,202606,1270201930,00121020,1002190815,,,,,,,19430223,2,21,,20250610,20260630,1,1270201922,,,,,,,,,90,,,,1956,19451,2162,,,,,,,,,,,,,,,,,,,,,
2,299,7131,02,202606,1270201930,00121020,1002190815,11,4111,309,5,,,,1545,,,,
2,300,7131,02,202606,1270201930,00121020,1002190815,11,6184,411,1,,,,411,,,,
2,301,7131,10,202606,1270201930,00121020,1002190815,11,5,1545,1545,411,,,1956,1105,19451,2162,,,,,,,,,,,,,,,,,,,,,
2,302,7131,01,202606,1270201930,00121020,1002033684,,,,,,,19420228,2,21,,20260301,20270228,1,1270202607,,,,,,,,,90,,,,1114,11078,1231,,,,,,,,,,,,,,,,,,,,,
2,303,7131,02,202606,1270201930,00121020,1002033684,11,7311,220,4,,,,880,,,,
2,304,7131,02,202606,1270201930,00121020,1002033684,11,6184,234,1,,,,234,,,,
2,305,7131,10,202606,1270201930,00121020,1002033684,11,4,880,880,234,,,1114,1105,11078,1231,,,,,,,,,,,,,,,,,,,,,
2,306,7131,01,202606,1270201930,00121061,1004149991,,,,,,,19710209,2,21,,20251201,20261130,1,1270601410,,,,,,,,,90,,,,2213,22007,2446,,,,,,,,,,,,,,,,,,,,,
2,307,7131,02,202606,1270201930,00121061,1004149991,11,1211,387,4,,,,1548,,,,
2,308,7131,02,202606,1270201930,00121061,1004149991,11,4001,200,1,,,,200,,,,
2,309,7131,02,202606,1270201930,00121061,1004149991,11,6184,465,1,,,,465,,,,
2,310,7131,10,202606,1270201930,00121061,1004149991,11,4,1748,1748,465,,,2213,1105,22007,2446,,,,,,,,,,,,,,,,,,,,,
2,311,7131,01,202606,1270201930,00122168,0000261651,,,,,,,19320122,2,21,,20230901,20270831,1,1272100213,,,,,,,,,90,,,,3621,36010,4002,,,,,,,,,,,,,,,,,,,,,
2,312,7131,02,202606,1270201930,00122168,0000261651,11,7311,220,13,,,,2860,,,,
2,313,7131,02,202606,1270201930,00122168,0000261651,11,6184,761,1,,,,761,,,,
2,314,7131,10,202606,1270201930,00122168,0000261651,11,13,2860,2860,761,,,3621,1105,36010,4002,,,,,,,,,,,,,,,,,,,,,
2,315,7131,01,202606,1270201930,00121061,1003724794,,,,,,,19310120,2,25,,20251201,20261130,1,1270105982,,,,,,,,,90,,,,1960,19492,2166,,,,,,,,,,,,,,,,,,,,,
2,316,7131,02,202606,1270201930,00121061,1003724794,11,1211,387,4,,,,1548,,,,
2,317,7131,02,202606,1270201930,00121061,1003724794,11,6184,412,1,,,,412,,,,
2,318,7131,10,202606,1270201930,00121061,1003724794,11,4,1548,1548,412,,,1960,1105,19492,2166,,,,,,,,,,,,,,,,,,,,,
2,319,7131,01,202606,1270201930,00121020,1004222947,,,,,,,19350320,2,25,,20240901,20280831,1,1270203852,,,,,,,,,90,,,,5251,52220,5803,,,,,,,,,,,,,,,,,,,,,
2,320,7131,02,202606,1270201930,00121020,1004222947,11,1111,244,17,,,,4148,,,,
2,321,7131,02,202606,1270201930,00121020,1004222947,11,6184,1103,1,,,,1103,,,,
2,322,7131,10,202606,1270201930,00121020,1004222947,11,13,4148,4148,1103,,,5251,1105,52220,5803,,,,,,,,,,,,,,,,,,,,,
2,323,7131,01,202606,1270201930,00121061,1001304979,,,,,,,19370101,2,21,,20251106,20261130,1,1270601493,,,,,,,,,90,,,,6538,65019,7225,,,,,,,,,,,,,,,,,,,,,
2,324,7131,02,202606,1270201930,00121061,1001304979,11,5111,452,8,,,,3616,,,,
2,325,7131,02,202606,1270201930,00121061,1001304979,11,1211,387,4,,,,1548,,,,
2,326,7131,02,202606,1270201930,00121061,1001304979,11,6184,1374,1,,,,1374,,,,
2,327,7131,10,202606,1270201930,00121061,1001304979,11,12,5164,5164,1374,,,6538,1105,65019,7225,,,,,,,,,,,,,,,,,,,,,
2,328,7131,01,202606,1270201930,00122168,0000325761,,,,,,,19410325,2,21,,20230901,20270831,1,1272100544,,,,,,,,,90,,,,1960,19492,2166,,,,,,,,,,,,,,,,,,,,,
2,329,7131,02,202606,1270201930,00122168,0000325761,11,1211,387,4,,,,1548,,,,
2,330,7131,02,202606,1270201930,00122168,0000325761,11,6184,412,1,,,,412,,,,
2,331,7131,10,202606,1270201930,00122168,0000325761,11,4,1548,1548,412,,,1960,1105,19492,2166,,,,,,,,,,,,,,,,,,,,,
3,332
