1,1,0,401,711,0,0,1272400142,0,7,202607,1
2,2,7111,202606,1272400142,1,0,01,87,420831,4502856,3996306,72415,434135,,,,,,
2,3,7111,202606,1272400142,2,12,01,15,73382,785180,0,154956,0,,,,,,
2,4,7111,202606,1272400142,2,81,01,1,2228,23839,0,2384,0,,,,,,
2,5,7131,01,202606,1272400142,00122192,1000086412,,,,,,,19470112,2,23,,20240201,20270131,1,1272403419,,,,,,,,,90,,,,4409,42458,4718,,,,,,,,,,,,,,,,,,,,,
2,6,7131,02,202606,1272400142,00122192,1000086412,11,1211,387,9,,,,3483,,,,
2,7,7131,02,202606,1272400142,00122192,1000086412,11,6184,926,1,,,,926,,,,
2,8,7131,10,202606,1272400142,00122192,1000086412,11,9,3483,3483,926,,,4409,1070,42458,4718,,,,,,,,,,,,,,,,,,,,,
2,9,7131,01,202606,1272400142,00122192,1000045255,,,,,,,19370903,2,24,,20260113,20270131,1,1272401876,,,,,,,,,90,,,,23965,230782,25643,,,,,,,,,,,,,,,,,,,,,
2,10,7131,02,202606,1272400142,00122192,1000045255,11,1211,387,30,,,,11610,,,,
2,11,7131,02,202606,1272400142,00122192,1000045255,11,1111,244,30,,,,7320,,,,
2,12,7131,02,202606,1272400142,00122192,1000045255,11,6184,5035,1,,,,5035,,,,
2,13,7131,10,202606,1272400142,00122192,1000045255,11,30,18930,18930,5035,,,23965,1070,230782,25643,,,,,,,,,,,,,,,,,,,,,
2,14,7131,01,202606,1272400142,00122192,1000120478,,,,,,,19650619,1,22,,20250501,20290430,1,1272404110,,,,,,,,,90,,,,8215,79110,8790,,,,,,,,,,,,,,,,,,,,,
2,15,7131,02,202606,1272400142,00122192,1000120478,11,4111,309,21,,,,6489,,,,
2,16,7131,02,202606,1272400142,00122192,1000120478,11,6184,1726,1,,,,1726,,,,
2,17,7131,10,202606,1272400142,00122192,1000120478,11,21,6489,6489,1726,,,8215,1070,79110,8790,,,,,,,,,,,,,,,,,,,,,
2,18,7131,01,202606,1272400142,00122192,1000138221,,,,,,,19591212,2,23,,20251201,20281130,1,1272400506,,,,,,,,,90,,,,3541,34099,3789,,,,,,,,,,,,,,,,,,,,,
2,19,7131,02,202606,1272400142,00122192,1000138221,11,4211,374,5,,,,1870,,,,
2,20,7131,02,202606,1272400142,00122192,1000138221,11,4111,309,3,,,,927,,,,
2,21,7131,02,202606,1272400142,00122192,1000138221,11,6184,744,1,,,,744,,,,
2,22,7131,10,202606,1272400142,00122192,1000138221,11,8,2797,2797,744,,,3541,1070,34099,3789,,,,,,,,,,,,,,,,,,,,,
2,23,7131,01,202606,1272400142,00122192,1000113375,,,,,,,19511219,2,23,,20260119,20270131,1,1272401876,,,,,,,,,70,,,,2289,17144,7348,,,,,,,,,,,,,,,,,,,,,
2,24,7131,02,202606,1272400142,00122192,1000113375,11,5111,452,4,,,,1808,,,,
2,25,7131,02,202606,1272400142,00122192,1000113375,11,6184,481,1,,,,481,,,,
2,26,7131,10,202606,1272400142,00122192,1000113375,11,4,1808,1808,481,,,2289,1070,17144,7348,,,,,,,,,,,,,,,,,,,,,
2,27,7131,01,202606,1272400142,00122192,1000078041,,,,,,,19450118,2,24,,20250717,20260731,1,1272403831,20260604,,,,,,,,90,,,,3608,34744,3861,,,,,,,,,,,,,,,,,,,,,
2,28,7131,02,202606,1272400142,00122192,1000078041,11,1211,387,4,,,,1548,,,,
2,29,7131,02,202606,1272400142,00122192,1000078041,11,4111,309,2,,,,618,,,,
2,30,7131,02,202606,1272400142,00122192,1000078041,11,7311,220,2,,,,440,,,,
2,31,7131,02,202606,1272400142,00122192,1000078041,11,1111,244,1,,,,244,,,,
2,32,7131,02,202606,1272400142,00122192,1000078041,11,6184,758,1,,,,758,,,,
2,33,7131,10,202606,1272400142,00122192,1000078041,11,9,2850,2850,758,,,3608,1070,34744,3861,,,,,,,,,,,,,,,,,,,,,
2,34,7131,01,202606,1272400142,00122192,1000085095,,,,,,,19461020,2,25,,20260301,20300228,1,1272400308,,,,,,,,,90,,,,5560,53542,5950,,,,,,,,,,,,,,,,,,,,,
2,35,7131,02,202606,1272400142,00122192,1000085095,11,1121,488,9,,,,4392,,,,
2,36,7131,02,202606,1272400142,00122192,1000085095,11,6184,1168,1,,,,1168,,,,
2,37,7131,10,202606,1272400142,00122192,1000085095,11,9,4392,4392,1168,,,5560,1070,53542,5950,,,,,,,,,,,,,,,,,,,,,
2,38,7131,01,202606,1272400142,00122192,1000028894,,,,,,,19330821,1,23,,20260601,20290531,1,1272404110,,,,,,,,,90,,,,6460,62209,6913,,,,,,,,,,,,,,,,,,,,,
2,39,7131,02,202606,1272400142,00122192,1000028894,11,1311,567,9,,,,5103,,,,
2,40,7131,02,202606,1272400142,00122192,1000028894,11,6184,1357,1,,,,1357,,,,
2,41,7131,10,202606,1272400142,00122192,1000028894,11,9,5103,5103,1357,,,6460,1070,62209,6913,,,,,,,,,,,,,,,,,,,,,
2,42,7131,01,202606,1272400142,00122192,1000151812,,,,,,,19830127,2,25,,20260501,20300430,1,1272401876,,,,,,,,,90,,,,21682,208797,23200,,,,,,,,,,,,,,,,,,,,,
2,43,7131,02,202606,1272400142,00122192,1000151812,11,4111,309,54,,,,16686,,,,
2,44,7131,02,202606,1272400142,00122192,1000151812,11,7311,220,2,,,,440,,,,
2,45,7131,02,202606,1272400142,00122192,1000151812,11,6711,0,1,,,,0,,,,
2,46,7131,02,202606,1272400142,00122192,1000151812,11,6184,4556,1,,,,4556,,,,
2,47,7131,10,202606,1272400142,00122192,1000151812,11,29,18332,17126,4556,,,21682,1070,208797,23200,,,,,,,,,,,,,,,,,,,,,
2,48,7131,01,202606,1272400142,00122192,1000053781,,,,,,,19340701,1,22,,20250701,20260630,1,1272403732,,,,,,,,,90,,,,2507,24141,2683,,,,,,,,,,,,,,,,,,,,,
2,49,7131,02,202606,1272400142,00122192,1000053781,11,7311,220,9,,,,1980,,,,
2,50,7131,02,202606,1272400142,00122192,1000053781,11,6184,527,1,,,,527,,,,
2,51,7131,10,202606,1272400142,00122192,1000053781,11,9,1980,1980,527,,,2507,1070,24141,2683,,,,,,,,,,,,,,,,,,,,,
2,52,7131,01,202606,1272400142,00122192,1000044580,,,,,,,19430126,2,23,,20251101,20291031,1,1272400167,,,,,,,,,90,,,,12356,118988,13221,,,,,,,,,,,,,,,,,,,,,
2,53,7131,02,202606,1272400142,00122192,1000044580,11,1111,244,40,,,,9760,,,,
2,54,7131,02,202606,1272400142,00122192,1000044580,11,6184,2596,1,,,,2596,,,,
2,55,7131,10,202606,1272400142,00122192,1000044580,11,22,9760,9760,2596,,,12356,1070,118988,13221,,,,,,,,,,,,,,,,,,,,,
2,56,7131,01,202606,1272400142,00122192,1000071228,,,,,,,19430812,2,22,,20241001,20280930,1,1272401876,,,,,,,,,90,,,,1960,18874,2098,,,,,,,,,,,,,,,,,,,,,
2,57,7131,02,202606,1272400142,00122192,1000071228,11,1211,387,4,,,,1548,,,,
2,58,7131,02,202606,1272400142,00122192,1000071228,11,6184,412,1,,,,412,,,,
2,59,7131,10,202606,1272400142,00122192,1000071228,11,4,1548,1548,412,,,1960,1070,18874,2098,,,,,,,,,,,,,,,,,,,,,
2,60,7131,01,202606,1272400142,00122192,1000122478,12123519,0164194,,,,,19531009,1,21,,20240301,20280229,1,1272403229,,,,,,,,,90,100,,,2507,24141,0,,,,2507,2683,0,,,,,,,,,,,,,,,
2,61,7131,02,202606,1272400142,00122192,1000122478,11,7311,220,9,9,,,1980,1980,,,
2,62,7131,02,202606,1272400142,00122192,1000122478,11,6184,527,1,1,,,527,527,,,
2,63,7131,10,202606,1272400142,00122192,1000122478,11,9,1980,1980,527,,,2507,1070,24141,0,2507,2683,0,,,,,,,,,,,,,,,,,,
2,64,7131,01,202606,1272400142,00122192,1000030622,12123519,0111666,,,,,19320925,1,22,,20231001,20260930,1,1272401876,,,,,,,,,90,100,,,3569,34369,0,,,,3569,3819,0,,,,,,,,,,,,,,,
2,65,7131,02,202606,1272400142,00122192,1000030622,11,7311,220,12,12,,,2640,2640,,,
2,66,7131,02,202606,1272400142,00122192,1000030622,11,7211,179,1,1,,,179,179,,,
2,67,7131,02,202606,1272400142,00122192,1000030622,11,6184,750,1,1,,,750,750,,,
2,68,7131,10,202606,1272400142,00122192,1000030622,11,13,2819,2819,750,,,3569,1070,34369,0,3569,3819,0,,,,,,,,,,,,,,,,,,
2,69,7131,01,202606,1272400142,00122192,1000087794,12123519,0139212,,,,,19510825,2,24,,20230301,20270228,1,1210611715,,,,,,,,,90,100,,,15277,147116,0,,,,15277,16347,0,,,,,,,,,,,,,,,
2,70,7131,02,202606,1272400142,00122192,1000087794,11,4211,374,17,17,,,6358,6358,,,
2,71,7131,02,202606,1272400142,00122192,1000087794,11,1111,244,12,12,,,2928,2928,,,
2,72,7131,02,202606,1272400142,00122192,1000087794,11,4111,309,9,9,,,2781,2781,,,
2,73,7131,02,202606,1272400142,00122192,1000087794,11,6184,3210,1,1,,,3210,3210,,,
2,74,7131,10,202606,1272400142,00122192,1000087794,11,26,12067,12067,3210,,,15277,1070,147116,0,15277,16347,0,,,,,,,,,,,,,,,,,,
2,75,7131,01,202606,1272400142,00122192,1000148187,,,,,,,19440215,2,23,,20260101,20281231,1,1272400167,,,,,,,,,90,,,,6178,59493,6611,,,,,,,,,,,,,,,,,,,,,
2,76,7131,02,202606,1272400142,00122192,1000148187,11,1111,244,20,,,,4880,,,,
2,77,7131,02,202606,1272400142,00122192,1000148187,11,6184,1298,1,,,,1298,,,,
2,78,7131,10,202606,1272400142,00122192,1000148187,11,20,4880,4880,1298,,,6178,1070,59493,6611,,,,,,,,,,,,,,,,,,,,,
2,79,7131,01,202606,1272400142,00122192,1000014114,,,,,,,19260518,1,21,,20250801,20260731,1,1272400100,,,,,,,,,90,,,,6369,61333,6815,,,,,,,,,,,,,,,,,,,,,
2,80,7131,02,202606,1272400142,00122192,1000014114,11,1211,387,13,,,,5031,,,,
2,81,7131,02,202606,1272400142,00122192,1000014114,11,6184,1338,1,,,,1338,,,,
2,82,7131,10,202606,1272400142,00122192,1000014114,11,13,5031,5031,1338,,,6369,1070,61333,6815,,,,,,,,,,,,,,,,,,,,,
2,83,7131,01,202606,1272400142,00122192,1000086351,,,,,,,19470102,2,21,,20241201,20281130,1,1272404110,,,,,,,,,90,,,,4184,40291,4477,,,,,,,,,,,,,,,,,,,,,
2,84,7131,02,202606,1272400142,00122192,1000086351,11,7311,220,8,,,,1760,,,,
2,85,7131,02,202606,1272400142,00122192,1000086351,11,4111,309,5,,,,1545,,,,
2,86,7131,02,202606,1272400142,00122192,1000086351,11,6184,879,1,,,,879,,,,
2,87,7131,10,202606,1272400142,00122192,1000086351,11,13,3305,3305,879,,,4184,1070,40291,4477,,,,,,,,,,,,,,,,,,,,,
2,88,7131,01,202606,1272400142,00122192,1000039572,,,,,,,19360209,1,21,,20260114,20270131,1,1272401876,,,,,,,,,80,,,,12087,103464,25866,,,,,,,,,,,,,,,,,,,,,
2,89,7131,02,202606,1272400142,00122192,1000039572,11,4111,309,28,,,,8652,,,,
2,90,7131,02,202606,1272400142,00122192,1000039572,11,7211,179,5,,,,895,,,,
2,91,7131,02,202606,1272400142,00122192,1000039572,11,6184,2540,1,,,,2540,,,,
2,92,7131,10,202606,1272400142,00122192,1000039572,11,29,9547,9547,2540,,,12087,1070,103464,25866,,,,,,,,,,,,,,,,,,,,,
2,93,7131,01,202606,1272400142,00122192,1000136470,,,,,,,19600131,2,22,,20251101,20261031,1,1272401876,,,,,,,,,90,,,,6460,62209,6913,,,,,,,,,,,,,,,,,,,,,
2,94,7131,02,202606,1272400142,00122192,1000136470,11,1311,567,9,,,,5103,,,,
2,95,7131,02,202606,1272400142,00122192,1000136470,11,6184,1357,1,,,,1357,,,,
2,96,7131,10,202606,1272400142,00122192,1000136470,11,9,5103,5103,1357,,,6460,1070,62209,6913,,,,,,,,,,,,,,,,,,,,,
2,97,7131,01,202606,1272400142,00122192,1000046808,,,,,,,19380119,1,21,,20260501,20290430,1,1272401876,20260601,,,,,,,,70,,,,810,6066,2601,,,,,,,,,,,,,,,,,,,,,
2,98,7131,02,202606,1272400142,00122192,1000046808,11,7311,220,2,,,,440,,,,
2,99,7131,02,202606,1272400142,00122192,1000046808,11,4001,200,1,,,,200,,,,
2,100,7131,02,202606,1272400142,00122192,1000046808,11,6184,170,1,,,,170,,,,
2,101,7131,10,202606,1272400142,00122192,1000046808,11,2,640,640,170,,,810,1070,6066,2601,,,,,,,,,,,,,,,,,,,,,
2,102,7131,01,202606,1272400142,00122192,1000081942,12123519,0024380,,,,,19460110,1,21,,20220901,20260831,1,1272400506,,,,,,,,,90,100,,,4409,42458,0,,,,4409,4718,0,,,,,,,,,,,,,,,
2,103,7131,02,202606,1272400142,00122192,1000081942,11,1211,387,9,9,,,3483,3483,,,
2,104,7131,02,202606,1272400142,00122192,1000081942,11,6184,926,1,1,,,926,926,,,
2,105,7131,10,202606,1272400142,00122192,1000081942,11,9,3483,3483,926,,,4409,1070,42458,0,4409,4718,0,,,,,,,,,,,,,,,,,,
2,106,7131,01,202606,1272400142,00122192,1000141692,12123519,0091884,,,,,19580423,1,21,,20231101,20271031,1,1272401876,,,,,,,,,90,100,,,1894,18238,0,,,,1894,2027,0,,,,,,,,,,,,,,,
2,107,7131,02,202606,1272400142,00122192,1000141692,11,4211,374,4,4,,,1496,1496,,,
2,108,7131,02,202606,1272400142,00122192,1000141692,11,6184,398,1,1,,,398,398,,,
2,109,7131,10,202606,1272400142,00122192,1000141692,11,4,1496,1496,398,,,1894,1070,18238,0,1894,2027,0,,,,,,,,,,,,,,,,,,
2,110,7131,01,202606,1272400142,00122192,1000029448,,,,,,,19290206,2,21,,20260301,20270228,1,1272400100,,,,,,,,,90,,,,2507,24141,2683,,,,,,,,,,,,,,,,,,,,,
2,111,7131,02,202606,1272400142,00122192,1000029448,11,7311,220,9,,,,1980,,,,
2,112,7131,02,202606,1272400142,00122192,1000029448,11,6184,527,1,,,,527,,,,
2,113,7131,10,202606,1272400142,00122192,1000029448,11,9,1980,1980,527,,,2507,1070,24141,2683,,,,,,,,,,,,,,,,,,,,,
2,114,7131,01,202606,1272400142,00122192,1000098790,,,,,,,19490228,1,22,,20250717,20260731,1,1272401876,,,,,,,,,90,,,,7930,76365,8486,,,,,,,,,,,,,,,,,,,,,
2,115,7131,02,202606,1272400142,00122192,1000098790,11,1211,387,9,,,,3483,,,,
2,116,7131,02,202606,1272400142,00122192,1000098790,11,4111,309,9,,,,2781,,,,
2,117,7131,02,202606,1272400142,00122192,1000098790,11,6184,1666,1,,,,1666,,,,
2,118,7131,10,202606,1272400142,00122192,1000098790,11,18,6264,6264,1666,,,7930,1070,76365,8486,,,,,,,,,,,,,,,,,,,,,
2,119,7131,01,202606,1272400142,00122192,1000061601,,,,,,,19410927,2,25,,20251101,20291031,1,1272404110,,,,,,,,,90,,,,7723,74372,8264,,,,,,,,,,,,,,,,,,,,,
2,120,7131,02,202606,1272400142,00122192,1000061601,11,1111,244,25,,,,6100,,,,
2,121,7131,02,202606,1272400142,00122192,1000061601,11,6184,1623,1,,,,1623,,,,
2,122,7131,10,202606,1272400142,00122192,1000061601,11,13,6100,6100,1623,,,7723,1070,74372,8264,,,,,,,,,,,,,,,,,,,,,
2,123,7131,01,202606,1272400142,00122192,1000078439,,,,,,,19450218,1,25,,20250912,20260930,1,1272401876,,,,,,,,,90,,,,2162,20819,2314,,,,,,,,,,,,,,,,,,,,,
2,124,7131,02,202606,1272400142,00122192,1000078439,11,1111,244,7,,,,1708,,,,
2,125,7131,02,202606,1272400142,00122192,1000078439,11,6184,454,1,,,,454,,,,
2,126,7131,10,202606,1272400142,00122192,1000078439,11,5,1708,1708,454,,,2162,1070,20819,2314,,,,,,,,,,,,,,,,,,,,,
2,127,7131,01,202606,1272400142,00122192,1000096522,,,,,,,19481005,2,22,,20240401,20270331,1,1272400621,,,,,,,,,90,,,,4427,42631,4737,,,,,,,,,,,,,,,,,,,,,
2,128,7131,02,202606,1272400142,00122192,1000096522,11,4111,309,4,,,,1236,,,,
2,129,7131,02,202606,1272400142,00122192,1000096522,11,1211,387,3,,,,1161,,,,
2,130,7131,02,202606,1272400142,00122192,1000096522,11,7311,220,5,,,,1100,,,,
2,131,7131,02,202606,1272400142,00122192,1000096522,11,6184,930,1,,,,930,,,,
2,132,7131,10,202606,1272400142,00122192,1000096522,11,12,3497,3497,930,,,4427,1070,42631,4737,,,,,,,,,,,,,,,,,,,,,
2,133,7131,01,202606,1272400142,00122192,1000111884,12123519,0189340,,,,,19510816,1,22,,20230401,20270331,1,1272401876,,,,,,,,,90,100,,,2340,22534,0,,,,2340,2504,0,,,,,,,,,,,,,,,
2,134,7131,02,202606,1272400142,00122192,1000111884,11,7311,220,5,5,,,1100,1100,,,
2,135,7131,02,202606,1272400142,00122192,1000111884,11,4211,374,2,2,,,748,748,,,
2,136,7131,02,202606,1272400142,00122192,1000111884,11,6184,492,1,1,,,492,492,,,
2,137,7131,10,202606,1272400142,00122192,1000111884,11,7,1848,1848,492,,,2340,1070,22534,0,2340,2504,0,,,,,,,,,,,,,,,,,,
2,138,7131,01,202606,1272400142,00122291,2290130000,,,,,,,19411018,2,21,,20260201,20300131,1,1273400059,,,,,,,,,90,,,,3456,33281,3698,,,,,,,,,,,,,,,,,,,,,
2,139,7131,02,202606,1272400142,00122291,2290130000,11,4111,309,7,,,,2163,,,,
2,140,7131,02,202606,1272400142,00122291,2290130000,11,1311,567,1,,,,567,,,,
2,141,7131,02,202606,1272400142,00122291,2290130000,11,6184,726,1,,,,726,,,,
2,142,7131,10,202606,1272400142,00122291,2290130000,11,8,2730,2730,726,,,3456,1070,33281,3698,,,,,,,,,,,,,,,,,,,,,
2,143,7131,01,202606,1272400142,00122192,1000098477,12123519,0164871,,,,,19490207,1,22,,20260101,20281231,1,1272400100,,,,,,,,,90,100,,,1393,13414,0,,,,1393,1491,0,,,,,,,,,,,,,,,
2,144,7131,02,202606,1272400142,00122192,1000098477,11,7311,220,5,5,,,1100,1100,,,
2,145,7131,02,202606,1272400142,00122192,1000098477,11,6184,293,1,1,,,293,293,,,
2,146,7131,10,202606,1272400142,00122192,1000098477,11,5,1100,1100,293,,,1393,1070,13414,0,1393,1491,0,,,,,,,,,,,,,,,,,,
2,147,7131,01,202606,1272400142,00122192,1000071209,,,,,,,19430814,2,24,,20250901,20280831,1,1272401876,,,,,,,,,90,,,,1236,11902,1323,,,,,,,,,,,,,,,,,,,,,
2,148,7131,02,202606,1272400142,00122192,1000071209,11,1111,244,4,,,,976,,,,
2,149,7131,02,202606,1272400142,00122192,1000071209,11,6184,260,1,,,,260,,,,
2,150,7131,10,202606,1272400142,00122192,1000071209,11,4,976,976,260,,,1236,1070,11902,1323,,,,,,,,,,,,,,,,,,,,,
2,151,7131,01,202606,1272400142,00122192,1000085544,,,,,,,19461103,2,23,,20260501,20300430,1,1272404110,,,,,,,,,80,,,,2618,22409,5603,,,,,,,,,,,,,,,,,,,,,
2,152,7131,02,202606,1272400142,00122192,1000085544,11,5211,517,4,,,,2068,,,,
2,153,7131,02,202606,1272400142,00122192,1000085544,11,6184,550,1,,,,550,,,,
2,154,7131,10,202606,1272400142,00122192,1000085544,11,4,2068,2068,550,,,2618,1070,22409,5603,,,,,,,,,,,,,,,,,,,,,
2,155,7131,01,202606,1272400142,00122291,1004003882,,,,,,,19560103,2,21,,20240701,20260630,1,1273400059,,,,,,,,,90,,,,7786,74979,8331,,,,,,,,,,,,,,,,,,,,,
2,156,7131,02,202606,1272400142,00122291,1004003882,11,1211,387,14,,,,5418,,,,
2,157,7131,02,202606,1272400142,00122291,1004003882,11,1111,244,3,,,,732,,,,
2,158,7131,02,202606,1272400142,00122291,1004003882,11,6184,1636,1,,,,1636,,,,
2,159,7131,10,202606,1272400142,00122291,1004003882,11,17,6150,6150,1636,,,7786,1070,74979,8331,,,,,,,,,,,,,,,,,,,,,
2,160,7131,01,202606,1272400142,00122192,1000013908,,,,,,,19310730,2,22,,20250201,20290131,1,1272401066,,,,,,,,,90,,,,4942,47591,5288,,,,,,,,,,,,,,,,,,,,,
2,161,7131,02,202606,1272400142,00122192,1000013908,11,1111,244,16,,,,3904,,,,
2,162,7131,02,202606,1272400142,00122192,1000013908,11,6184,1038,1,,,,1038,,,,
2,163,7131,10,202606,1272400142,00122192,1000013908,11,8,3904,3904,1038,,,4942,1070,47591,5288,,,,,,,,,,,,,,,,,,,,,
2,164,7131,01,202606,1272400142,00122291,2290089917,,,,,,,19360827,1,22,,20260201,20270131,1,1273400083,,,,,,,,,90,,,,3920,37749,4195,,,,,,,,,,,,,,,,,,,,,
2,165,7131,02,202606,1272400142,00122291,2290089917,11,1211,387,8,,,,3096,,,,
2,166,7131,02,202606,1272400142,00122291,2290089917,11,6184,824,1,,,,824,,,,
2,167,7131,10,202606,1272400142,00122291,2290089917,11,8,3096,3096,824,,,3920,1070,37749,4195,,,,,,,,,,,,,,,,,,,,,
2,168,7131,01,202606,1272400142,00122192,1000117842,,,,,,,19350305,2,22,,20230301,20270228,1,1272401355,,,,,,,,,90,,,,1393,13414,1491,,,,,,,,,,,,,,,,,,,,,
2,169,7131,02,202606,1272400142,00122192,1000117842,11,7311,220,5,,,,1100,,,,
2,170,7131,02,202606,1272400142,00122192,1000117842,11,6184,293,1,,,,293,,,,
2,171,7131,10,202606,1272400142,00122192,1000117842,11,5,1100,1100,293,,,1393,1070,13414,1491,,,,,,,,,,,,,,,,,,,,,
2,172,7131,01,202606,1272400142,00122192,1000066786,,,,,,,19420522,1,21,,20260406,20270430,1,1272404904,20260613,,,,,,,,90,,,,1118,10765,1197,,,,,,,,,,,,,,,,,,,,,
2,173,7131,02,202606,1272400142,00122192,1000066786,11,4211,374,1,,,,374,,,,
2,174,7131,02,202606,1272400142,00122192,1000066786,11,4111,309,1,,,,309,,,,
2,175,7131,02,202606,1272400142,00122192,1000066786,11,4001,200,1,,,,200,,,,
2,176,7131,02,202606,1272400142,00122192,1000066786,11,6184,235,1,,,,235,,,,
2,177,7131,10,202606,1272400142,00122192,1000066786,11,2,883,883,235,,,1118,1070,10765,1197,,,,,,,,,,,,,,,,,,,,,
2,178,7131,01,202606,1272400142,00122192,1000045662,,,,,,,19371002,2,24,,20240401,20270331,1,1272401876,20260615,,,,,,,,90,,,,2992,28812,3202,,,,,,,,,,,,,,,,,,,,,
2,179,7131,02,202606,1272400142,00122192,1000045662,11,4111,309,7,,,,2163,,,,
2,180,7131,02,202606,1272400142,00122192,1000045662,11,4001,200,1,,,,200,,,,
2,181,7131,02,202606,1272400142,00122192,1000045662,11,6184,629,1,,,,629,,,,
2,182,7131,10,202606,1272400142,00122192,1000045662,11,7,2363,2363,629,,,2992,1070,28812,3202,,,,,,,,,,,,,,,,,,,,,
2,183,7131,01,202606,1272400142,00122192,1000037175,,,,,,,19350618,1,23,,20250603,20260630,1,1272401876,20260615,,,,,,,,90,,,,2992,28812,3202,,,,,,,,,,,,,,,,,,,,,
2,184,7131,02,202606,1272400142,00122192,1000037175,11,4111,309,7,,,,2163,,,,
2,185,7131,02,202606,1272400142,00122192,1000037175,11,4001,200,1,,,,200,,,,
2,186,7131,02,202606,1272400142,00122192,1000037175,11,6184,629,1,,,,629,,,,
2,187,7131,10,202606,1272400142,00122192,1000037175,11,7,2363,2363,629,,,2992,1070,28812,3202,,,,,,,,,,,,,,,,,,,,,
2,188,7131,01,202606,1272400142,00122192,1000072008,,,,,,,19431005,2,21,,20251110,20261130,1,1273400083,,,,,,,,,90,,,,1565,15070,1675,,,,,,,,,,,,,,,,,,,,,
2,189,7131,02,202606,1272400142,00122192,1000072008,11,4111,309,4,,,,1236,,,,
2,190,7131,02,202606,1272400142,00122192,1000072008,11,6184,329,1,,,,329,,,,
2,191,7131,10,202606,1272400142,00122192,1000072008,11,4,1236,1236,329,,,1565,1070,15070,1675,,,,,,,,,,,,,,,,,,,,,
2,192,7131,01,202606,1272400142,00122192,1000043795,,,,,,,19370418,1,22,,20250901,20280831,1,1272400100,,,,,,,,,90,,,,2228,21455,2384,,,,,,,,,,,,,,,,,,,,,
2,193,7131,02,202606,1272400142,00122192,1000043795,11,7311,220,8,,,,1760,,,,
2,194,7131,02,202606,1272400142,00122192,1000043795,11,6184,468,1,,,,468,,,,
2,195,7131,10,202606,1272400142,00122192,1000043795,11,8,1760,1760,468,,,2228,1070,21455,2384,,,,,,,,,,,,,,,,,,,,,
2,196,7131,01,202606,1272400142,00122192,1000042702,,,,,,,19370115,2,21,,20260601,20290531,1,1272404110,,,,,,,,,90,,,,2367,22793,2533,,,,,,,,,,,,,,,,,,,,,
2,197,7131,02,202606,1272400142,00122192,1000042702,11,4211,374,5,,,,1870,,,,
2,198,7131,02,202606,1272400142,00122192,1000042702,11,6184,497,1,,,,497,,,,
2,199,7131,10,202606,1272400142,00122192,1000042702,11,5,1870,1870,497,,,2367,1070,22793,2533,,,,,,,,,,,,,,,,,,,,,
2,200,7131,01,202606,1272400142,00122192,1000036614,,,,,,,19350422,2,21,,20240101,20271231,1,1272401876,,,,,,,,,90,,,,8876,85475,9498,,,,,,,,,,,,,,,,,,,,,
2,201,7131,02,202606,1272400142,00122192,1000036614,11,1211,387,13,,,,5031,,,,
2,202,7131,02,202606,1272400142,00122192,1000036614,11,7311,220,9,,,,1980,,,,
2,203,7131,02,202606,1272400142,00122192,1000036614,11,6184,1865,1,,,,1865,,,,
2,204,7131,10,202606,1272400142,00122192,1000036614,11,18,7011,7011,1865,,,8876,1070,85475,9498,,,,,,,,,,,,,,,,,,,,,
2,205,7131,01,202606,1272400142,00122192,1000124455,,,,,,,19540308,2,22,,20251101,20281031,1,1272403419,,,,,,,,,90,,,,3463,33348,3706,,,,,,,,,,,,,,,,,,,,,
2,206,7131,02,202606,1272400142,00122192,1000124455,11,5111,452,4,,,,1808,,,,
2,207,7131,02,202606,1272400142,00122192,1000124455,11,4111,309,3,,,,927,,,,
2,208,7131,02,202606,1272400142,00122192,1000124455,11,6184,728,1,,,,728,,,,
2,209,7131,10,202606,1272400142,00122192,1000124455,11,7,2735,2735,728,,,3463,1070,33348,3706,,,,,,,,,,,,,,,,,,,,,
2,210,7131,01,202606,1272400142,00122291,2290153325,,,,,,,19440117,2,25,,20230101,20261231,1,1273400059,,,,,,,,,90,,,,1960,18874,2098,,,,,,,,,,,,,,,,,,,,,
2,211,7131,02,202606,1272400142,00122291,2290153325,11,1211,387,4,,,,1548,,,,
2,212,7131,02,202606,1272400142,00122291,2290153325,11,6184,412,1,,,,412,,,,
2,213,7131,10,202606,1272400142,00122291,2290153325,11,4,1548,1548,412,,,1960,1070,18874,2098,,,,,,,,,,,,,,,,,,,,,
2,214,7131,01,202606,1272400142,00122192,1000142061,,,,,,,19360512,2,21,,20231101,20261031,1,1272400100,,,,,,,,,90,,,,2153,20733,2304,,,,,,,,,,,,,,,,,,,,,
2,215,7131,02,202606,1272400142,00122192,1000142061,11,1311,567,3,,,,1701,,,,
2,216,7131,02,202606,1272400142,00122192,1000142061,11,6184,452,1,,,,452,,,,
2,217,7131,10,202606,1272400142,00122192,1000142061,11,3,1701,1701,452,,,2153,1070,20733,2304,,,,,,,,,,,,,,,,,,,,,
2,218,7131,01,202606,1272400142,00122192,1000057057,,,,,,,19401001,2,21,,20230501,20270430,1,1272401876,,,,,,,,,90,,,,8865,85369,9486,,,,,,,,,,,,,,,,,,,,,
2,219,7131,02,202606,1272400142,00122192,1000057057,11,1411,649,9,,,,5841,,,,
2,220,7131,02,202606,1272400142,00122192,1000057057,11,1211,387,3,,,,1161,,,,
2,221,7131,02,202606,1272400142,00122192,1000057057,11,6184,1863,1,,,,1863,,,,
2,222,7131,10,202606,1272400142,00122192,1000057057,11,12,7002,7002,1863,,,8865,1070,85369,9486,,,,,,,,,,,,,,,,,,,,,
2,223,7131,01,202606,1272400142,00122192,1000063417,,,,,,,19420110,1,24,,20251002,20261031,1,1272402700,20260615,,,,,,,,80,,,,2703,23137,5785,,,,,,,,,,,,,,,,,,,,,
2,224,7131,02,202606,1272400142,00122192,1000063417,11,1211,387,5,,,,1935,,,,
2,225,7131,02,202606,1272400142,00122192,1000063417,11,4001,200,1,,,,200,,,,
2,226,7131,02,202606,1272400142,00122192,1000063417,11,6184,568,1,,,,568,,,,
2,227,7131,10,202606,1272400142,00122192,1000063417,11,5,2135,2135,568,,,2703,1070,23137,5785,,,,,,,,,,,,,,,,,,,,,
2,228,7131,01,202606,1272400142,00122192,1000114530,12123519,0086207,,,,,19520213,1,23,,20260501,20290430,1,1272403419,,,,,,,,,90,100,,,1393,13414,0,,,,1393,1491,0,,,,,,,,,,,,,,,
2,229,7131,02,202606,1272400142,00122192,1000114530,11,7311,220,5,5,,,1100,1100,,,
2,230,7131,02,202606,1272400142,00122192,1000114530,11,6184,293,1,1,,,293,293,,,
2,231,7131,10,202606,1272400142,00122192,1000114530,11,5,1100,1100,293,,,1393,1070,13414,0,1393,1491,0,,,,,,,,,,,,,,,,,,
2,232,7131,01,202606,1272400142,00122192,1000063105,,,,,,,19411220,1,21,,20220901,20260831,1,1272401876,,,,,,,,,90,,,,3621,34869,3875,,,,,,,,,,,,,,,,,,,,,
2,233,7131,02,202606,1272400142,00122192,1000063105,11,7311,220,13,,,,2860,,,,
2,234,7131,02,202606,1272400142,00122192,1000063105,11,6184,761,1,,,,761,,,,
2,235,7131,10,202606,1272400142,00122192,1000063105,11,13,2860,2860,761,,,3621,1070,34869,3875,,,,,,,,,,,,,,,,,,,,,
2,236,7131,01,202606,1272400142,00122192,1000016784,81126010,0054353,,,,,19290815,2,23,,20260401,20300331,1,1272401876,,,,,,,,,90,100,,,2228,21455,0,,,,2228,2384,0,,,,,,,,,,,,,,,
2,237,7131,02,202606,1272400142,00122192,1000016784,11,7311,220,8,8,,,1760,1760,,,
2,238,7131,02,202606,1272400142,00122192,1000016784,11,6184,468,1,1,,,468,468,,,
2,239,7131,10,202606,1272400142,00122192,1000016784,11,8,1760,1760,468,,,2228,1070,21455,0,2228,2384,0,,,,,,,,,,,,,,,,,,
2,240,7131,01,202606,1272400142,00122192,1000014173,,,,,,,19310704,2,24,,20260101,20281231,1,1272400167,,,,,,,,,90,,,,1236,11902,1323,,,,,,,,,,,,,,,,,,,,,
2,241,7131,02,202606,1272400142,00122192,1000014173,11,1111,244,4,,,,976,,,,
2,242,7131,02,202606,1272400142,00122192,1000014173,11,6184,260,1,,,,260,,,,
2,243,7131,10,202606,1272400142,00122192,1000014173,11,4,976,976,260,,,1236,1070,11902,1323,,,,,,,,,,,,,,,,,,,,,
2,244,7131,01,202606,1272400142,00122192,1000093481,,,,,,,19480309,1,21,,20260601,20300531,1,1272403419,,,,,,,,,90,,,,1565,15070,1675,,,,,,,,,,,,,,,,,,,,,
2,245,7131,02,202606,1272400142,00122192,1000093481,11,4111,309,4,,,,1236,,,,
2,246,7131,02,202606,1272400142,00122192,1000093481,11,6184,329,1,,,,329,,,,
2,247,7131,10,202606,1272400142,00122192,1000093481,11,4,1236,1236,329,,,1565,1070,15070,1675,,,,,,,,,,,,,,,,,,,,,
2,248,7131,01,202606,1272400142,00122192,1000152835,,,,,,,19680116,2,21,,20260216,20270228,1,1272400100,,,,,,,,,90,,,,4409,42458,4718,,,,,,,,,,,,,,,,,,,,,
2,249,7131,02,202606,1272400142,00122192,1000152835,11,1211,387,9,,,,3483,,,,
2,250,7131,02,202606,1272400142,00122192,1000152835,11,6184,926,1,,,,926,,,,
2,251,7131,10,202606,1272400142,00122192,1000152835,11,9,3483,3483,926,,,4409,1070,42458,4718,,,,,,,,,,,,,,,,,,,,,
2,252,7131,01,202606,1272400142,00122192,1000108943,12123519,0168377,,,,,19510119,2,21,,20241001,20280930,1,1272401876,,,,,,,,,90,100,,,4466,43007,0,,,,4466,4779,0,,,,,,,,,,,,,,,
2,253,7131,02,202606,1272400142,00122192,1000108943,11,7311,220,9,9,,,1980,1980,,,
2,254,7131,02,202606,1272400142,00122192,1000108943,11,1211,387,4,4,,,1548,1548,,,
2,255,7131,02,202606,1272400142,00122192,1000108943,11,6184,938,1,1,,,938,938,,,
2,256,7131,10,202606,1272400142,00122192,1000108943,11,13,3528,3528,938,,,4466,1070,43007,0,4466,4779,0,,,,,,,,,,,,,,,,,,
2,257,7131,01,202606,1272400142,00122291,2290251202,,,,,,,19370910,2,24,,20251017,20261031,1,1272401876,,,,,,,,,90,,,,1236,11902,1323,,,,,,,,,,,,,,,,,,,,,
2,258,7131,02,202606,1272400142,00122291,2290251202,11,1111,244,4,,,,976,,,,
2,259,7131,02,202606,1272400142,00122291,2290251202,11,6184,260,1,,,,260,,,,
2,260,7131,10,202606,1272400142,00122291,2290251202,11,4,976,976,260,,,1236,1070,11902,1323,,,,,,,,,,,,,,,,,,,,,
2,261,7131,01,202606,1272400142,00122192,1000078851,,,,,,,19450401,2,24,,20221101,20261031,1,1272401876,,,,,,,,,90,,,,2471,23795,2644,,,,,,,,,,,,,,,,,,,,,
2,262,7131,02,202606,1272400142,00122192,1000078851,11,1111,244,8,,,,1952,,,,
2,263,7131,02,202606,1272400142,00122192,1000078851,11,6184,519,1,,,,519,,,,
2,264,7131,10,202606,1272400142,00122192,1000078851,11,4,1952,1952,519,,,2471,1070,23795,2644,,,,,,,,,,,,,,,,,,,,,
2,265,7131,01,202606,1272400142,00122192,1000042545,,,,,,,19370103,2,25,,20240801,20280731,1,1272403831,,,,,,,,,90,,,,16244,156429,17381,,,,,,,,,,,,,,,,,,,,,
2,266,7131,02,202606,1272400142,00122192,1000042545,11,1111,244,51,,,,12444,,,,
2,267,7131,02,202606,1272400142,00122192,1000042545,11,1211,387,1,,,,387,,,,
2,268,7131,02,202606,1272400142,00122192,1000042545,11,6184,3413,1,,,,3413,,,,
2,269,7131,10,202606,1272400142,00122192,1000042545,11,26,12831,12831,3413,,,16244,1070,156429,17381,,,,,,,,,,,,,,,,,,,,,
2,270,7131,01,202606,1272400142,00122192,1000078675,,,,,,,19370420,2,23,,20250717,20260731,1,1272401876,,,,,,,,,90,,,,1470,14156,1573,,,,,,,,,,,,,,,,,,,,,
2,271,7131,02,202606,1272400142,00122192,1000078675,11,1211,387,3,,,,1161,,,,
2,272,7131,02,202606,1272400142,00122192,1000078675,11,6184,309,1,,,,309,,,,
2,273,7131,10,202606,1272400142,00122192,1000078675,11,3,1161,1161,309,,,1470,1070,14156,1573,,,,,,,,,,,,,,,,,,,,,
2,274,7131,01,202606,1272400142,00122192,1000047187,12123519,0024398,,,,,19380317,2,23,,20241001,20280930,1,1272403070,,,,,,,,,90,100,,,3822,36805,0,,,,3822,4090,0,,,,,,,,,,,,,,,
2,275,7131,02,202606,1272400142,00122192,1000047187,11,7211,179,8,8,,,1432,1432,,,
2,276,7131,02,202606,1272400142,00122192,1000047187,11,4111,309,3,3,,,927,927,,,
2,277,7131,02,202606,1272400142,00122192,1000047187,11,7311,220,3,3,,,660,660,,,
2,278,7131,02,202606,1272400142,00122192,1000047187,11,6184,803,1,1,,,803,803,,,
2,279,7131,10,202606,1272400142,00122192,1000047187,11,11,3019,3019,803,,,3822,1070,36805,0,3822,4090,0,,,,,,,,,,,,,,,,,,
2,280,7131,01,202606,1272400142,00122192,1000014027,,,,,,,19320128,2,22,,20240201,20280131,1,1272403419,,,,,,,,,90,,,,4016,38673,4298,,,,,,,,,,,,,,,,,,,,,
2,281,7131,02,202606,1272400142,00122192,1000014027,11,1111,244,13,,,,3172,,,,
2,282,7131,02,202606,1272400142,00122192,1000014027,11,6184,844,1,,,,844,,,,
2,283,7131,10,202606,1272400142,00122192,1000014027,11,13,3172,3172,844,,,4016,1070,38673,4298,,,,,,,,,,,,,,,,,,,,,
2,284,7131,01,202606,1272400142,00122192,1000097555,12123519,0156398,,,,,19481212,1,22,,20250401,20290331,1,1272401876,,,,,,,,,90,100,,,2507,24141,0,,,,2507,2683,0,,,,,,,,,,,,,,,
2,285,7131,02,202606,1272400142,00122192,1000097555,11,7311,220,9,9,,,1980,1980,,,
2,286,7131,02,202606,1272400142,00122192,1000097555,11,6184,527,1,1,,,527,527,,,
2,287,7131,10,202606,1272400142,00122192,1000097555,11,9,1980,1980,527,,,2507,1070,24141,0,2507,2683,0,,,,,,,,,,,,,,,,,,
2,288,7131,01,202606,1272400142,00122192,1000039343,12123519,0172437,,,,,19360123,1,21,,20231201,20271130,1,1272403419,,,,,,,,,90,100,,,3912,37672,0,,,,3912,4186,0,,,,,,,,,,,,,,,
2,289,7131,02,202606,1272400142,00122192,1000039343,11,4111,309,10,10,,,3090,3090,,,
2,290,7131,02,202606,1272400142,00122192,1000039343,11,6184,822,1,1,,,822,822,,,
2,291,7131,10,202606,1272400142,00122192,1000039343,11,10,3090,3090,822,,,3912,1070,37672,0,3912,4186,0,,,,,,,,,,,,,,,,,,
2,292,7131,01,202606,1272400142,00122192,1000057898,12123519,0172445,,,,,19401120,2,23,,20260201,20300131,1,1272403419,,,,,,,,,90,100,,,3912,37672,0,,,,3912,4186,0,,,,,,,,,,,,,,,
2,293,7131,02,202606,1272400142,00122192,1000057898,11,4111,309,10,10,,,3090,3090,,,
2,294,7131,02,202606,1272400142,00122192,1000057898,11,6184,822,1,1,,,822,822,,,
2,295,7131,10,202606,1272400142,00122192,1000057898,11,10,3090,3090,822,,,3912,1070,37672,0,3912,4186,0,,,,,,,,,,,,,,,,,,
2,296,7131,01,202606,1272400142,00122192,1000060217,,,,,,,19410518,2,25,,20250701,20290630,1,1272400308,,,,,,,,,90,,,,6178,59493,6611,,,,,,,,,,,,,,,,,,,,,
2,297,7131,02,202606,1272400142,00122192,1000060217,11,1111,244,20,,,,4880,,,,
2,298,7131,02,202606,1272400142,00122192,1000060217,11,6184,1298,1,,,,1298,,,,
2,299,7131,10,202606,1272400142,00122192,1000060217,11,20,4880,4880,1298,,,6178,1070,59493,6611,,,,,,,,,,,,,,,,,,,,,
2,300,7131,01,202606,1272400142,00122192,H351000754,12123519,0068742,,,,,19630410,1,24,,20260319,20270331,1,1272401876,,,,,,,,,,100,,,7937,0,0,,,,7937,84925,0,,,,,,,,,,,,,,,
2,301,7131,02,202606,1272400142,00122192,H351000754,11,4211,374,15,15,,,5610,5610,,,
2,302,7131,02,202606,1272400142,00122192,H351000754,11,4311,439,1,1,,,439,439,,,
2,303,7131,02,202606,1272400142,00122192,H351000754,11,7311,220,1,1,,,220,220,,,
2,304,7131,02,202606,1272400142,00122192,H351000754,11,6184,1668,1,1,,,1668,1668,,,
2,305,7131,10,202606,1272400142,00122192,H351000754,11,17,6269,6269,1668,,,7937,1070,0,0,7937,84925,0,,,,,,,,,,,,,,,,,,
2,306,7131,01,202606,1272400142,00122192,1000056295,,,,,,,19400720,1,21,,20240401,20270331,1,1272403419,,,,,,,,,90,,,,1114,10727,1192,,,,,,,,,,,,,,,,,,,,,
2,307,7131,02,202606,1272400142,00122192,1000056295,11,7311,220,4,,,,880,,,,
2,308,7131,02,202606,1272400142,00122192,1000056295,11,6184,234,1,,,,234,,,,
2,309,7131,10,202606,1272400142,00122192,1000056295,11,4,880,880,234,,,1114,1070,10727,1192,,,,,,,,,,,,,,,,,,,,,
2,310,7131,01,202606,1272400142,00122192,1000074440,,,,,,,19440401,2,23,,20251101,20281031,1,1272400837,,,,,,,,,90,,,,9662,93044,10339,,,,,,,,,,,,,,,,,,,,,
2,311,7131,02,202606,1272400142,00122192,1000074440,11,1311,567,8,,,,4536,,,,
2,312,7131,02,202606,1272400142,00122192,1000074440,11,1211,387,8,,,,3096,,,,
2,313,7131,02,202606,1272400142,00122192,1000074440,11,6184,2030,1,,,,2030,,,,
2,314,7131,10,202606,1272400142,00122192,1000074440,11,16,7632,7632,2030,,,9662,1070,93044,10339,,,,,,,,,,,,,,,,,,,,,
2,315,7131,01,202606,1272400142,00122192,1000068805,,,,,,,19430207,2,24,,20250826,20260831,1,1272401876,,,,,,,,,90,,,,7145,68805,7646,,,,,,,,,,,,,,,,,,,,,
2,316,7131,02,202606,1272400142,00122192,1000068805,11,5111,452,12,,,,5424,,,,
2,317,7131,02,202606,1272400142,00122192,1000068805,11,7311,220,1,,,,220,,,,
2,318,7131,02,202606,1272400142,00122192,1000068805,11,6184,1501,1,,,,1501,,,,
2,319,7131,10,202606,1272400142,00122192,1000068805,11,13,5644,5644,1501,,,7145,1070,68805,7646,,,,,,,,,,,,,,,,,,,,,
2,320,7131,01,202606,1272400142,00122192,1000064315,,,,,,,19350716,2,22,,20251201,20261130,1,1272401876,,,,,,,,,90,,,,1489,14338,1594,,,,,,,,,,,,,,,,,,,,,
2,321,7131,02,202606,1272400142,00122192,1000064315,11,1111,244,4,,,,976,,,,
2,322,7131,02,202606,1272400142,00122192,1000064315,11,4001,200,1,,,,200,,,,
2,323,7131,02,202606,1272400142,00122192,1000064315,11,6184,313,1,,,,313,,,,
2,324,7131,10,202606,1272400142,00122192,1000064315,11,2,1176,1176,313,,,1489,1070,14338,1594,,,,,,,,,,,,,,,,,,,,,
2,325,7131,01,202606,1272400142,00122192,1000041990,,,,,,,19351119,1,21,,20250731,20260731,1,1272403419,,,,,,,,,90,,,,4071,39203,4356,,,,,,,,,,,,,,,,,,,,,
2,326,7131,02,202606,1272400142,00122192,1000041990,11,7311,220,9,,,,1980,,,,
2,327,7131,02,202606,1272400142,00122192,1000041990,11,4111,309,4,,,,1236,,,,
2,328,7131,02,202606,1272400142,00122192,1000041990,11,6184,855,1,,,,855,,,,
2,329,7131,10,202606,1272400142,00122192,1000041990,11,13,3216,3216,855,,,4071,1070,39203,4356,,,,,,,,,,,,,,,,,,,,,
2,330,7131,01,202606,1272400142,00122192,1000052275,12123519,0137786,,,,,19390715,2,22,,20231101,20271031,1,1272400506,,,,,,,,,90,100,,,14044,135243,0,,,,14044,15027,0,,,,,,,,,,,,,,,
2,331,7131,02,202606,1272400142,00122192,1000052275,11,1111,244,29,29,,,7076,7076,,,
2,332,7131,02,202606,1272400142,00122192,1000052275,11,4111,309,13,13,,,4017,4017,,,
2,333,7131,02,202606,1272400142,00122192,1000052275,11,6184,2951,1,1,,,2951,2951,,,
2,334,7131,10,202606,1272400142,00122192,1000052275,11,29,11093,11093,2951,,,14044,1070,135243,0,14044,15027,0,,,,,,,,,,,,,,,,,,
2,335,7131,01,202606,1272400142,00122192,1000082243,,,,,,,19490720,2,22,,20220801,20260731,1,1272401876,,,,,,,,,90,,,,1393,13414,1491,,,,,,,,,,,,,,,,,,,,,
2,336,7131,02,202606,1272400142,00122192,1000082243,11,7311,220,5,,,,1100,,,,
2,337,7131,02,202606,1272400142,00122192,1000082243,11,6184,293,1,,,,293,,,,
2,338,7131,10,202606,1272400142,00122192,1000082243,11,5,1100,1100,293,,,1393,1070,13414,1491,,,,,,,,,,,,,,,,,,,,,
2,339,7131,01,202606,1272400142,00122192,1000124602,,,,,,,19540317,2,21,,20240701,20270630,1,1272403419,,,,,,,,,90,,,,4635,44634,4960,,,,,,,,,,,,,,,,,,,,,
2,340,7131,02,202606,1272400142,00122192,1000124602,11,4111,309,9,,,,2781,,,,
2,341,7131,02,202606,1272400142,00122192,1000124602,11,7311,220,4,,,,880,,,,
2,342,7131,02,202606,1272400142,00122192,1000124602,11,6184,974,1,,,,974,,,,
2,343,7131,10,202606,1272400142,00122192,1000124602,11,13,3661,3661,974,,,4635,1070,44634,4960,,,,,,,,,,,,,,,,,,,,,
2,344,7131,01,202606,1272400142,00122192,1000051276,,,,,,,19330127,2,22,,20241001,20270930,1,1272400506,,,,,,,,,90,,,,5150,49594,5511,,,,,,,,,,,,,,,,,,,,,
2,345,7131,02,202606,1272400142,00122192,1000051276,11,5111,452,9,,,,4068,,,,
2,346,7131,02,202606,1272400142,00122192,1000051276,11,6184,1082,1,,,,1082,,,,
2,347,7131,10,202606,1272400142,00122192,1000051276,11,9,4068,4068,1082,,,5150,1070,49594,5511,,,,,,,,,,,,,,,,,,,,,
2,348,7131,01,202606,1272400142,00122192,1000051657,,,,,,,19390506,2,21,,20250401,20280331,1,1272403419,,,,,,,,,90,,,,1393,13414,1491,,,,,,,,,,,,,,,,,,,,,
2,349,7131,02,202606,1272400142,00122192,1000051657,11,7311,220,5,,,,1100,,,,
2,350,7131,02,202606,1272400142,00122192,1000051657,11,6184,293,1,,,,293,,,,
2,351,7131,10,202606,1272400142,00122192,1000051657,11,5,1100,1100,293,,,1393,1070,13414,1491,,,,,,,,,,,,,,,,,,,,,
2,352,7131,01,202606,1272400142,00122192,1000046457,,,,,,,19380120,1,21,,20250401,20290331,1,1272403419,,,,,,,,,90,,,,1114,10727,1192,,,,,,,,,,,,,,,,,,,,,
2,353,7131,02,202606,1272400142,00122192,1000046457,11,7311,220,4,,,,880,,,,
2,354,7131,02,202606,1272400142,00122192,1000046457,11,6184,234,1,,,,234,,,,
2,355,7131,10,202606,1272400142,00122192,1000046457,11,4,880,880,234,,,1114,1070,10727,1192,,,,,,,,,,,,,,,,,,,,,
2,356,7131,01,202606,1272400142,00122192,1000014778,,,,,,,19290205,2,25,,20260401,20290331,1,1272401876,,,,,,,,,90,,,,4409,42458,4718,,,,,,,,,,,,,,,,,,,,,
2,357,7131,02,202606,1272400142,00122192,1000014778,11,1211,387,9,,,,3483,,,,
2,358,7131,02,202606,1272400142,00122192,1000014778,11,6184,926,1,,,,926,,,,
2,359,7131,10,202606,1272400142,00122192,1000014778,11,9,3483,3483,926,,,4409,1070,42458,4718,,,,,,,,,,,,,,,,,,,,,
2,360,7131,01,202606,1272400142,00122192,1000046632,,,,,,,19380130,1,22,,20230201,20270131,1,1273400083,,,,,,,,,70,,,,11029,82607,35403,,,,,,,,,,,,,,,,,,,,,
2,361,7131,02,202606,1272400142,00122192,1000046632,11,4211,374,18,,,,6732,,,,
2,362,7131,02,202606,1272400142,00122192,1000046632,11,7311,220,9,,,,1980,,,,
2,363,7131,02,202606,1272400142,00122192,1000046632,11,6184,2317,1,,,,2317,,,,
2,364,7131,10,202606,1272400142,00122192,1000046632,11,18,8712,8712,2317,,,11029,1070,82607,35403,,,,,,,,,,,,,,,,,,,,,
2,365,7131,01,202606,1272400142,00122192,1000047026,,,,,,,19380212,2,24,,20260101,20281231,1,1272401876,,,,,,,,,90,,,,6487,62469,6941,,,,,,,,,,,,,,,,,,,,,
2,366,7131,02,202606,1272400142,00122192,1000047026,11,1111,244,21,,,,5124,,,,
2,367,7131,02,202606,1272400142,00122192,1000047026,11,6184,1363,1,,,,1363,,,,
2,368,7131,10,202606,1272400142,00122192,1000047026,11,21,5124,5124,1363,,,6487,1070,62469,6941,,,,,,,,,,,,,,,,,,,,,
2,369,7131,01,202606,1272400142,00122192,1000050001,,,,,,,19381215,2,23,,20240601,20270531,1,1210611715,,,,,,,,,90,,,,9149,88104,9790,,,,,,,,,,,,,,,,,,,,,
2,370,7131,02,202606,1272400142,00122192,1000050001,11,1211,387,13,,,,5031,,,,
2,371,7131,02,202606,1272400142,00122192,1000050001,11,1111,244,9,,,,2196,,,,
2,372,7131,02,202606,1272400142,00122192,1000050001,11,6184,1922,1,,,,1922,,,,
2,373,7131,10,202606,1272400142,00122192,1000050001,11,22,7227,7227,1922,,,9149,1070,88104,9790,,,,,,,,,,,,,,,,,,,,,
2,374,7131,01,202606,1272400142,00122192,1000041020,,,,,,,19360801,1,23,,20231201,20261130,1,1210611715,,,,,,,,,80,,,,1545,13224,3307,,,,,,,,,,,,,,,,,,,,,
2,375,7131,02,202606,1272400142,00122192,1000041020,11,1111,244,5,,,,1220,,,,
2,376,7131,02,202606,1272400142,00122192,1000041020,11,6184,325,1,,,,325,,,,
2,377,7131,10,202606,1272400142,00122192,1000041020,11,5,1220,1220,325,,,1545,1070,13224,3307,,,,,,,,,,,,,,,,,,,,,
2,378,7131,01,202606,1272400142,00122192,1000042631,,,,,,,19370125,1,22,,20251101,20261031,1,1272401876,20260603,,,,,,,,90,,,,1262,12152,1351,,,,,,,,,,,,,,,,,,,,,
2,379,7131,02,202606,1272400142,00122192,1000042631,11,4111,309,2,,,,618,,,,
2,380,7131,02,202606,1272400142,00122192,1000042631,11,4001,200,1,,,,200,,,,
2,381,7131,02,202606,1272400142,00122192,1000042631,11,7211,179,1,,,,179,,,,
2,382,7131,02,202606,1272400142,00122192,1000042631,11,6184,265,1,,,,265,,,,
2,383,7131,10,202606,1272400142,00122192,1000042631,11,3,997,997,265,,,1262,1070,12152,1351,,,,,,,,,,,,,,,,,,,,,
2,384,7131,01,202606,1272400142,00122192,1000030092,,,,,,,19320929,2,21,,20260401,20270331,1,1272401876,20260602,,,,,,,,80,,,,1818,15561,3891,,,,,,,,,,,,,,,,,,,,,
2,385,7131,02,202606,1272400142,00122192,1000030092,11,4111,309,4,,,,1236,,,,
2,386,7131,02,202606,1272400142,00122192,1000030092,11,4001,200,1,,,,200,,,,
2,387,7131,02,202606,1272400142,00122192,1000030092,11,6184,382,1,,,,382,,,,
2,388,7131,10,202606,1272400142,00122192,1000030092,11,4,1436,1436,382,,,1818,1070,15561,3891,,,,,,,,,,,,,,,,,,,,,
2,389,7131,01,202606,1272400142,00122192,1000123638,,,,,,,19540117,2,21,,20240101,20261231,1,1273400083,,,,,,,,,90,,,,2699,25991,2888,,,,,,,,,,,,,,,,,,,,,
2,390,7131,02,202606,1272400142,00122192,1000123638,11,4111,309,4,,,,1236,,,,
2,391,7131,02,202606,1272400142,00122192,1000123638,11,7212,224,4,,,,896,,,,
2,392,7131,02,202606,1272400142,00122192,1000123638,11,6184,567,1,,,,567,,,,
2,393,7131,10,202606,1272400142,00122192,1000123638,11,8,2132,2132,567,,,2699,1070,25991,2888,,,,,,,,,,,,,,,,,,,,,
2,394,7131,01,202606,1272400142,00122192,1000050359,,,,,,,19390125,1,21,,20251201,20281130,1,1272400100,,,,,,,,,80,,,,3521,30139,7535,,,,,,,,,,,,,,,,,,,,,
2,395,7131,02,202606,1272400142,00122192,1000050359,11,4111,309,9,,,,2781,,,,
2,396,7131,02,202606,1272400142,00122192,1000050359,11,6184,740,1,,,,740,,,,
2,397,7131,10,202606,1272400142,00122192,1000050359,11,9,2781,2781,740,,,3521,1070,30139,7535,,,,,,,,,,,,,,,,,,,,,
2,398,7131,01,202606,1272400142,00122192,1000140777,,,,,,,19581123,2,24,,20240201,20280131,1,1272403419,,,,,,,,,90,,,,7605,73235,8138,,,,,,,,,,,,,,,,,,,,,
2,399,7131,02,202606,1272400142,00122192,1000140777,11,1211,387,13,,,,5031,,,,
2,400,7131,02,202606,1272400142,00122192,1000140777,11,1111,244,4,,,,976,,,,
2,401,7131,02,202606,1272400142,00122192,1000140777,11,6184,1598,1,,,,1598,,,,
2,402,7131,10,202606,1272400142,00122192,1000140777,11,17,6007,6007,1598,,,7605,1070,73235,8138,,,,,,,,,,,,,,,,,,,,,
3,403
